observation,marker,gpu_ns,gpu_sample_count
0,VSM.MarkReceiverPages,726528,1
0,VSM.Allocate,11297792,1
0,VSM.ClearPhysicalPages,472320,1
0,VSM.PageOccupancy,66560,1
0,VSM.FinalizePages,2048,1
0,VSM.DynamicRaster,93440,1
0,VSM.LayoutRemap,2560,1
0,VSM.InvalidateStatic,2048,1
0,VSM.StaticCasterCull,170496,1
0,VSM.DynamicCasterCull,0,1
0,VSM.PageCull,151040,1
0,VSM.StaticRasterClear,0,1
0,VSM.StaticRasterDraw,28002304,1
0,VSM.DynamicRasterClear,93440,1
0,VSM.DynamicRasterDraw,0,1
0,VSM.StaticRaster,28002304,1
0,VSM.UnityCompatibilityRaster,0,0
0,VSM.Resolve,5035776,1
0,VSM.ResolveTrace,4900864,1
0,VSM.FilterHorizontal,63744,1
0,VSM.FilterVertical,0,0
0,VSM.FilterTemporalVertical,71168,1
0,VSM.ResetFeedback,1792,1
1,VSM.MarkReceiverPages,1043200,1
1,VSM.Allocate,11323904,1
1,VSM.ClearPhysicalPages,472832,1
1,VSM.PageOccupancy,66304,1
1,VSM.FinalizePages,2048,1
1,VSM.DynamicRaster,92416,1
1,VSM.LayoutRemap,2304,1
1,VSM.InvalidateStatic,2304,1
1,VSM.StaticCasterCull,182016,1
1,VSM.DynamicCasterCull,0,1
1,VSM.PageCull,161536,1
1,VSM.StaticRasterClear,256,1
1,VSM.StaticRasterDraw,27961344,1
1,VSM.DynamicRasterClear,92416,1
1,VSM.DynamicRasterDraw,0,1
1,VSM.StaticRaster,27961600,1
1,VSM.UnityCompatibilityRaster,0,0
1,VSM.Resolve,5046016,1
1,VSM.ResolveTrace,4913408,1
1,VSM.FilterHorizontal,63488,1
1,VSM.FilterVertical,0,0
1,VSM.FilterTemporalVertical,68864,1
1,VSM.ResetFeedback,2048,1
2,VSM.MarkReceiverPages,996096,1
2,VSM.Allocate,11326976,1
2,VSM.ClearPhysicalPages,473600,1
2,VSM.PageOccupancy,67328,1
2,VSM.FinalizePages,2048,1
2,VSM.DynamicRaster,10496,1
2,VSM.LayoutRemap,2304,1
2,VSM.InvalidateStatic,2048,1
2,VSM.StaticCasterCull,184320,1
2,VSM.DynamicCasterCull,0,1
2,VSM.PageCull,164864,1
2,VSM.StaticRasterClear,0,1
2,VSM.StaticRasterDraw,28005888,1
2,VSM.DynamicRasterClear,10496,1
2,VSM.DynamicRasterDraw,0,1
2,VSM.StaticRaster,28005888,1
2,VSM.UnityCompatibilityRaster,0,0
2,VSM.Resolve,5377792,1
2,VSM.ResolveTrace,5241088,1
2,VSM.FilterHorizontal,64256,1
2,VSM.FilterVertical,0,0
2,VSM.FilterTemporalVertical,71680,1
2,VSM.ResetFeedback,2048,1
3,VSM.MarkReceiverPages,726016,1
3,VSM.Allocate,11204096,1
3,VSM.ClearPhysicalPages,474368,1
3,VSM.PageOccupancy,75264,1
3,VSM.FinalizePages,2048,1
3,VSM.DynamicRaster,86016,1
3,VSM.LayoutRemap,2560,1
3,VSM.InvalidateStatic,2048,1
3,VSM.StaticCasterCull,181760,1
3,VSM.DynamicCasterCull,0,1
3,VSM.PageCull,162304,1
3,VSM.StaticRasterClear,256,1
3,VSM.StaticRasterDraw,27723008,1
3,VSM.DynamicRasterClear,85760,1
3,VSM.DynamicRasterDraw,0,1
3,VSM.StaticRaster,27723264,1
3,VSM.UnityCompatibilityRaster,0,0
3,VSM.Resolve,5056512,1
3,VSM.ResolveTrace,4923648,1
3,VSM.FilterHorizontal,63744,1
3,VSM.FilterVertical,0,0
3,VSM.FilterTemporalVertical,69120,1
3,VSM.ResetFeedback,2048,1
4,VSM.MarkReceiverPages,724224,1
4,VSM.Allocate,11226368,1
4,VSM.ClearPhysicalPages,471552,1
4,VSM.PageOccupancy,66560,1
4,VSM.FinalizePages,2304,1
4,VSM.DynamicRaster,84736,1
4,VSM.LayoutRemap,2304,1
4,VSM.InvalidateStatic,2048,1
4,VSM.StaticCasterCull,171264,1
4,VSM.DynamicCasterCull,0,1
4,VSM.PageCull,151808,1
4,VSM.StaticRasterClear,0,1
4,VSM.StaticRasterDraw,27441664,1
4,VSM.DynamicRasterClear,84736,1
4,VSM.DynamicRasterDraw,0,1
4,VSM.StaticRaster,27441920,1
4,VSM.UnityCompatibilityRaster,0,0
4,VSM.Resolve,5367296,1
4,VSM.ResolveTrace,5230848,1
4,VSM.FilterHorizontal,64256,1
4,VSM.FilterVertical,0,0
4,VSM.FilterTemporalVertical,71168,1
4,VSM.ResetFeedback,2560,1
5,VSM.MarkReceiverPages,1159168,1
5,VSM.Allocate,11376640,1
5,VSM.ClearPhysicalPages,475904,1
5,VSM.PageOccupancy,67584,1
5,VSM.FinalizePages,2304,1
5,VSM.DynamicRaster,10240,1
5,VSM.LayoutRemap,2304,1
5,VSM.InvalidateStatic,2816,1
5,VSM.StaticCasterCull,182528,1
5,VSM.DynamicCasterCull,512,1
5,VSM.PageCull,163072,1
5,VSM.StaticRasterClear,0,1
5,VSM.StaticRasterDraw,27783680,1
5,VSM.DynamicRasterClear,10240,1
5,VSM.DynamicRasterDraw,0,1
5,VSM.StaticRaster,27783936,1
5,VSM.UnityCompatibilityRaster,0,0
5,VSM.Resolve,5021696,1
5,VSM.ResolveTrace,4888064,1
5,VSM.FilterHorizontal,64000,1
5,VSM.FilterVertical,0,0
5,VSM.FilterTemporalVertical,69120,1
5,VSM.ResetFeedback,2048,1
6,VSM.MarkReceiverPages,724736,1
6,VSM.Allocate,11316736,1
6,VSM.ClearPhysicalPages,476160,1
6,VSM.PageOccupancy,78592,1
6,VSM.FinalizePages,2048,1
6,VSM.DynamicRaster,12032,1
6,VSM.LayoutRemap,2304,1
6,VSM.InvalidateStatic,2048,1
6,VSM.StaticCasterCull,173312,1
6,VSM.DynamicCasterCull,0,1
6,VSM.PageCull,153600,1
6,VSM.StaticRasterClear,0,1
6,VSM.StaticRasterDraw,27485184,1
6,VSM.DynamicRasterClear,12032,1
6,VSM.DynamicRasterDraw,0,1
6,VSM.StaticRaster,27485440,1
6,VSM.UnityCompatibilityRaster,0,0
6,VSM.Resolve,5027328,1
6,VSM.ResolveTrace,4894464,1
6,VSM.FilterHorizontal,63744,1
6,VSM.FilterVertical,0,0
6,VSM.FilterTemporalVertical,69120,1
6,VSM.ResetFeedback,2048,1
7,VSM.MarkReceiverPages,729600,1
7,VSM.Allocate,11263232,1
7,VSM.ClearPhysicalPages,471552,1
7,VSM.PageOccupancy,64000,1
7,VSM.FinalizePages,2048,1
7,VSM.DynamicRaster,89344,1
7,VSM.LayoutRemap,2048,1
7,VSM.InvalidateStatic,2048,1
7,VSM.StaticCasterCull,179712,1
7,VSM.DynamicCasterCull,256,1
7,VSM.PageCull,160000,1
7,VSM.StaticRasterClear,0,1
7,VSM.StaticRasterDraw,26988032,1
7,VSM.DynamicRasterClear,89344,1
7,VSM.DynamicRasterDraw,0,1
7,VSM.StaticRaster,26988032,1
7,VSM.UnityCompatibilityRaster,0,0
7,VSM.Resolve,5283584,1
7,VSM.ResolveTrace,5147392,1
7,VSM.FilterHorizontal,64000,1
7,VSM.FilterVertical,0,0
7,VSM.FilterTemporalVertical,71168,1
7,VSM.ResetFeedback,2048,1
8,VSM.MarkReceiverPages,724992,1
8,VSM.Allocate,11263488,1
8,VSM.ClearPhysicalPages,472576,1
8,VSM.PageOccupancy,66816,1
8,VSM.FinalizePages,2304,1
8,VSM.DynamicRaster,11776,1
8,VSM.LayoutRemap,2560,1
8,VSM.InvalidateStatic,2816,1
8,VSM.StaticCasterCull,173056,1
8,VSM.DynamicCasterCull,0,1
8,VSM.PageCull,153600,1
8,VSM.StaticRasterClear,0,1
8,VSM.StaticRasterDraw,27454976,1
8,VSM.DynamicRasterClear,11776,1
8,VSM.DynamicRasterDraw,0,1
8,VSM.StaticRaster,27455232,1
8,VSM.UnityCompatibilityRaster,0,0
8,VSM.Resolve,4975360,1
8,VSM.ResolveTrace,4840448,1
8,VSM.FilterHorizontal,64000,1
8,VSM.FilterVertical,0,0
8,VSM.FilterTemporalVertical,70656,1
8,VSM.ResetFeedback,2048,1
9,VSM.MarkReceiverPages,729600,1
9,VSM.Allocate,11333376,1
9,VSM.ClearPhysicalPages,477440,1
9,VSM.PageOccupancy,69888,1
9,VSM.FinalizePages,1792,1
9,VSM.DynamicRaster,10496,1
9,VSM.LayoutRemap,2304,1
9,VSM.InvalidateStatic,2560,1
9,VSM.StaticCasterCull,185600,1
9,VSM.DynamicCasterCull,0,1
9,VSM.PageCull,165376,1
9,VSM.StaticRasterClear,0,1
9,VSM.StaticRasterDraw,27882240,1
9,VSM.DynamicRasterClear,10496,1
9,VSM.DynamicRasterDraw,0,1
9,VSM.StaticRaster,27882496,1
9,VSM.UnityCompatibilityRaster,0,0
9,VSM.Resolve,5764608,1
9,VSM.ResolveTrace,5627136,1
9,VSM.FilterHorizontal,64768,1
9,VSM.FilterVertical,0,0
9,VSM.FilterTemporalVertical,71424,1
9,VSM.ResetFeedback,2048,1
10,VSM.MarkReceiverPages,1027328,1
10,VSM.Allocate,11295232,1
10,VSM.ClearPhysicalPages,471808,1
10,VSM.PageOccupancy,75776,1
10,VSM.FinalizePages,2304,1
10,VSM.DynamicRaster,11776,1
10,VSM.LayoutRemap,2304,1
10,VSM.InvalidateStatic,2304,1
10,VSM.StaticCasterCull,178688,1
10,VSM.DynamicCasterCull,0,1
10,VSM.PageCull,159232,1
10,VSM.StaticRasterClear,256,1
10,VSM.StaticRasterDraw,27817728,1
10,VSM.DynamicRasterClear,11776,1
10,VSM.DynamicRasterDraw,0,1
10,VSM.StaticRaster,27817984,1
10,VSM.UnityCompatibilityRaster,0,0
10,VSM.Resolve,5484800,1
10,VSM.ResolveTrace,5346560,1
10,VSM.FilterHorizontal,65280,1
10,VSM.FilterVertical,0,0
10,VSM.FilterTemporalVertical,72192,1
10,VSM.ResetFeedback,2048,1
11,VSM.MarkReceiverPages,1091072,1
11,VSM.Allocate,11256320,1
11,VSM.ClearPhysicalPages,471040,1
11,VSM.PageOccupancy,65024,1
11,VSM.FinalizePages,2304,1
11,VSM.DynamicRaster,10496,1
11,VSM.LayoutRemap,2560,1
11,VSM.InvalidateStatic,2304,1
11,VSM.StaticCasterCull,175360,1
11,VSM.DynamicCasterCull,0,1
11,VSM.PageCull,155392,1
11,VSM.StaticRasterClear,0,1
11,VSM.StaticRasterDraw,27599872,1
11,VSM.DynamicRasterClear,10496,1
11,VSM.DynamicRasterDraw,0,1
11,VSM.StaticRaster,27600128,1
11,VSM.UnityCompatibilityRaster,0,0
11,VSM.Resolve,5047552,1
11,VSM.ResolveTrace,4912640,1
11,VSM.FilterHorizontal,64000,1
11,VSM.FilterVertical,0,0
11,VSM.FilterTemporalVertical,70912,1
11,VSM.ResetFeedback,1792,1
12,VSM.MarkReceiverPages,728576,1
12,VSM.Allocate,11324160,1
12,VSM.ClearPhysicalPages,476416,1
12,VSM.PageOccupancy,73984,1
12,VSM.FinalizePages,2304,1
12,VSM.DynamicRaster,24576,1
12,VSM.LayoutRemap,2560,1
12,VSM.InvalidateStatic,2048,1
12,VSM.StaticCasterCull,185344,1
12,VSM.DynamicCasterCull,0,1
12,VSM.PageCull,165632,1
12,VSM.StaticRasterClear,256,1
12,VSM.StaticRasterDraw,27791616,1
12,VSM.DynamicRasterClear,24576,1
12,VSM.DynamicRasterDraw,0,1
12,VSM.StaticRaster,27791872,1
12,VSM.UnityCompatibilityRaster,0,0
12,VSM.Resolve,5495040,1
12,VSM.ResolveTrace,5205504,1
12,VSM.FilterHorizontal,218368,1
12,VSM.FilterVertical,0,0
12,VSM.FilterTemporalVertical,70400,1
12,VSM.ResetFeedback,1792,1
13,VSM.MarkReceiverPages,727808,1
13,VSM.Allocate,11226112,1
13,VSM.ClearPhysicalPages,470784,1
13,VSM.PageOccupancy,76800,1
13,VSM.FinalizePages,2304,1
13,VSM.DynamicRaster,90624,1
13,VSM.LayoutRemap,2048,1
13,VSM.InvalidateStatic,1792,1
13,VSM.StaticCasterCull,173824,1
13,VSM.DynamicCasterCull,0,1
13,VSM.PageCull,154368,1
13,VSM.StaticRasterClear,0,1
13,VSM.StaticRasterDraw,27765504,1
13,VSM.DynamicRasterClear,90624,1
13,VSM.DynamicRasterDraw,0,1
13,VSM.StaticRaster,27765760,1
13,VSM.UnityCompatibilityRaster,0,0
13,VSM.Resolve,5899520,1
13,VSM.ResolveTrace,5761024,1
13,VSM.FilterHorizontal,65024,1
13,VSM.FilterVertical,0,0
13,VSM.FilterTemporalVertical,72448,1
13,VSM.ResetFeedback,2304,1
14,VSM.MarkReceiverPages,1054208,1
14,VSM.Allocate,11290112,1
14,VSM.ClearPhysicalPages,472320,1
14,VSM.PageOccupancy,65024,1
14,VSM.FinalizePages,2048,1
14,VSM.DynamicRaster,91136,1
14,VSM.LayoutRemap,2304,1
14,VSM.InvalidateStatic,2304,1
14,VSM.StaticCasterCull,179712,1
14,VSM.DynamicCasterCull,0,1
14,VSM.PageCull,160000,1
14,VSM.StaticRasterClear,0,1
14,VSM.StaticRasterDraw,27599616,1
14,VSM.DynamicRasterClear,91136,1
14,VSM.DynamicRasterDraw,0,1
14,VSM.StaticRaster,27599872,1
14,VSM.UnityCompatibilityRaster,0,0
14,VSM.Resolve,5029376,1
14,VSM.ResolveTrace,4896000,1
14,VSM.FilterHorizontal,64000,1
14,VSM.FilterVertical,0,0
14,VSM.FilterTemporalVertical,69376,1
14,VSM.ResetFeedback,2048,1
15,VSM.MarkReceiverPages,727040,1
15,VSM.Allocate,11349760,1
15,VSM.ClearPhysicalPages,476160,1
15,VSM.PageOccupancy,67584,1
15,VSM.FinalizePages,2048,1
15,VSM.DynamicRaster,85248,1
15,VSM.LayoutRemap,2304,1
15,VSM.InvalidateStatic,2048,1
15,VSM.StaticCasterCull,183296,1
15,VSM.DynamicCasterCull,0,1
15,VSM.PageCull,162816,1
15,VSM.StaticRasterClear,0,1
15,VSM.StaticRasterDraw,27896832,1
15,VSM.DynamicRasterClear,85248,1
15,VSM.DynamicRasterDraw,0,1
15,VSM.StaticRaster,27897088,1
15,VSM.UnityCompatibilityRaster,0,0
15,VSM.Resolve,5452800,1
15,VSM.ResolveTrace,5315328,1
15,VSM.FilterHorizontal,64512,1
15,VSM.FilterVertical,0,0
15,VSM.FilterTemporalVertical,72192,1
15,VSM.ResetFeedback,2304,1
16,VSM.MarkReceiverPages,726016,1
16,VSM.Allocate,11295488,1
16,VSM.ClearPhysicalPages,472320,1
16,VSM.PageOccupancy,76544,1
16,VSM.FinalizePages,2048,1
16,VSM.DynamicRaster,13568,1
16,VSM.LayoutRemap,2304,1
16,VSM.InvalidateStatic,2048,1
16,VSM.StaticCasterCull,171776,1
16,VSM.DynamicCasterCull,0,1
16,VSM.PageCull,151808,1
16,VSM.StaticRasterClear,256,1
16,VSM.StaticRasterDraw,27618304,1
16,VSM.DynamicRasterClear,13568,1
16,VSM.DynamicRasterDraw,0,1
16,VSM.StaticRaster,27618560,1
16,VSM.UnityCompatibilityRaster,0,0
16,VSM.Resolve,5048064,1
16,VSM.ResolveTrace,4912640,1
16,VSM.FilterHorizontal,64000,1
16,VSM.FilterVertical,0,0
16,VSM.FilterTemporalVertical,70912,1
16,VSM.ResetFeedback,1792,1
17,VSM.MarkReceiverPages,1044992,1
17,VSM.Allocate,11322368,1
17,VSM.ClearPhysicalPages,472064,1
17,VSM.PageOccupancy,65792,1
17,VSM.FinalizePages,2048,1
17,VSM.DynamicRaster,12544,1
17,VSM.LayoutRemap,2560,1
17,VSM.InvalidateStatic,2304,1
17,VSM.StaticCasterCull,179200,1
17,VSM.DynamicCasterCull,0,1
17,VSM.PageCull,160000,1
17,VSM.StaticRasterClear,0,1
17,VSM.StaticRasterDraw,28029184,1
17,VSM.DynamicRasterClear,12544,1
17,VSM.DynamicRasterDraw,0,1
17,VSM.StaticRaster,28029440,1
17,VSM.UnityCompatibilityRaster,0,0
17,VSM.Resolve,5659904,1
17,VSM.ResolveTrace,5522688,1
17,VSM.FilterHorizontal,64768,1
17,VSM.FilterVertical,0,0
17,VSM.FilterTemporalVertical,71424,1
17,VSM.ResetFeedback,2048,1
18,VSM.MarkReceiverPages,1022976,1
18,VSM.Allocate,11357184,1
18,VSM.ClearPhysicalPages,473344,1
18,VSM.PageOccupancy,105728,1
18,VSM.FinalizePages,2304,1
18,VSM.DynamicRaster,96256,1
18,VSM.LayoutRemap,2304,1
18,VSM.InvalidateStatic,2304,1
18,VSM.StaticCasterCull,174080,1
18,VSM.DynamicCasterCull,0,1
18,VSM.PageCull,153600,1
18,VSM.StaticRasterClear,0,1
18,VSM.StaticRasterDraw,27719680,1
18,VSM.DynamicRasterClear,96000,1
18,VSM.DynamicRasterDraw,0,1
18,VSM.StaticRaster,27719680,1
18,VSM.UnityCompatibilityRaster,0,0
18,VSM.Resolve,5044992,1
18,VSM.ResolveTrace,4909056,1
18,VSM.FilterHorizontal,64256,1
18,VSM.FilterVertical,0,0
18,VSM.FilterTemporalVertical,71424,1
18,VSM.ResetFeedback,2048,1
19,VSM.MarkReceiverPages,723712,1
19,VSM.Allocate,11193856,1
19,VSM.ClearPhysicalPages,474880,1
19,VSM.PageOccupancy,66560,1
19,VSM.FinalizePages,2304,1
19,VSM.DynamicRaster,85248,1
19,VSM.LayoutRemap,2048,1
19,VSM.InvalidateStatic,2304,1
19,VSM.StaticCasterCull,169216,1
19,VSM.DynamicCasterCull,0,1
19,VSM.PageCull,149760,1
19,VSM.StaticRasterClear,0,1
19,VSM.StaticRasterDraw,27282176,1
19,VSM.DynamicRasterClear,85248,1
19,VSM.DynamicRasterDraw,0,1
19,VSM.StaticRaster,27282432,1
19,VSM.UnityCompatibilityRaster,0,0
19,VSM.Resolve,5046528,1
19,VSM.ResolveTrace,4911360,1
19,VSM.FilterHorizontal,63744,1
19,VSM.FilterVertical,0,0
19,VSM.FilterTemporalVertical,71168,1
19,VSM.ResetFeedback,2048,1
20,VSM.MarkReceiverPages,1029376,1
20,VSM.Allocate,11253248,1
20,VSM.ClearPhysicalPages,471808,1
20,VSM.PageOccupancy,109568,1
20,VSM.FinalizePages,2048,1
20,VSM.DynamicRaster,93952,1
20,VSM.LayoutRemap,2304,1
20,VSM.InvalidateStatic,2560,1
20,VSM.StaticCasterCull,174336,1
20,VSM.DynamicCasterCull,0,1
20,VSM.PageCull,154624,1
20,VSM.StaticRasterClear,256,1
20,VSM.StaticRasterDraw,27089152,1
20,VSM.DynamicRasterClear,93952,1
20,VSM.DynamicRasterDraw,0,1
20,VSM.StaticRaster,27089408,1
20,VSM.UnityCompatibilityRaster,0,0
20,VSM.Resolve,5040128,1
20,VSM.ResolveTrace,4905216,1
20,VSM.FilterHorizontal,63744,1
20,VSM.FilterVertical,0,0
20,VSM.FilterTemporalVertical,70912,1
20,VSM.ResetFeedback,1792,1
21,VSM.MarkReceiverPages,726528,1
21,VSM.Allocate,11316736,1
21,VSM.ClearPhysicalPages,475392,1
21,VSM.PageOccupancy,65536,1
21,VSM.FinalizePages,2048,1
21,VSM.DynamicRaster,82432,1
21,VSM.LayoutRemap,2304,1
21,VSM.InvalidateStatic,1792,1
21,VSM.StaticCasterCull,184576,1
21,VSM.DynamicCasterCull,0,1
21,VSM.PageCull,165376,1
21,VSM.StaticRasterClear,0,1
21,VSM.StaticRasterDraw,27821056,1
21,VSM.DynamicRasterClear,82432,1
21,VSM.DynamicRasterDraw,0,1
21,VSM.StaticRaster,27821056,1
21,VSM.UnityCompatibilityRaster,0,0
21,VSM.Resolve,5886976,1
21,VSM.ResolveTrace,5747712,1
21,VSM.FilterHorizontal,66304,1
21,VSM.FilterVertical,0,0
21,VSM.FilterTemporalVertical,71680,1
21,VSM.ResetFeedback,2048,1
22,VSM.MarkReceiverPages,1098752,1
22,VSM.Allocate,11321600,1
22,VSM.ClearPhysicalPages,474624,1
22,VSM.PageOccupancy,101120,1
22,VSM.FinalizePages,2304,1
22,VSM.DynamicRaster,11776,1
22,VSM.LayoutRemap,2304,1
22,VSM.InvalidateStatic,2048,1
22,VSM.StaticCasterCull,185856,1
22,VSM.DynamicCasterCull,0,1
22,VSM.PageCull,166144,1
22,VSM.StaticRasterClear,0,1
22,VSM.StaticRasterDraw,27408896,1
22,VSM.DynamicRasterClear,11776,1
22,VSM.DynamicRasterDraw,0,1
22,VSM.StaticRaster,27409152,1
22,VSM.UnityCompatibilityRaster,0,0
22,VSM.Resolve,5344512,1
22,VSM.ResolveTrace,5209344,1
22,VSM.FilterHorizontal,64256,1
22,VSM.FilterVertical,0,0
22,VSM.FilterTemporalVertical,69376,1
22,VSM.ResetFeedback,2048,1
23,VSM.MarkReceiverPages,725248,1
23,VSM.Allocate,11258624,1
23,VSM.ClearPhysicalPages,755968,1
23,VSM.PageOccupancy,73216,1
23,VSM.FinalizePages,1792,1
23,VSM.DynamicRaster,15104,1
23,VSM.LayoutRemap,2304,1
23,VSM.InvalidateStatic,2048,1
23,VSM.StaticCasterCull,182528,1
23,VSM.DynamicCasterCull,0,1
23,VSM.PageCull,157696,1
23,VSM.StaticRasterClear,0,1
23,VSM.StaticRasterDraw,27255040,1
23,VSM.DynamicRasterClear,14848,1
23,VSM.DynamicRasterDraw,0,1
23,VSM.StaticRaster,27255296,1
23,VSM.UnityCompatibilityRaster,0,0
23,VSM.Resolve,5033728,1
23,VSM.ResolveTrace,4899328,1
23,VSM.FilterHorizontal,63744,1
23,VSM.FilterVertical,0,0
23,VSM.FilterTemporalVertical,70400,1
23,VSM.ResetFeedback,1792,1
24,VSM.MarkReceiverPages,725760,1
24,VSM.Allocate,11351808,1
24,VSM.ClearPhysicalPages,476160,1
24,VSM.PageOccupancy,68096,1
24,VSM.FinalizePages,2048,1
24,VSM.DynamicRaster,9728,1
24,VSM.LayoutRemap,2304,1
24,VSM.InvalidateStatic,2560,1
24,VSM.StaticCasterCull,180224,1
24,VSM.DynamicCasterCull,0,1
24,VSM.PageCull,160512,1
24,VSM.StaticRasterClear,0,1
24,VSM.StaticRasterDraw,27927552,1
24,VSM.DynamicRasterClear,9728,1
24,VSM.DynamicRasterDraw,0,1
24,VSM.StaticRaster,27927808,1
24,VSM.UnityCompatibilityRaster,0,0
24,VSM.Resolve,5535488,1
24,VSM.ResolveTrace,5397504,1
24,VSM.FilterHorizontal,65280,1
24,VSM.FilterVertical,0,0
24,VSM.FilterTemporalVertical,71680,1
24,VSM.ResetFeedback,2304,1
25,VSM.MarkReceiverPages,728064,1
25,VSM.Allocate,11292928,1
25,VSM.ClearPhysicalPages,472576,1
25,VSM.PageOccupancy,75776,1
25,VSM.FinalizePages,2048,1
25,VSM.DynamicRaster,287488,1
25,VSM.LayoutRemap,2304,1
25,VSM.InvalidateStatic,2048,1
25,VSM.StaticCasterCull,173312,1
25,VSM.DynamicCasterCull,0,1
25,VSM.PageCull,153088,1
25,VSM.StaticRasterClear,256,1
25,VSM.StaticRasterDraw,27523328,1
25,VSM.DynamicRasterClear,287488,1
25,VSM.DynamicRasterDraw,0,1
25,VSM.StaticRaster,27523584,1
25,VSM.UnityCompatibilityRaster,0,0
25,VSM.Resolve,5034752,1
25,VSM.ResolveTrace,4899072,1
25,VSM.FilterHorizontal,64512,1
25,VSM.FilterVertical,0,0
25,VSM.FilterTemporalVertical,70912,1
25,VSM.ResetFeedback,2048,1
26,VSM.MarkReceiverPages,1142528,1
26,VSM.Allocate,11290880,1
26,VSM.ClearPhysicalPages,472064,1
26,VSM.PageOccupancy,73984,1
26,VSM.FinalizePages,2048,1
26,VSM.DynamicRaster,10496,1
26,VSM.LayoutRemap,2304,1
26,VSM.InvalidateStatic,2048,1
26,VSM.StaticCasterCull,184064,1
26,VSM.DynamicCasterCull,0,1
26,VSM.PageCull,165120,1
26,VSM.StaticRasterClear,0,1
26,VSM.StaticRasterDraw,27829760,1
26,VSM.DynamicRasterClear,10496,1
26,VSM.DynamicRasterDraw,0,1
26,VSM.StaticRaster,27830016,1
26,VSM.UnityCompatibilityRaster,0,0
26,VSM.Resolve,5039360,1
26,VSM.ResolveTrace,4904704,1
26,VSM.FilterHorizontal,63744,1
26,VSM.FilterVertical,0,0
26,VSM.FilterTemporalVertical,70912,1
26,VSM.ResetFeedback,1792,1
27,VSM.MarkReceiverPages,728576,1
27,VSM.Allocate,11229440,1
27,VSM.ClearPhysicalPages,471296,1
27,VSM.PageOccupancy,66816,1
27,VSM.FinalizePages,2304,1
27,VSM.DynamicRaster,10496,1
27,VSM.LayoutRemap,2304,1
27,VSM.InvalidateStatic,2048,1
27,VSM.StaticCasterCull,185088,1
27,VSM.DynamicCasterCull,0,1
27,VSM.PageCull,165120,1
27,VSM.StaticRasterClear,256,1
27,VSM.StaticRasterDraw,27693824,1
27,VSM.DynamicRasterClear,10496,1
27,VSM.DynamicRasterDraw,0,1
27,VSM.StaticRaster,27694080,1
27,VSM.UnityCompatibilityRaster,0,0
27,VSM.Resolve,5839360,1
27,VSM.ResolveTrace,5698560,1
27,VSM.FilterHorizontal,67840,1
27,VSM.FilterVertical,0,0
27,VSM.FilterTemporalVertical,72192,1
27,VSM.ResetFeedback,1792,1
28,VSM.MarkReceiverPages,903936,1
28,VSM.Allocate,11375616,1
28,VSM.ClearPhysicalPages,476416,1
28,VSM.PageOccupancy,74240,1
28,VSM.FinalizePages,2304,1
28,VSM.DynamicRaster,95488,1
28,VSM.LayoutRemap,2304,1
28,VSM.InvalidateStatic,2304,1
28,VSM.StaticCasterCull,175104,1
28,VSM.DynamicCasterCull,0,1
28,VSM.PageCull,155648,1
28,VSM.StaticRasterClear,0,1
28,VSM.StaticRasterDraw,27711232,1
28,VSM.DynamicRasterClear,95488,1
28,VSM.DynamicRasterDraw,0,1
28,VSM.StaticRaster,27711488,1
28,VSM.UnityCompatibilityRaster,0,0
28,VSM.Resolve,5445120,1
28,VSM.ResolveTrace,5307392,1
28,VSM.FilterHorizontal,64512,1
28,VSM.FilterVertical,0,0
28,VSM.FilterTemporalVertical,72192,1
28,VSM.ResetFeedback,1792,1
29,VSM.MarkReceiverPages,726272,1
29,VSM.Allocate,11223552,1
29,VSM.ClearPhysicalPages,471552,1
29,VSM.PageOccupancy,75008,1
29,VSM.FinalizePages,2048,1
29,VSM.DynamicRaster,13056,1
29,VSM.LayoutRemap,2304,1
29,VSM.InvalidateStatic,2048,1
29,VSM.StaticCasterCull,180480,1
29,VSM.DynamicCasterCull,0,1
29,VSM.PageCull,161024,1
29,VSM.StaticRasterClear,0,1
29,VSM.StaticRasterDraw,27973376,1
29,VSM.DynamicRasterClear,13056,1
29,VSM.DynamicRasterDraw,0,1
29,VSM.StaticRaster,27973632,1
29,VSM.UnityCompatibilityRaster,0,0
29,VSM.Resolve,5826304,1
29,VSM.ResolveTrace,5686784,1
29,VSM.FilterHorizontal,65536,1
29,VSM.FilterVertical,0,0
29,VSM.FilterTemporalVertical,72704,1
29,VSM.ResetFeedback,1792,1
30,VSM.MarkReceiverPages,902912,1
30,VSM.Allocate,11262208,1
30,VSM.ClearPhysicalPages,472832,1
30,VSM.PageOccupancy,66048,1
30,VSM.FinalizePages,2304,1
30,VSM.DynamicRaster,82688,1
30,VSM.LayoutRemap,2048,1
30,VSM.InvalidateStatic,2048,1
30,VSM.StaticCasterCull,167680,1
30,VSM.DynamicCasterCull,0,1
30,VSM.PageCull,147456,1
30,VSM.StaticRasterClear,0,1
30,VSM.StaticRasterDraw,27778816,1
30,VSM.DynamicRasterClear,82688,1
30,VSM.DynamicRasterDraw,0,1
30,VSM.StaticRaster,27778816,1
30,VSM.UnityCompatibilityRaster,0,0
30,VSM.Resolve,5033216,1
30,VSM.ResolveTrace,4898560,1
30,VSM.FilterHorizontal,63744,1
30,VSM.FilterVertical,0,0
30,VSM.FilterTemporalVertical,70400,1
30,VSM.ResetFeedback,2048,1
31,VSM.MarkReceiverPages,724224,1
31,VSM.Allocate,11258880,1
31,VSM.ClearPhysicalPages,471040,1
31,VSM.PageOccupancy,65792,1
31,VSM.FinalizePages,2048,1
31,VSM.DynamicRaster,12800,1
31,VSM.LayoutRemap,2304,1
31,VSM.InvalidateStatic,2048,1
31,VSM.StaticCasterCull,171776,1
31,VSM.DynamicCasterCull,0,1
31,VSM.PageCull,152064,1
31,VSM.StaticRasterClear,0,1
31,VSM.StaticRasterDraw,27759616,1
31,VSM.DynamicRasterClear,12800,1
31,VSM.DynamicRasterDraw,0,1
31,VSM.StaticRaster,27759872,1
31,VSM.UnityCompatibilityRaster,0,0
31,VSM.Resolve,5033728,1
31,VSM.ResolveTrace,4900864,1
31,VSM.FilterHorizontal,63232,1
31,VSM.FilterVertical,0,0
31,VSM.FilterTemporalVertical,69120,1
31,VSM.ResetFeedback,2304,1
32,VSM.MarkReceiverPages,727040,1
32,VSM.Allocate,11292160,1
32,VSM.ClearPhysicalPages,472064,1
32,VSM.PageOccupancy,74752,1
32,VSM.FinalizePages,2048,1
32,VSM.DynamicRaster,62976,1
32,VSM.LayoutRemap,2048,1
32,VSM.InvalidateStatic,2048,1
32,VSM.StaticCasterCull,174848,1
32,VSM.DynamicCasterCull,5120,1
32,VSM.PageCull,154880,1
32,VSM.StaticRasterClear,0,1
32,VSM.StaticRasterDraw,27501824,1
32,VSM.DynamicRasterClear,62720,1
32,VSM.DynamicRasterDraw,0,1
32,VSM.StaticRaster,27502080,1
32,VSM.UnityCompatibilityRaster,0,0
32,VSM.Resolve,5031680,1
32,VSM.ResolveTrace,4898048,1
32,VSM.FilterHorizontal,64000,1
32,VSM.FilterVertical,0,0
32,VSM.FilterTemporalVertical,69632,1
32,VSM.ResetFeedback,2048,1
33,VSM.MarkReceiverPages,1041664,1
33,VSM.Allocate,11433472,1
33,VSM.ClearPhysicalPages,475904,1
33,VSM.PageOccupancy,98304,1
33,VSM.FinalizePages,1792,1
33,VSM.DynamicRaster,10752,1
33,VSM.LayoutRemap,2560,1
33,VSM.InvalidateStatic,2560,1
33,VSM.StaticCasterCull,184064,1
33,VSM.DynamicCasterCull,0,1
33,VSM.PageCull,163840,1
33,VSM.StaticRasterClear,256,1
33,VSM.StaticRasterDraw,27688960,1
33,VSM.DynamicRasterClear,10752,1
33,VSM.DynamicRasterDraw,0,1
33,VSM.StaticRaster,27689216,1
33,VSM.UnityCompatibilityRaster,0,0
33,VSM.Resolve,5040640,1
33,VSM.ResolveTrace,4907264,1
33,VSM.FilterHorizontal,63744,1
33,VSM.FilterVertical,0,0
33,VSM.FilterTemporalVertical,69376,1
33,VSM.ResetFeedback,1792,1
34,VSM.MarkReceiverPages,727808,1
34,VSM.Allocate,11374336,1
34,VSM.ClearPhysicalPages,476928,1
34,VSM.PageOccupancy,71936,1
34,VSM.FinalizePages,2048,1
34,VSM.DynamicRaster,14592,1
34,VSM.LayoutRemap,2304,1
34,VSM.InvalidateStatic,2304,1
34,VSM.StaticCasterCull,174336,1
34,VSM.DynamicCasterCull,0,1
34,VSM.PageCull,154880,1
34,VSM.StaticRasterClear,256,1
34,VSM.StaticRasterDraw,27895552,1
34,VSM.DynamicRasterClear,14592,1
34,VSM.DynamicRasterDraw,0,1
34,VSM.StaticRaster,27895808,1
34,VSM.UnityCompatibilityRaster,0,0
34,VSM.Resolve,5032192,1
34,VSM.ResolveTrace,4897792,1
34,VSM.FilterHorizontal,63744,1
34,VSM.FilterVertical,0,0
34,VSM.FilterTemporalVertical,70400,1
34,VSM.ResetFeedback,2304,1
35,VSM.MarkReceiverPages,722688,1
35,VSM.Allocate,11159552,1
35,VSM.ClearPhysicalPages,469760,1
35,VSM.PageOccupancy,71424,1
35,VSM.FinalizePages,2048,1
35,VSM.DynamicRaster,94464,1
35,VSM.LayoutRemap,2304,1
35,VSM.InvalidateStatic,2048,1
35,VSM.StaticCasterCull,176384,1
35,VSM.DynamicCasterCull,0,1
35,VSM.PageCull,156416,1
35,VSM.StaticRasterClear,256,1
35,VSM.StaticRasterDraw,27502336,1
35,VSM.DynamicRasterClear,94464,1
35,VSM.DynamicRasterDraw,0,1
35,VSM.StaticRaster,27502592,1
35,VSM.UnityCompatibilityRaster,0,0
35,VSM.Resolve,5552896,1
35,VSM.ResolveTrace,5416192,1
35,VSM.FilterHorizontal,64768,1
35,VSM.FilterVertical,0,0
35,VSM.FilterTemporalVertical,70656,1
35,VSM.ResetFeedback,1792,1
36,VSM.MarkReceiverPages,728320,1
36,VSM.Allocate,11342592,1
36,VSM.ClearPhysicalPages,475648,1
36,VSM.PageOccupancy,64512,1
36,VSM.FinalizePages,2048,1
36,VSM.DynamicRaster,85760,1
36,VSM.LayoutRemap,2304,1
36,VSM.InvalidateStatic,2816,1
36,VSM.StaticCasterCull,175104,1
36,VSM.DynamicCasterCull,256,1
36,VSM.PageCull,155136,1
36,VSM.StaticRasterClear,256,1
36,VSM.StaticRasterDraw,27629312,1
36,VSM.DynamicRasterClear,85760,1
36,VSM.DynamicRasterDraw,0,1
36,VSM.StaticRaster,27629568,1
36,VSM.UnityCompatibilityRaster,0,0
36,VSM.Resolve,5800704,1
36,VSM.ResolveTrace,5662720,1
36,VSM.FilterHorizontal,65024,1
36,VSM.FilterVertical,0,0
36,VSM.FilterTemporalVertical,71680,1
36,VSM.ResetFeedback,2048,1
37,VSM.MarkReceiverPages,724736,1
37,VSM.Allocate,11331584,1
37,VSM.ClearPhysicalPages,475392,1
37,VSM.PageOccupancy,77824,1
37,VSM.FinalizePages,2304,1
37,VSM.DynamicRaster,12544,1
37,VSM.LayoutRemap,2816,1
37,VSM.InvalidateStatic,2048,1
37,VSM.StaticCasterCull,176384,1
37,VSM.DynamicCasterCull,0,1
37,VSM.PageCull,156672,1
37,VSM.StaticRasterClear,0,1
37,VSM.StaticRasterDraw,27583744,1
37,VSM.DynamicRasterClear,12544,1
37,VSM.DynamicRasterDraw,0,1
37,VSM.StaticRaster,27584000,1
37,VSM.UnityCompatibilityRaster,0,0
37,VSM.Resolve,5033984,1
37,VSM.ResolveTrace,4899840,1
37,VSM.FilterHorizontal,64000,1
37,VSM.FilterVertical,0,0
37,VSM.FilterTemporalVertical,69888,1
37,VSM.ResetFeedback,1792,1
38,VSM.MarkReceiverPages,724224,1
38,VSM.Allocate,11322368,1
38,VSM.ClearPhysicalPages,475904,1
38,VSM.PageOccupancy,77056,1
38,VSM.FinalizePages,2304,1
38,VSM.DynamicRaster,86272,1
38,VSM.LayoutRemap,2560,1
38,VSM.InvalidateStatic,2048,1
38,VSM.StaticCasterCull,177920,1
38,VSM.DynamicCasterCull,0,1
38,VSM.PageCull,157696,1
38,VSM.StaticRasterClear,0,1
38,VSM.StaticRasterDraw,27386880,1
38,VSM.DynamicRasterClear,86272,1
38,VSM.DynamicRasterDraw,0,1
38,VSM.StaticRaster,27386880,1
38,VSM.UnityCompatibilityRaster,0,0
38,VSM.Resolve,5353216,1
38,VSM.ResolveTrace,5216768,1
38,VSM.FilterHorizontal,64256,1
38,VSM.FilterVertical,0,0
38,VSM.FilterTemporalVertical,70912,1
38,VSM.ResetFeedback,2048,1
39,VSM.MarkReceiverPages,729856,1
39,VSM.Allocate,11257344,1
39,VSM.ClearPhysicalPages,470784,1
39,VSM.PageOccupancy,65792,1
39,VSM.FinalizePages,2048,1
39,VSM.DynamicRaster,10240,1
39,VSM.LayoutRemap,2304,1
39,VSM.InvalidateStatic,1792,1
39,VSM.StaticCasterCull,183808,1
39,VSM.DynamicCasterCull,0,1
39,VSM.PageCull,164096,1
39,VSM.StaticRasterClear,0,1
39,VSM.StaticRasterDraw,27414272,1
39,VSM.DynamicRasterClear,10240,1
39,VSM.DynamicRasterDraw,0,1
39,VSM.StaticRaster,27414528,1
39,VSM.UnityCompatibilityRaster,0,0
39,VSM.Resolve,5358336,1
39,VSM.ResolveTrace,5220608,1
39,VSM.FilterHorizontal,64512,1
39,VSM.FilterVertical,0,0
39,VSM.FilterTemporalVertical,71936,1
39,VSM.ResetFeedback,1792,1
40,VSM.MarkReceiverPages,1041664,1
40,VSM.Allocate,11288064,1
40,VSM.ClearPhysicalPages,472576,1
40,VSM.PageOccupancy,75008,1
40,VSM.FinalizePages,2048,1
40,VSM.DynamicRaster,11776,1
40,VSM.LayoutRemap,2304,1
40,VSM.InvalidateStatic,2048,1
40,VSM.StaticCasterCull,174592,1
40,VSM.DynamicCasterCull,0,1
40,VSM.PageCull,155136,1
40,VSM.StaticRasterClear,256,1
40,VSM.StaticRasterDraw,27279104,1
40,VSM.DynamicRasterClear,11776,1
40,VSM.DynamicRasterDraw,0,1
40,VSM.StaticRaster,27279360,1
40,VSM.UnityCompatibilityRaster,0,0
40,VSM.Resolve,5034240,1
40,VSM.ResolveTrace,4899072,1
40,VSM.FilterHorizontal,63744,1
40,VSM.FilterVertical,0,0
40,VSM.FilterTemporalVertical,71168,1
40,VSM.ResetFeedback,1792,1
41,VSM.MarkReceiverPages,727296,1
41,VSM.Allocate,11379456,1
41,VSM.ClearPhysicalPages,476672,1
41,VSM.PageOccupancy,70656,1
41,VSM.FinalizePages,2048,1
41,VSM.DynamicRaster,11776,1
41,VSM.LayoutRemap,2560,1
41,VSM.InvalidateStatic,2048,1
41,VSM.StaticCasterCull,183296,1
41,VSM.DynamicCasterCull,0,1
41,VSM.PageCull,163840,1
41,VSM.StaticRasterClear,0,1
41,VSM.StaticRasterDraw,27553280,1
41,VSM.DynamicRasterClear,11776,1
41,VSM.DynamicRasterDraw,0,1
41,VSM.StaticRaster,27553536,1
41,VSM.UnityCompatibilityRaster,0,0
41,VSM.Resolve,5041152,1
41,VSM.ResolveTrace,4906240,1
41,VSM.FilterHorizontal,63744,1
41,VSM.FilterVertical,0,0
41,VSM.FilterTemporalVertical,71168,1
41,VSM.ResetFeedback,2048,1
42,VSM.MarkReceiverPages,727808,1
42,VSM.Allocate,11258112,1
42,VSM.ClearPhysicalPages,472320,1
42,VSM.PageOccupancy,67584,1
42,VSM.FinalizePages,2304,1
42,VSM.DynamicRaster,12288,1
42,VSM.LayoutRemap,2560,1
42,VSM.InvalidateStatic,1792,1
42,VSM.StaticCasterCull,188160,1
42,VSM.DynamicCasterCull,0,1
42,VSM.PageCull,168448,1
42,VSM.StaticRasterClear,0,1
42,VSM.StaticRasterDraw,27300096,1
42,VSM.DynamicRasterClear,12032,1
42,VSM.DynamicRasterDraw,256,1
42,VSM.StaticRaster,27300608,1
42,VSM.UnityCompatibilityRaster,0,0
42,VSM.Resolve,5038592,1
42,VSM.ResolveTrace,4905472,1
42,VSM.FilterHorizontal,64000,1
42,VSM.FilterVertical,0,0
42,VSM.FilterTemporalVertical,68864,1
42,VSM.ResetFeedback,2048,1
43,VSM.MarkReceiverPages,1080320,1
43,VSM.Allocate,11253248,1
43,VSM.ClearPhysicalPages,471808,1
43,VSM.PageOccupancy,66816,1
43,VSM.FinalizePages,2304,1
43,VSM.DynamicRaster,10496,1
43,VSM.LayoutRemap,2304,1
43,VSM.InvalidateStatic,2304,1
43,VSM.StaticCasterCull,178944,1
43,VSM.DynamicCasterCull,0,1
43,VSM.PageCull,159744,1
43,VSM.StaticRasterClear,0,1
43,VSM.StaticRasterDraw,27358976,1
43,VSM.DynamicRasterClear,10496,1
43,VSM.DynamicRasterDraw,0,1
43,VSM.StaticRaster,27358976,1
43,VSM.UnityCompatibilityRaster,0,0
43,VSM.Resolve,5354752,1
43,VSM.ResolveTrace,5219328,1
43,VSM.FilterHorizontal,64512,1
43,VSM.FilterVertical,0,0
43,VSM.FilterTemporalVertical,69888,1
43,VSM.ResetFeedback,2048,1
44,VSM.MarkReceiverPages,727296,1
44,VSM.Allocate,11350272,1
44,VSM.ClearPhysicalPages,475392,1
44,VSM.PageOccupancy,76032,1
44,VSM.FinalizePages,2304,1
44,VSM.DynamicRaster,10240,1
44,VSM.LayoutRemap,2304,1
44,VSM.InvalidateStatic,2816,1
44,VSM.StaticCasterCull,185088,1
44,VSM.DynamicCasterCull,0,1
44,VSM.PageCull,165376,1
44,VSM.StaticRasterClear,0,1
44,VSM.StaticRasterDraw,27904256,1
44,VSM.DynamicRasterClear,10240,1
44,VSM.DynamicRasterDraw,0,1
44,VSM.StaticRaster,27904512,1
44,VSM.UnityCompatibilityRaster,0,0
44,VSM.Resolve,5462016,1
44,VSM.ResolveTrace,5324032,1
44,VSM.FilterHorizontal,64512,1
44,VSM.FilterVertical,0,0
44,VSM.FilterTemporalVertical,71936,1
44,VSM.ResetFeedback,1792,1
45,VSM.MarkReceiverPages,723968,1
45,VSM.Allocate,11263232,1
45,VSM.ClearPhysicalPages,475648,1
45,VSM.PageOccupancy,65792,1
45,VSM.FinalizePages,2304,1
45,VSM.DynamicRaster,32256,1
45,VSM.LayoutRemap,2304,1
45,VSM.InvalidateStatic,2304,1
45,VSM.StaticCasterCull,173568,1
45,VSM.DynamicCasterCull,0,1
45,VSM.PageCull,153344,1
45,VSM.StaticRasterClear,0,1
45,VSM.StaticRasterDraw,28529152,1
45,VSM.DynamicRasterClear,32256,1
45,VSM.DynamicRasterDraw,0,1
45,VSM.StaticRaster,28529408,1
45,VSM.UnityCompatibilityRaster,0,0
45,VSM.Resolve,6755584,1
45,VSM.ResolveTrace,6615552,1
45,VSM.FilterHorizontal,67072,1
45,VSM.FilterVertical,0,0
45,VSM.FilterTemporalVertical,71936,1
45,VSM.ResetFeedback,2048,1
46,VSM.MarkReceiverPages,1265152,1
46,VSM.Allocate,11289344,1
46,VSM.ClearPhysicalPages,471296,1
46,VSM.PageOccupancy,73984,1
46,VSM.FinalizePages,1792,1
46,VSM.DynamicRaster,83456,1
46,VSM.LayoutRemap,2304,1
46,VSM.InvalidateStatic,2816,1
46,VSM.StaticCasterCull,178432,1
46,VSM.DynamicCasterCull,256,1
46,VSM.PageCull,158720,1
46,VSM.StaticRasterClear,0,1
46,VSM.StaticRasterDraw,27788800,1
46,VSM.DynamicRasterClear,83456,1
46,VSM.DynamicRasterDraw,0,1
46,VSM.StaticRaster,27789056,1
46,VSM.UnityCompatibilityRaster,0,0
46,VSM.Resolve,6366720,1
46,VSM.ResolveTrace,6226432,1
46,VSM.FilterHorizontal,67072,1
46,VSM.FilterVertical,0,0
46,VSM.FilterTemporalVertical,72192,1
46,VSM.ResetFeedback,1792,1
47,VSM.MarkReceiverPages,1149696,1
47,VSM.Allocate,11288320,1
47,VSM.ClearPhysicalPages,472064,1
47,VSM.PageOccupancy,70912,1
47,VSM.FinalizePages,2560,1
47,VSM.DynamicRaster,78848,1
47,VSM.LayoutRemap,2048,1
47,VSM.InvalidateStatic,2560,1
47,VSM.StaticCasterCull,170752,1
47,VSM.DynamicCasterCull,0,1
47,VSM.PageCull,151296,1
47,VSM.StaticRasterClear,256,1
47,VSM.StaticRasterDraw,27898112,1
47,VSM.DynamicRasterClear,78848,1
47,VSM.DynamicRasterDraw,0,1
47,VSM.StaticRaster,27898368,1
47,VSM.UnityCompatibilityRaster,0,0
47,VSM.Resolve,6116864,1
47,VSM.ResolveTrace,5978112,1
47,VSM.FilterHorizontal,65792,1
47,VSM.FilterVertical,0,0
47,VSM.FilterTemporalVertical,71936,1
47,VSM.ResetFeedback,2048,1
48,VSM.MarkReceiverPages,916224,1
48,VSM.Allocate,11291648,1
48,VSM.ClearPhysicalPages,472832,1
48,VSM.PageOccupancy,68608,1
48,VSM.FinalizePages,2304,1
48,VSM.DynamicRaster,11520,1
48,VSM.LayoutRemap,2304,1
48,VSM.InvalidateStatic,2560,1
48,VSM.StaticCasterCull,176128,1
48,VSM.DynamicCasterCull,0,1
48,VSM.PageCull,155904,1
48,VSM.StaticRasterClear,256,1
48,VSM.StaticRasterDraw,27901440,1
48,VSM.DynamicRasterClear,11520,1
48,VSM.DynamicRasterDraw,0,1
48,VSM.StaticRaster,27901696,1
48,VSM.UnityCompatibilityRaster,0,0
48,VSM.Resolve,6464512,1
48,VSM.ResolveTrace,6323968,1
48,VSM.FilterHorizontal,67072,1
48,VSM.FilterVertical,0,0
48,VSM.FilterTemporalVertical,72192,1
48,VSM.ResetFeedback,1792,1
49,VSM.MarkReceiverPages,729856,1
49,VSM.Allocate,11291904,1
49,VSM.ClearPhysicalPages,472064,1
49,VSM.PageOccupancy,78592,1
49,VSM.FinalizePages,2048,1
49,VSM.DynamicRaster,10752,1
49,VSM.LayoutRemap,2304,1
49,VSM.InvalidateStatic,2560,1
49,VSM.StaticCasterCull,183808,1
49,VSM.DynamicCasterCull,0,1
49,VSM.PageCull,163840,1
49,VSM.StaticRasterClear,0,1
49,VSM.StaticRasterDraw,28635392,1
49,VSM.DynamicRasterClear,10752,1
49,VSM.DynamicRasterDraw,0,1
49,VSM.StaticRaster,28635648,1
49,VSM.UnityCompatibilityRaster,0,0
49,VSM.Resolve,5852416,1
49,VSM.ResolveTrace,5712896,1
49,VSM.FilterHorizontal,66048,1
49,VSM.FilterVertical,0,0
49,VSM.FilterTemporalVertical,72448,1
49,VSM.ResetFeedback,1792,1
50,VSM.MarkReceiverPages,728832,1
50,VSM.Allocate,11411200,1
50,VSM.ClearPhysicalPages,477952,1
50,VSM.PageOccupancy,76800,1
50,VSM.FinalizePages,2048,1
50,VSM.DynamicRaster,11520,1
50,VSM.LayoutRemap,2560,1
50,VSM.InvalidateStatic,2560,1
50,VSM.StaticCasterCull,175872,1
50,VSM.DynamicCasterCull,0,1
50,VSM.PageCull,156672,1
50,VSM.StaticRasterClear,0,1
50,VSM.StaticRasterDraw,29138176,1
50,VSM.DynamicRasterClear,11520,1
50,VSM.DynamicRasterDraw,0,1
50,VSM.StaticRaster,29138432,1
50,VSM.UnityCompatibilityRaster,0,0
50,VSM.Resolve,5444608,1
50,VSM.ResolveTrace,5306368,1
50,VSM.FilterHorizontal,64768,1
50,VSM.FilterVertical,0,0
50,VSM.FilterTemporalVertical,72448,1
50,VSM.ResetFeedback,1792,1
51,VSM.MarkReceiverPages,998144,1
51,VSM.Allocate,11208192,1
51,VSM.ClearPhysicalPages,474112,1
51,VSM.PageOccupancy,67328,1
51,VSM.FinalizePages,2304,1
51,VSM.DynamicRaster,11008,1
51,VSM.LayoutRemap,2560,1
51,VSM.InvalidateStatic,3072,1
51,VSM.StaticCasterCull,183552,1
51,VSM.DynamicCasterCull,0,1
51,VSM.PageCull,163328,1
51,VSM.StaticRasterClear,0,1
51,VSM.StaticRasterDraw,27897600,1
51,VSM.DynamicRasterClear,11008,1
51,VSM.DynamicRasterDraw,0,1
51,VSM.StaticRaster,27897856,1
51,VSM.UnityCompatibilityRaster,0,0
51,VSM.Resolve,5458432,1
51,VSM.ResolveTrace,5319936,1
51,VSM.FilterHorizontal,64768,1
51,VSM.FilterVertical,0,0
51,VSM.FilterTemporalVertical,72192,1
51,VSM.ResetFeedback,1792,1
52,VSM.MarkReceiverPages,728832,1
52,VSM.Allocate,11225856,1
52,VSM.ClearPhysicalPages,469760,1
52,VSM.PageOccupancy,77568,1
52,VSM.FinalizePages,2304,1
52,VSM.DynamicRaster,11520,1
52,VSM.LayoutRemap,2560,1
52,VSM.InvalidateStatic,2048,1
52,VSM.StaticCasterCull,185344,1
52,VSM.DynamicCasterCull,0,1
52,VSM.PageCull,165376,1
52,VSM.StaticRasterClear,256,1
52,VSM.StaticRasterDraw,27872000,1
52,VSM.DynamicRasterClear,11264,1
52,VSM.DynamicRasterDraw,0,1
52,VSM.StaticRaster,27872256,1
52,VSM.UnityCompatibilityRaster,0,0
52,VSM.Resolve,5043968,1
52,VSM.ResolveTrace,4910848,1
52,VSM.FilterHorizontal,64000,1
52,VSM.FilterVertical,0,0
52,VSM.FilterTemporalVertical,69120,1
52,VSM.ResetFeedback,1792,1
53,VSM.MarkReceiverPages,727040,1
53,VSM.Allocate,11224576,1
53,VSM.ClearPhysicalPages,472064,1
53,VSM.PageOccupancy,68096,1
53,VSM.FinalizePages,2048,1
53,VSM.DynamicRaster,92928,1
53,VSM.LayoutRemap,2304,1
53,VSM.InvalidateStatic,2560,1
53,VSM.StaticCasterCull,173312,1
53,VSM.DynamicCasterCull,0,1
53,VSM.PageCull,153344,1
53,VSM.StaticRasterClear,0,1
53,VSM.StaticRasterDraw,27592192,1
53,VSM.DynamicRasterClear,92928,1
53,VSM.DynamicRasterDraw,0,1
53,VSM.StaticRaster,27592448,1
53,VSM.UnityCompatibilityRaster,0,0
53,VSM.Resolve,5345536,1
53,VSM.ResolveTrace,5208320,1
53,VSM.FilterHorizontal,64000,1
53,VSM.FilterVertical,0,0
53,VSM.FilterTemporalVertical,71680,1
53,VSM.ResetFeedback,2048,1
54,VSM.MarkReceiverPages,1036544,1
54,VSM.Allocate,11355136,1
54,VSM.ClearPhysicalPages,476416,1
54,VSM.PageOccupancy,77312,1
54,VSM.FinalizePages,2048,1
54,VSM.DynamicRaster,10240,1
54,VSM.LayoutRemap,2560,1
54,VSM.InvalidateStatic,2304,1
54,VSM.StaticCasterCull,188416,1
54,VSM.DynamicCasterCull,0,1
54,VSM.PageCull,168448,1
54,VSM.StaticRasterClear,0,1
54,VSM.StaticRasterDraw,27916288,1
54,VSM.DynamicRasterClear,10240,1
54,VSM.DynamicRasterDraw,0,1
54,VSM.StaticRaster,27916288,1
54,VSM.UnityCompatibilityRaster,0,0
54,VSM.Resolve,5459456,1
54,VSM.ResolveTrace,5321472,1
54,VSM.FilterHorizontal,64512,1
54,VSM.FilterVertical,0,0
54,VSM.FilterTemporalVertical,72192,1
54,VSM.ResetFeedback,1792,1
55,VSM.MarkReceiverPages,1048064,1
55,VSM.Allocate,11284736,1
55,VSM.ClearPhysicalPages,472064,1
55,VSM.PageOccupancy,67328,1
55,VSM.FinalizePages,2304,1
55,VSM.DynamicRaster,11264,1
55,VSM.LayoutRemap,2560,1
55,VSM.InvalidateStatic,2304,1
55,VSM.StaticCasterCull,184320,1
55,VSM.DynamicCasterCull,0,1
55,VSM.PageCull,164096,1
55,VSM.StaticRasterClear,0,1
55,VSM.StaticRasterDraw,27372288,1
55,VSM.DynamicRasterClear,11264,1
55,VSM.DynamicRasterDraw,0,1
55,VSM.StaticRaster,27372288,1
55,VSM.UnityCompatibilityRaster,0,0
55,VSM.Resolve,5561856,1
55,VSM.ResolveTrace,5423872,1
55,VSM.FilterHorizontal,64768,1
55,VSM.FilterVertical,0,0
55,VSM.FilterTemporalVertical,71936,1
55,VSM.ResetFeedback,1792,1
56,VSM.MarkReceiverPages,1032448,1
56,VSM.Allocate,11288576,1
56,VSM.ClearPhysicalPages,472320,1
56,VSM.PageOccupancy,74752,1
56,VSM.FinalizePages,2304,1
56,VSM.DynamicRaster,12032,1
56,VSM.LayoutRemap,2560,1
56,VSM.InvalidateStatic,2304,1
56,VSM.StaticCasterCull,182272,1
56,VSM.DynamicCasterCull,0,1
56,VSM.PageCull,162304,1
56,VSM.StaticRasterClear,0,1
56,VSM.StaticRasterDraw,27927296,1
56,VSM.DynamicRasterClear,12032,1
56,VSM.DynamicRasterDraw,0,1
56,VSM.StaticRaster,27927296,1
56,VSM.UnityCompatibilityRaster,0,0
56,VSM.Resolve,5040384,1
56,VSM.ResolveTrace,4905216,1
56,VSM.FilterHorizontal,64000,1
56,VSM.FilterVertical,0,0
56,VSM.FilterTemporalVertical,70912,1
56,VSM.ResetFeedback,2048,1
57,VSM.MarkReceiverPages,729088,1
57,VSM.Allocate,11291648,1
57,VSM.ClearPhysicalPages,472320,1
57,VSM.PageOccupancy,73728,1
57,VSM.FinalizePages,2304,1
57,VSM.DynamicRaster,37120,1
57,VSM.LayoutRemap,2304,1
57,VSM.InvalidateStatic,2048,1
57,VSM.StaticCasterCull,177664,1
57,VSM.DynamicCasterCull,0,1
57,VSM.PageCull,157696,1
57,VSM.StaticRasterClear,256,1
57,VSM.StaticRasterDraw,27873536,1
57,VSM.DynamicRasterClear,37120,1
57,VSM.DynamicRasterDraw,0,1
57,VSM.StaticRaster,27873792,1
57,VSM.UnityCompatibilityRaster,0,0
57,VSM.Resolve,5240320,1
57,VSM.ResolveTrace,4904960,1
57,VSM.FilterHorizontal,64000,1
57,VSM.FilterVertical,0,0
57,VSM.FilterTemporalVertical,270848,1
57,VSM.ResetFeedback,1792,1
58,VSM.MarkReceiverPages,725248,1
58,VSM.Allocate,11319040,1
58,VSM.ClearPhysicalPages,476160,1
58,VSM.PageOccupancy,66304,1
58,VSM.FinalizePages,2048,1
58,VSM.DynamicRaster,84736,1
58,VSM.LayoutRemap,2560,1
58,VSM.InvalidateStatic,2048,1
58,VSM.StaticCasterCull,173568,1
58,VSM.DynamicCasterCull,0,1
58,VSM.PageCull,153856,1
58,VSM.StaticRasterClear,0,1
58,VSM.StaticRasterDraw,27798016,1
58,VSM.DynamicRasterClear,84736,1
58,VSM.DynamicRasterDraw,0,1
58,VSM.StaticRaster,27798272,1
58,VSM.UnityCompatibilityRaster,0,0
58,VSM.Resolve,5027328,1
58,VSM.ResolveTrace,4894464,1
58,VSM.FilterHorizontal,63488,1
58,VSM.FilterVertical,0,0
58,VSM.FilterTemporalVertical,68864,1
58,VSM.ResetFeedback,1792,1
59,VSM.MarkReceiverPages,918528,1
59,VSM.Allocate,11225856,1
59,VSM.ClearPhysicalPages,471040,1
59,VSM.PageOccupancy,76288,1
59,VSM.FinalizePages,2304,1
59,VSM.DynamicRaster,9728,1
59,VSM.LayoutRemap,2560,1
59,VSM.InvalidateStatic,2304,1
59,VSM.StaticCasterCull,183296,1
59,VSM.DynamicCasterCull,0,1
59,VSM.PageCull,163072,1
59,VSM.StaticRasterClear,0,1
59,VSM.StaticRasterDraw,27732992,1
59,VSM.DynamicRasterClear,9728,1
59,VSM.DynamicRasterDraw,0,1
59,VSM.StaticRaster,27733248,1
59,VSM.UnityCompatibilityRaster,0,0
59,VSM.Resolve,5357312,1
59,VSM.ResolveTrace,5221120,1
59,VSM.FilterHorizontal,64000,1
59,VSM.FilterVertical,0,0
59,VSM.FilterTemporalVertical,71168,1
59,VSM.ResetFeedback,2048,1
60,VSM.MarkReceiverPages,1018624,1
60,VSM.Allocate,11275776,1
60,VSM.ClearPhysicalPages,471808,1
60,VSM.PageOccupancy,76288,1
60,VSM.FinalizePages,2048,1
60,VSM.DynamicRaster,93440,1
60,VSM.LayoutRemap,2560,1
60,VSM.InvalidateStatic,2048,1
60,VSM.StaticCasterCull,179456,1
60,VSM.DynamicCasterCull,0,1
60,VSM.PageCull,160000,1
60,VSM.StaticRasterClear,256,1
60,VSM.StaticRasterDraw,27611648,1
60,VSM.DynamicRasterClear,93440,1
60,VSM.DynamicRasterDraw,0,1
60,VSM.StaticRaster,27611904,1
60,VSM.UnityCompatibilityRaster,0,0
60,VSM.Resolve,5804800,1
60,VSM.ResolveTrace,5667072,1
60,VSM.FilterHorizontal,64512,1
60,VSM.FilterVertical,0,0
60,VSM.FilterTemporalVertical,71936,1
60,VSM.ResetFeedback,1792,1
61,VSM.MarkReceiverPages,726016,1
61,VSM.Allocate,11308032,1
61,VSM.ClearPhysicalPages,474880,1
61,VSM.PageOccupancy,76544,1
61,VSM.FinalizePages,2304,1
61,VSM.DynamicRaster,10752,1
61,VSM.LayoutRemap,2048,1
61,VSM.InvalidateStatic,2048,1
61,VSM.StaticCasterCull,380672,1
61,VSM.DynamicCasterCull,0,1
61,VSM.PageCull,161024,1
61,VSM.StaticRasterClear,256,1
61,VSM.StaticRasterDraw,27721472,1
61,VSM.DynamicRasterClear,10752,1
61,VSM.DynamicRasterDraw,0,1
61,VSM.StaticRaster,27721984,1
61,VSM.UnityCompatibilityRaster,0,0
61,VSM.Resolve,5647360,1
61,VSM.ResolveTrace,5510144,1
61,VSM.FilterHorizontal,64512,1
61,VSM.FilterVertical,0,0
61,VSM.FilterTemporalVertical,71680,1
61,VSM.ResetFeedback,2048,1
62,VSM.MarkReceiverPages,729088,1
62,VSM.Allocate,11267072,1
62,VSM.ClearPhysicalPages,471808,1
62,VSM.PageOccupancy,63488,1
62,VSM.FinalizePages,2048,1
62,VSM.DynamicRaster,10752,1
62,VSM.LayoutRemap,2560,1
62,VSM.InvalidateStatic,2048,1
62,VSM.StaticCasterCull,180992,1
62,VSM.DynamicCasterCull,0,1
62,VSM.PageCull,162048,1
62,VSM.StaticRasterClear,0,1
62,VSM.StaticRasterDraw,27784192,1
62,VSM.DynamicRasterClear,10752,1
62,VSM.DynamicRasterDraw,0,1
62,VSM.StaticRaster,27784192,1
62,VSM.UnityCompatibilityRaster,0,0
62,VSM.Resolve,5039104,1
62,VSM.ResolveTrace,4904960,1
62,VSM.FilterHorizontal,63488,1
62,VSM.FilterVertical,0,0
62,VSM.FilterTemporalVertical,70656,1
62,VSM.ResetFeedback,1792,1
63,VSM.MarkReceiverPages,930816,1
63,VSM.Allocate,11264512,1
63,VSM.ClearPhysicalPages,472064,1
63,VSM.PageOccupancy,66816,1
63,VSM.FinalizePages,2048,1
63,VSM.DynamicRaster,93440,1
63,VSM.LayoutRemap,2560,1
63,VSM.InvalidateStatic,2304,1
63,VSM.StaticCasterCull,171264,1
63,VSM.DynamicCasterCull,0,1
63,VSM.PageCull,151040,1
63,VSM.StaticRasterClear,0,1
63,VSM.StaticRasterDraw,27326720,1
63,VSM.DynamicRasterClear,93440,1
63,VSM.DynamicRasterDraw,0,1
63,VSM.StaticRaster,27326976,1
63,VSM.UnityCompatibilityRaster,0,0
63,VSM.Resolve,5038848,1
63,VSM.ResolveTrace,4905984,1
63,VSM.FilterHorizontal,63744,1
63,VSM.FilterVertical,0,0
63,VSM.FilterTemporalVertical,68864,1
63,VSM.ResetFeedback,1792,1
64,VSM.MarkReceiverPages,727296,1
64,VSM.Allocate,11403776,1
64,VSM.ClearPhysicalPages,494080,1
64,VSM.PageOccupancy,74240,1
64,VSM.FinalizePages,2048,1
64,VSM.DynamicRaster,12800,1
64,VSM.LayoutRemap,2304,1
64,VSM.InvalidateStatic,3072,1
64,VSM.StaticCasterCull,202496,1
64,VSM.DynamicCasterCull,0,1
64,VSM.PageCull,166144,1
64,VSM.StaticRasterClear,0,1
64,VSM.StaticRasterDraw,28900608,1
64,VSM.DynamicRasterClear,12800,1
64,VSM.DynamicRasterDraw,0,1
64,VSM.StaticRaster,28900608,1
64,VSM.UnityCompatibilityRaster,0,0
64,VSM.Resolve,6014464,1
64,VSM.ResolveTrace,5875200,1
64,VSM.FilterHorizontal,65536,1
64,VSM.FilterVertical,0,0
64,VSM.FilterTemporalVertical,72448,1
64,VSM.ResetFeedback,2048,1
65,VSM.MarkReceiverPages,727040,1
65,VSM.Allocate,11382528,1
65,VSM.ClearPhysicalPages,475904,1
65,VSM.PageOccupancy,77568,1
65,VSM.FinalizePages,2304,1
65,VSM.DynamicRaster,11264,1
65,VSM.LayoutRemap,2560,1
65,VSM.InvalidateStatic,2048,1
65,VSM.StaticCasterCull,169984,1
65,VSM.DynamicCasterCull,0,1
65,VSM.PageCull,150016,1
65,VSM.StaticRasterClear,0,1
65,VSM.StaticRasterDraw,28654848,1
65,VSM.DynamicRasterClear,11264,1
65,VSM.DynamicRasterDraw,0,1
65,VSM.StaticRaster,28655616,1
65,VSM.UnityCompatibilityRaster,0,0
65,VSM.Resolve,5917952,1
65,VSM.ResolveTrace,5781504,1
65,VSM.FilterHorizontal,64512,1
65,VSM.FilterVertical,0,0
65,VSM.FilterTemporalVertical,71168,1
65,VSM.ResetFeedback,1792,1
66,VSM.MarkReceiverPages,727296,1
66,VSM.Allocate,11384832,1
66,VSM.ClearPhysicalPages,476928,1
66,VSM.PageOccupancy,74240,1
66,VSM.FinalizePages,2304,1
66,VSM.DynamicRaster,11520,1
66,VSM.LayoutRemap,2560,1
66,VSM.InvalidateStatic,2560,1
66,VSM.StaticCasterCull,178432,1
66,VSM.DynamicCasterCull,256,1
66,VSM.PageCull,158464,1
66,VSM.StaticRasterClear,0,1
66,VSM.StaticRasterDraw,28737536,1
66,VSM.DynamicRasterClear,11520,1
66,VSM.DynamicRasterDraw,0,1
66,VSM.StaticRaster,28737792,1
66,VSM.UnityCompatibilityRaster,0,0
66,VSM.Resolve,6124032,1
66,VSM.ResolveTrace,5985536,1
66,VSM.FilterHorizontal,64768,1
66,VSM.FilterVertical,0,0
66,VSM.FilterTemporalVertical,72704,1
66,VSM.ResetFeedback,1792,1
67,VSM.MarkReceiverPages,1060608,1
67,VSM.Allocate,11188224,1
67,VSM.ClearPhysicalPages,470272,1
67,VSM.PageOccupancy,65792,1
67,VSM.FinalizePages,2304,1
67,VSM.DynamicRaster,17920,1
67,VSM.LayoutRemap,2560,1
67,VSM.InvalidateStatic,2304,1
67,VSM.StaticCasterCull,183808,1
67,VSM.DynamicCasterCull,0,1
67,VSM.PageCull,163840,1
67,VSM.StaticRasterClear,0,1
67,VSM.StaticRasterDraw,27750400,1
67,VSM.DynamicRasterClear,17920,1
67,VSM.DynamicRasterDraw,0,1
67,VSM.StaticRaster,27750656,1
67,VSM.UnityCompatibilityRaster,0,0
67,VSM.Resolve,5953792,1
67,VSM.ResolveTrace,5813760,1
67,VSM.FilterHorizontal,66048,1
67,VSM.FilterVertical,0,0
67,VSM.FilterTemporalVertical,72704,1
67,VSM.ResetFeedback,1792,1
68,VSM.MarkReceiverPages,727552,1
68,VSM.Allocate,11227904,1
68,VSM.ClearPhysicalPages,471040,1
68,VSM.PageOccupancy,75520,1
68,VSM.FinalizePages,1792,1
68,VSM.DynamicRaster,11008,1
68,VSM.LayoutRemap,2304,1
68,VSM.InvalidateStatic,2048,1
68,VSM.StaticCasterCull,180736,1
68,VSM.DynamicCasterCull,0,1
68,VSM.PageCull,160512,1
68,VSM.StaticRasterClear,0,1
68,VSM.StaticRasterDraw,28087552,1
68,VSM.DynamicRasterClear,10752,1
68,VSM.DynamicRasterDraw,0,1
68,VSM.StaticRaster,28087808,1
68,VSM.UnityCompatibilityRaster,0,0
68,VSM.Resolve,5637632,1
68,VSM.ResolveTrace,5499136,1
68,VSM.FilterHorizontal,65536,1
68,VSM.FilterVertical,0,0
68,VSM.FilterTemporalVertical,71936,1
68,VSM.ResetFeedback,2048,1
69,VSM.MarkReceiverPages,1042432,1
69,VSM.Allocate,11254272,1
69,VSM.ClearPhysicalPages,471040,1
69,VSM.PageOccupancy,73216,1
69,VSM.FinalizePages,2304,1
69,VSM.DynamicRaster,89856,1
69,VSM.LayoutRemap,2304,1
69,VSM.InvalidateStatic,2048,1
69,VSM.StaticCasterCull,182016,1
69,VSM.DynamicCasterCull,0,1
69,VSM.PageCull,162304,1
69,VSM.StaticRasterClear,0,1
69,VSM.StaticRasterDraw,27250176,1
69,VSM.DynamicRasterClear,89856,1
69,VSM.DynamicRasterDraw,0,1
69,VSM.StaticRaster,27250432,1
69,VSM.UnityCompatibilityRaster,0,0
69,VSM.Resolve,5025536,1
69,VSM.ResolveTrace,4892672,1
69,VSM.FilterHorizontal,63488,1
69,VSM.FilterVertical,0,0
69,VSM.FilterTemporalVertical,69120,1
69,VSM.ResetFeedback,2048,1
70,VSM.MarkReceiverPages,731136,1
70,VSM.Allocate,11259136,1
70,VSM.ClearPhysicalPages,471296,1
70,VSM.PageOccupancy,69888,1
70,VSM.FinalizePages,2304,1
70,VSM.DynamicRaster,10240,1
70,VSM.LayoutRemap,2304,1
70,VSM.InvalidateStatic,2048,1
70,VSM.StaticCasterCull,178944,1
70,VSM.DynamicCasterCull,0,1
70,VSM.PageCull,159744,1
70,VSM.StaticRasterClear,0,1
70,VSM.StaticRasterDraw,28027136,1
70,VSM.DynamicRasterClear,10240,1
70,VSM.DynamicRasterDraw,0,1
70,VSM.StaticRaster,28027392,1
70,VSM.UnityCompatibilityRaster,0,0
70,VSM.Resolve,5038336,1
70,VSM.ResolveTrace,4903424,1
70,VSM.FilterHorizontal,64512,1
70,VSM.FilterVertical,0,0
70,VSM.FilterTemporalVertical,70400,1
70,VSM.ResetFeedback,2048,1
71,VSM.MarkReceiverPages,725504,1
71,VSM.Allocate,11342080,1
71,VSM.ClearPhysicalPages,475648,1
71,VSM.PageOccupancy,74496,1
71,VSM.FinalizePages,2048,1
71,VSM.DynamicRaster,92160,1
71,VSM.LayoutRemap,2304,1
71,VSM.InvalidateStatic,2048,1
71,VSM.StaticCasterCull,177920,1
71,VSM.DynamicCasterCull,0,1
71,VSM.PageCull,158464,1
71,VSM.StaticRasterClear,0,1
71,VSM.StaticRasterDraw,27538944,1
71,VSM.DynamicRasterClear,92160,1
71,VSM.DynamicRasterDraw,0,1
71,VSM.StaticRaster,27539200,1
71,VSM.UnityCompatibilityRaster,0,0
71,VSM.Resolve,4971776,1
71,VSM.ResolveTrace,4836864,1
71,VSM.FilterHorizontal,63744,1
71,VSM.FilterVertical,0,0
71,VSM.FilterTemporalVertical,70656,1
71,VSM.ResetFeedback,1792,1
72,VSM.MarkReceiverPages,1045760,1
72,VSM.Allocate,11285248,1
72,VSM.ClearPhysicalPages,471808,1
72,VSM.PageOccupancy,67072,1
72,VSM.FinalizePages,2304,1
72,VSM.DynamicRaster,94720,1
72,VSM.LayoutRemap,2304,1
72,VSM.InvalidateStatic,2560,1
72,VSM.StaticCasterCull,175104,1
72,VSM.DynamicCasterCull,0,1
72,VSM.PageCull,155392,1
72,VSM.StaticRasterClear,0,1
72,VSM.StaticRasterDraw,28036096,1
72,VSM.DynamicRasterClear,94720,1
72,VSM.DynamicRasterDraw,0,1
72,VSM.StaticRaster,28036096,1
72,VSM.UnityCompatibilityRaster,0,0
72,VSM.Resolve,5993472,1
72,VSM.ResolveTrace,5677056,1
72,VSM.FilterHorizontal,243968,1
72,VSM.FilterVertical,0,0
72,VSM.FilterTemporalVertical,70912,1
72,VSM.ResetFeedback,1792,1
73,VSM.MarkReceiverPages,1281024,1
73,VSM.Allocate,11324672,1
73,VSM.ClearPhysicalPages,472576,1
73,VSM.PageOccupancy,75008,1
73,VSM.FinalizePages,2048,1
73,VSM.DynamicRaster,29184,1
73,VSM.LayoutRemap,2304,1
73,VSM.InvalidateStatic,2048,1
73,VSM.StaticCasterCull,173568,1
73,VSM.DynamicCasterCull,0,1
73,VSM.PageCull,153856,1
73,VSM.StaticRasterClear,256,1
73,VSM.StaticRasterDraw,28207360,1
73,VSM.DynamicRasterClear,29184,1
73,VSM.DynamicRasterDraw,0,1
73,VSM.StaticRaster,28207616,1
73,VSM.UnityCompatibilityRaster,0,0
73,VSM.Resolve,5527808,1
73,VSM.ResolveTrace,5390080,1
73,VSM.FilterHorizontal,64768,1
73,VSM.FilterVertical,0,0
73,VSM.FilterTemporalVertical,71936,1
73,VSM.ResetFeedback,2048,1
74,VSM.MarkReceiverPages,956928,1
74,VSM.Allocate,11267840,1
74,VSM.ClearPhysicalPages,472064,1
74,VSM.PageOccupancy,68096,1
74,VSM.FinalizePages,2560,1
74,VSM.DynamicRaster,10240,1
74,VSM.LayoutRemap,2304,1
74,VSM.InvalidateStatic,2816,1
74,VSM.StaticCasterCull,183040,1
74,VSM.DynamicCasterCull,0,1
74,VSM.PageCull,162816,1
74,VSM.StaticRasterClear,0,1
74,VSM.StaticRasterDraw,28082944,1
74,VSM.DynamicRasterClear,10240,1
74,VSM.DynamicRasterDraw,0,1
74,VSM.StaticRaster,28083200,1
74,VSM.UnityCompatibilityRaster,0,0
74,VSM.Resolve,5761280,1
74,VSM.ResolveTrace,5624064,1
74,VSM.FilterHorizontal,64512,1
74,VSM.FilterVertical,0,0
74,VSM.FilterTemporalVertical,71680,1
74,VSM.ResetFeedback,2048,1
75,VSM.MarkReceiverPages,729856,1
75,VSM.Allocate,11313664,1
75,VSM.ClearPhysicalPages,476928,1
75,VSM.PageOccupancy,67840,1
75,VSM.FinalizePages,2048,1
75,VSM.DynamicRaster,11008,1
75,VSM.LayoutRemap,2304,1
75,VSM.InvalidateStatic,2560,1
75,VSM.StaticCasterCull,184320,1
75,VSM.DynamicCasterCull,0,1
75,VSM.PageCull,164608,1
75,VSM.StaticRasterClear,0,1
75,VSM.StaticRasterDraw,28324096,1
75,VSM.DynamicRasterClear,11008,1
75,VSM.DynamicRasterDraw,0,1
75,VSM.StaticRaster,28324096,1
75,VSM.UnityCompatibilityRaster,0,0
75,VSM.Resolve,5755136,1
75,VSM.ResolveTrace,5617408,1
75,VSM.FilterHorizontal,65024,1
75,VSM.FilterVertical,0,0
75,VSM.FilterTemporalVertical,71680,1
75,VSM.ResetFeedback,2048,1
76,VSM.MarkReceiverPages,942336,1
76,VSM.Allocate,11313664,1
76,VSM.ClearPhysicalPages,476672,1
76,VSM.PageOccupancy,63744,1
76,VSM.FinalizePages,2304,1
76,VSM.DynamicRaster,11520,1
76,VSM.LayoutRemap,2048,1
76,VSM.InvalidateStatic,2816,1
76,VSM.StaticCasterCull,185856,1
76,VSM.DynamicCasterCull,0,1
76,VSM.PageCull,166144,1
76,VSM.StaticRasterClear,0,1
76,VSM.StaticRasterDraw,28774912,1
76,VSM.DynamicRasterClear,11264,1
76,VSM.DynamicRasterDraw,0,1
76,VSM.StaticRaster,28775168,1
76,VSM.UnityCompatibilityRaster,0,0
76,VSM.Resolve,6189056,1
76,VSM.ResolveTrace,5797376,1
76,VSM.FilterHorizontal,67584,1
76,VSM.FilterVertical,0,0
76,VSM.FilterTemporalVertical,72704,1
76,VSM.ResetFeedback,1792,1
77,VSM.MarkReceiverPages,933632,1
77,VSM.Allocate,11224576,1
77,VSM.ClearPhysicalPages,471808,1
77,VSM.PageOccupancy,78592,1
77,VSM.FinalizePages,2048,1
77,VSM.DynamicRaster,11264,1
77,VSM.LayoutRemap,2304,1
77,VSM.InvalidateStatic,2560,1
77,VSM.StaticCasterCull,171264,1
77,VSM.DynamicCasterCull,0,1
77,VSM.PageCull,151296,1
77,VSM.StaticRasterClear,0,1
77,VSM.StaticRasterDraw,28546816,1
77,VSM.DynamicRasterClear,11264,1
77,VSM.DynamicRasterDraw,0,1
77,VSM.StaticRaster,28546816,1
77,VSM.UnityCompatibilityRaster,0,0
77,VSM.Resolve,6204160,1
77,VSM.ResolveTrace,6063104,1
77,VSM.FilterHorizontal,67584,1
77,VSM.FilterVertical,0,0
77,VSM.FilterTemporalVertical,72192,1
77,VSM.ResetFeedback,1792,1
78,VSM.MarkReceiverPages,1007360,1
78,VSM.Allocate,11276288,1
78,VSM.ClearPhysicalPages,471552,1
78,VSM.PageOccupancy,65792,1
78,VSM.FinalizePages,2048,1
78,VSM.DynamicRaster,92928,1
78,VSM.LayoutRemap,2560,1
78,VSM.InvalidateStatic,2304,1
78,VSM.StaticCasterCull,173568,1
78,VSM.DynamicCasterCull,0,1
78,VSM.PageCull,153600,1
78,VSM.StaticRasterClear,0,1
78,VSM.StaticRasterDraw,28019456,1
78,VSM.DynamicRasterClear,92928,1
78,VSM.DynamicRasterDraw,0,1
78,VSM.StaticRaster,28019456,1
78,VSM.UnityCompatibilityRaster,0,0
78,VSM.Resolve,5388032,1
78,VSM.ResolveTrace,5250560,1
78,VSM.FilterHorizontal,64512,1
78,VSM.FilterVertical,0,0
78,VSM.FilterTemporalVertical,71936,1
78,VSM.ResetFeedback,2048,1
79,VSM.MarkReceiverPages,1078528,1
79,VSM.Allocate,11290624,1
79,VSM.ClearPhysicalPages,471296,1
79,VSM.PageOccupancy,73728,1
79,VSM.FinalizePages,2048,1
79,VSM.DynamicRaster,11520,1
79,VSM.LayoutRemap,2304,1
79,VSM.InvalidateStatic,2304,1
79,VSM.StaticCasterCull,176896,1
79,VSM.DynamicCasterCull,0,1
79,VSM.PageCull,157440,1
79,VSM.StaticRasterClear,256,1
79,VSM.StaticRasterDraw,28036352,1
79,VSM.DynamicRasterClear,11520,1
79,VSM.DynamicRasterDraw,0,1
79,VSM.StaticRaster,28036608,1
79,VSM.UnityCompatibilityRaster,0,0
79,VSM.Resolve,5386752,1
79,VSM.ResolveTrace,5251840,1
79,VSM.FilterHorizontal,64256,1
79,VSM.FilterVertical,0,0
79,VSM.FilterTemporalVertical,69632,1
79,VSM.ResetFeedback,2048,1
80,VSM.MarkReceiverPages,1184256,1
80,VSM.Allocate,11437312,1
80,VSM.ClearPhysicalPages,477696,1
80,VSM.PageOccupancy,63744,1
80,VSM.FinalizePages,2048,1
80,VSM.DynamicRaster,11264,1
80,VSM.LayoutRemap,2304,1
80,VSM.InvalidateStatic,2304,1
80,VSM.StaticCasterCull,184832,1
80,VSM.DynamicCasterCull,0,1
80,VSM.PageCull,165120,1
80,VSM.StaticRasterClear,0,1
80,VSM.StaticRasterDraw,27866368,1
80,VSM.DynamicRasterClear,11264,1
80,VSM.DynamicRasterDraw,0,1
80,VSM.StaticRaster,27866624,1
80,VSM.UnityCompatibilityRaster,0,0
80,VSM.Resolve,5036544,1
80,VSM.ResolveTrace,4901632,1
80,VSM.FilterHorizontal,63744,1
80,VSM.FilterVertical,0,0
80,VSM.FilterTemporalVertical,70656,1
80,VSM.ResetFeedback,2048,1
81,VSM.MarkReceiverPages,728064,1
81,VSM.Allocate,11337728,1
81,VSM.ClearPhysicalPages,476928,1
81,VSM.PageOccupancy,61696,1
81,VSM.FinalizePages,2048,1
81,VSM.DynamicRaster,81664,1
81,VSM.LayoutRemap,2304,1
81,VSM.InvalidateStatic,2048,1
81,VSM.StaticCasterCull,184576,1
81,VSM.DynamicCasterCull,0,1
81,VSM.PageCull,164352,1
81,VSM.StaticRasterClear,0,1
81,VSM.StaticRasterDraw,27805696,1
81,VSM.DynamicRasterClear,81664,1
81,VSM.DynamicRasterDraw,0,1
81,VSM.StaticRaster,27805952,1
81,VSM.UnityCompatibilityRaster,0,0
81,VSM.Resolve,5373696,1
81,VSM.ResolveTrace,5237248,1
81,VSM.FilterHorizontal,64512,1
81,VSM.FilterVertical,0,0
81,VSM.FilterTemporalVertical,70912,1
81,VSM.ResetFeedback,2048,1
82,VSM.MarkReceiverPages,726528,1
82,VSM.Allocate,11325696,1
82,VSM.ClearPhysicalPages,473600,1
82,VSM.PageOccupancy,65536,1
82,VSM.FinalizePages,2304,1
82,VSM.DynamicRaster,91648,1
82,VSM.LayoutRemap,2304,1
82,VSM.InvalidateStatic,2560,1
82,VSM.StaticCasterCull,176128,1
82,VSM.DynamicCasterCull,0,1
82,VSM.PageCull,156416,1
82,VSM.StaticRasterClear,0,1
82,VSM.StaticRasterDraw,28162048,1
82,VSM.DynamicRasterClear,91648,1
82,VSM.DynamicRasterDraw,0,1
82,VSM.StaticRaster,28162048,1
82,VSM.UnityCompatibilityRaster,0,0
82,VSM.Resolve,5662464,1
82,VSM.ResolveTrace,5310464,1
82,VSM.FilterHorizontal,65792,1
82,VSM.FilterVertical,0,0
82,VSM.FilterTemporalVertical,71680,1
82,VSM.ResetFeedback,2048,1
83,VSM.MarkReceiverPages,913920,1
83,VSM.Allocate,11161600,1
83,VSM.ClearPhysicalPages,470272,1
83,VSM.PageOccupancy,67328,1
83,VSM.FinalizePages,2048,1
83,VSM.DynamicRaster,85248,1
83,VSM.LayoutRemap,2304,1
83,VSM.InvalidateStatic,2560,1
83,VSM.StaticCasterCull,174080,1
83,VSM.DynamicCasterCull,0,1
83,VSM.PageCull,154368,1
83,VSM.StaticRasterClear,0,1
83,VSM.StaticRasterDraw,27923712,1
83,VSM.DynamicRasterClear,85248,1
83,VSM.DynamicRasterDraw,0,1
83,VSM.StaticRaster,27923712,1
83,VSM.UnityCompatibilityRaster,0,0
83,VSM.Resolve,5786880,1
83,VSM.ResolveTrace,5647104,1
83,VSM.FilterHorizontal,66304,1
83,VSM.FilterVertical,0,0
83,VSM.FilterTemporalVertical,72448,1
83,VSM.ResetFeedback,1792,1
84,VSM.MarkReceiverPages,1145600,1
84,VSM.Allocate,11258624,1
84,VSM.ClearPhysicalPages,471296,1
84,VSM.PageOccupancy,69376,1
84,VSM.FinalizePages,2560,1
84,VSM.DynamicRaster,90624,1
84,VSM.LayoutRemap,2304,1
84,VSM.InvalidateStatic,2560,1
84,VSM.StaticCasterCull,174592,1
84,VSM.DynamicCasterCull,0,1
84,VSM.PageCull,154880,1
84,VSM.StaticRasterClear,256,1
84,VSM.StaticRasterDraw,27602432,1
84,VSM.DynamicRasterClear,90624,1
84,VSM.DynamicRasterDraw,0,1
84,VSM.StaticRaster,27602688,1
84,VSM.UnityCompatibilityRaster,0,0
84,VSM.Resolve,5052160,1
84,VSM.ResolveTrace,4916992,1
84,VSM.FilterHorizontal,64000,1
84,VSM.FilterVertical,0,0
84,VSM.FilterTemporalVertical,70912,1
84,VSM.ResetFeedback,2048,1
85,VSM.MarkReceiverPages,725248,1
85,VSM.Allocate,11293696,1
85,VSM.ClearPhysicalPages,475904,1
85,VSM.PageOccupancy,78592,1
85,VSM.FinalizePages,2048,1
85,VSM.DynamicRaster,12032,1
85,VSM.LayoutRemap,2304,1
85,VSM.InvalidateStatic,2560,1
85,VSM.StaticCasterCull,177152,1
85,VSM.DynamicCasterCull,0,1
85,VSM.PageCull,156672,1
85,VSM.StaticRasterClear,256,1
85,VSM.StaticRasterDraw,28204288,1
85,VSM.DynamicRasterClear,12032,1
85,VSM.DynamicRasterDraw,0,1
85,VSM.StaticRaster,28204544,1
85,VSM.UnityCompatibilityRaster,0,0
85,VSM.Resolve,6139136,1
85,VSM.ResolveTrace,5998336,1
85,VSM.FilterHorizontal,66816,1
85,VSM.FilterVertical,0,0
85,VSM.FilterTemporalVertical,72704,1
85,VSM.ResetFeedback,2048,1
86,VSM.MarkReceiverPages,1011712,1
86,VSM.Allocate,11278336,1
86,VSM.ClearPhysicalPages,471552,1
86,VSM.PageOccupancy,79360,1
86,VSM.FinalizePages,2048,1
86,VSM.DynamicRaster,12288,1
86,VSM.LayoutRemap,2304,1
86,VSM.InvalidateStatic,2048,1
86,VSM.StaticCasterCull,173312,1
86,VSM.DynamicCasterCull,0,1
86,VSM.PageCull,153088,1
86,VSM.StaticRasterClear,0,1
86,VSM.StaticRasterDraw,27994112,1
86,VSM.DynamicRasterClear,12288,1
86,VSM.DynamicRasterDraw,0,1
86,VSM.StaticRaster,27994112,1
86,VSM.UnityCompatibilityRaster,0,0
86,VSM.Resolve,6432256,1
86,VSM.ResolveTrace,6291968,1
86,VSM.FilterHorizontal,67584,1
86,VSM.FilterVertical,0,0
86,VSM.FilterTemporalVertical,71680,1
86,VSM.ResetFeedback,1792,1
87,VSM.MarkReceiverPages,1175296,1
87,VSM.Allocate,11292416,1
87,VSM.ClearPhysicalPages,472320,1
87,VSM.PageOccupancy,64512,1
87,VSM.FinalizePages,2304,1
87,VSM.DynamicRaster,91136,1
87,VSM.LayoutRemap,2304,1
87,VSM.InvalidateStatic,2304,1
87,VSM.StaticCasterCull,169728,1
87,VSM.DynamicCasterCull,0,1
87,VSM.PageCull,149504,1
87,VSM.StaticRasterClear,0,1
87,VSM.StaticRasterDraw,28141824,1
87,VSM.DynamicRasterClear,90880,1
87,VSM.DynamicRasterDraw,256,1
87,VSM.StaticRaster,28142080,1
87,VSM.UnityCompatibilityRaster,0,0
87,VSM.Resolve,5791232,1
87,VSM.ResolveTrace,5651456,1
87,VSM.FilterHorizontal,66048,1
87,VSM.FilterVertical,0,0
87,VSM.FilterTemporalVertical,72192,1
87,VSM.ResetFeedback,2048,1
88,VSM.MarkReceiverPages,728320,1
88,VSM.Allocate,11261696,1
88,VSM.ClearPhysicalPages,471552,1
88,VSM.PageOccupancy,75264,1
88,VSM.FinalizePages,1792,1
88,VSM.DynamicRaster,66816,1
88,VSM.LayoutRemap,2560,1
88,VSM.InvalidateStatic,2048,1
88,VSM.StaticCasterCull,175104,1
88,VSM.DynamicCasterCull,0,1
88,VSM.PageCull,155392,1
88,VSM.StaticRasterClear,0,1
88,VSM.StaticRasterDraw,27882752,1
88,VSM.DynamicRasterClear,66816,1
88,VSM.DynamicRasterDraw,0,1
88,VSM.StaticRaster,27882752,1
88,VSM.UnityCompatibilityRaster,0,0
88,VSM.Resolve,6033920,1
88,VSM.ResolveTrace,5673728,1
88,VSM.FilterHorizontal,65280,1
88,VSM.FilterVertical,0,0
88,VSM.FilterTemporalVertical,293888,1
88,VSM.ResetFeedback,2048,1
89,VSM.MarkReceiverPages,1171200,1
89,VSM.Allocate,11441664,1
89,VSM.ClearPhysicalPages,476928,1
89,VSM.PageOccupancy,74752,1
89,VSM.FinalizePages,2304,1
89,VSM.DynamicRaster,92416,1
89,VSM.LayoutRemap,2304,1
89,VSM.InvalidateStatic,2816,1
89,VSM.StaticCasterCull,177152,1
89,VSM.DynamicCasterCull,0,1
89,VSM.PageCull,157184,1
89,VSM.StaticRasterClear,0,1
89,VSM.StaticRasterDraw,28155392,1
89,VSM.DynamicRasterClear,92416,1
89,VSM.DynamicRasterDraw,0,1
89,VSM.StaticRaster,28155648,1
89,VSM.UnityCompatibilityRaster,0,0
89,VSM.Resolve,5811200,1
89,VSM.ResolveTrace,5671424,1
89,VSM.FilterHorizontal,66560,1
89,VSM.FilterVertical,0,0
89,VSM.FilterTemporalVertical,71936,1
89,VSM.ResetFeedback,2048,1
90,VSM.MarkReceiverPages,726784,1
90,VSM.Allocate,11343360,1
90,VSM.ClearPhysicalPages,476160,1
90,VSM.PageOccupancy,78592,1
90,VSM.FinalizePages,2304,1
90,VSM.DynamicRaster,17152,1
90,VSM.LayoutRemap,2560,1
90,VSM.InvalidateStatic,2816,1
90,VSM.StaticCasterCull,171008,1
90,VSM.DynamicCasterCull,0,1
90,VSM.PageCull,151296,1
90,VSM.StaticRasterClear,256,1
90,VSM.StaticRasterDraw,27506688,1
90,VSM.DynamicRasterClear,17152,1
90,VSM.DynamicRasterDraw,0,1
90,VSM.StaticRaster,27506944,1
90,VSM.UnityCompatibilityRaster,0,0
90,VSM.Resolve,5035264,1
90,VSM.ResolveTrace,4899584,1
90,VSM.FilterHorizontal,64000,1
90,VSM.FilterVertical,0,0
90,VSM.FilterTemporalVertical,70912,1
90,VSM.ResetFeedback,1792,1
91,VSM.MarkReceiverPages,729088,1
91,VSM.Allocate,11229440,1
91,VSM.ClearPhysicalPages,471808,1
91,VSM.PageOccupancy,69120,1
91,VSM.FinalizePages,2304,1
91,VSM.DynamicRaster,83968,1
91,VSM.LayoutRemap,2048,1
91,VSM.InvalidateStatic,2560,1
91,VSM.StaticCasterCull,184576,1
91,VSM.DynamicCasterCull,0,1
91,VSM.PageCull,164352,1
91,VSM.StaticRasterClear,0,1
91,VSM.StaticRasterDraw,27660800,1
91,VSM.DynamicRasterClear,83968,1
91,VSM.DynamicRasterDraw,0,1
91,VSM.StaticRaster,27661056,1
91,VSM.UnityCompatibilityRaster,0,0
91,VSM.Resolve,5046016,1
91,VSM.ResolveTrace,4912896,1
91,VSM.FilterHorizontal,64000,1
91,VSM.FilterVertical,0,0
91,VSM.FilterTemporalVertical,69120,1
91,VSM.ResetFeedback,1792,1
92,VSM.MarkReceiverPages,1179136,1
92,VSM.Allocate,11287040,1
92,VSM.ClearPhysicalPages,472576,1
92,VSM.PageOccupancy,74240,1
92,VSM.FinalizePages,2304,1
92,VSM.DynamicRaster,41472,1
92,VSM.LayoutRemap,2560,1
92,VSM.InvalidateStatic,2560,1
92,VSM.StaticCasterCull,187392,1
92,VSM.DynamicCasterCull,0,1
92,VSM.PageCull,167168,1
92,VSM.StaticRasterClear,0,1
92,VSM.StaticRasterDraw,27365888,1
92,VSM.DynamicRasterClear,41472,1
92,VSM.DynamicRasterDraw,0,1
92,VSM.StaticRaster,27366144,1
92,VSM.UnityCompatibilityRaster,0,0
92,VSM.Resolve,5035520,1
92,VSM.ResolveTrace,4902656,1
92,VSM.FilterHorizontal,63744,1
92,VSM.FilterVertical,0,0
92,VSM.FilterTemporalVertical,69120,1
92,VSM.ResetFeedback,1792,1
93,VSM.MarkReceiverPages,725760,1
93,VSM.Allocate,11337472,1
93,VSM.ClearPhysicalPages,475392,1
93,VSM.PageOccupancy,74240,1
93,VSM.FinalizePages,2048,1
93,VSM.DynamicRaster,26624,1
93,VSM.LayoutRemap,2304,1
93,VSM.InvalidateStatic,2304,1
93,VSM.StaticCasterCull,178944,1
93,VSM.DynamicCasterCull,0,1
93,VSM.PageCull,158720,1
93,VSM.StaticRasterClear,0,1
93,VSM.StaticRasterDraw,27955200,1
93,VSM.DynamicRasterClear,26624,1
93,VSM.DynamicRasterDraw,0,1
93,VSM.StaticRaster,27955456,1
93,VSM.UnityCompatibilityRaster,0,0
93,VSM.Resolve,7096320,1
93,VSM.ResolveTrace,6956800,1
93,VSM.FilterHorizontal,65792,1
93,VSM.FilterVertical,0,0
93,VSM.FilterTemporalVertical,72448,1
93,VSM.ResetFeedback,1792,1
94,VSM.MarkReceiverPages,1063680,1
94,VSM.Allocate,11386624,1
94,VSM.ClearPhysicalPages,475648,1
94,VSM.PageOccupancy,66560,1
94,VSM.FinalizePages,2560,1
94,VSM.DynamicRaster,11008,1
94,VSM.LayoutRemap,2304,1
94,VSM.InvalidateStatic,2560,1
94,VSM.StaticCasterCull,178432,1
94,VSM.DynamicCasterCull,0,1
94,VSM.PageCull,158720,1
94,VSM.StaticRasterClear,256,1
94,VSM.StaticRasterDraw,29268736,1
94,VSM.DynamicRasterClear,11008,1
94,VSM.DynamicRasterDraw,0,1
94,VSM.StaticRaster,29268992,1
94,VSM.UnityCompatibilityRaster,0,0
94,VSM.Resolve,5559040,1
94,VSM.ResolveTrace,5418752,1
94,VSM.FilterHorizontal,67072,1
94,VSM.FilterVertical,0,0
94,VSM.FilterTemporalVertical,71936,1
94,VSM.ResetFeedback,2048,1
95,VSM.MarkReceiverPages,1144064,1
95,VSM.Allocate,11375360,1
95,VSM.ClearPhysicalPages,508928,1
95,VSM.PageOccupancy,75264,1
95,VSM.FinalizePages,2048,1
95,VSM.DynamicRaster,92160,1
95,VSM.LayoutRemap,2304,1
95,VSM.InvalidateStatic,2816,1
95,VSM.StaticCasterCull,181760,1
95,VSM.DynamicCasterCull,0,1
95,VSM.PageCull,162048,1
95,VSM.StaticRasterClear,256,1
95,VSM.StaticRasterDraw,28760832,1
95,VSM.DynamicRasterClear,92160,1
95,VSM.DynamicRasterDraw,0,1
95,VSM.StaticRaster,28761088,1
95,VSM.UnityCompatibilityRaster,0,0
95,VSM.Resolve,6231808,1
95,VSM.ResolveTrace,6092544,1
95,VSM.FilterHorizontal,65536,1
95,VSM.FilterVertical,0,0
95,VSM.FilterTemporalVertical,72192,1
95,VSM.ResetFeedback,1792,1
