observation_frame,unscaled_time,frame_timing_timestamp,segment,"frame_interval_ms","cpu_frame_ms","gpu_frame_ms","cpu_render_thread_ms","gc_allocated_in_editor_frame_bytes","VSM.LayoutRemap_gpu_ms","VSM.MarkReceiverPages_gpu_ms","VSM.Allocate_gpu_ms","VSM.InvalidateStatic_gpu_ms","VSM.ClearPhysicalPages_gpu_ms","VSM.StaticCasterCull_gpu_ms","VSM.DynamicCasterCull_gpu_ms","VSM.PageCull_gpu_ms","VSM.StaticRaster_gpu_ms","VSM.DynamicRaster_gpu_ms","VSM.UnityCompatibilityRaster_gpu_ms","VSM.FinalizePages_gpu_ms","VSM.ResetFeedback_gpu_ms","VSM.Resolve_gpu_ms",observed_camera_frame,observed_camera_serial,window_repaint_count,seconds_since_window_repaint
18,48.428957100340135,0,1,47.183603048324585,,,,1856588,0,0.895744,0.623104,0.12595199999999998,0.12006399999999999,0.32383999999999996,0.000256,0.303616,35.985664,0.090624,,0.0097279999999999988,0,3.044352,18,16,0,
19,48.476295401077095,0,1,47.338299453258514,,,,1877767,0,0.893952,0.63232,0.125696,0.30924799999999997,0.332544,0,0.30591999999999997,35.722496,0.082688,,0.009984,0,2.804224,19,17,0,
20,48.523539696712014,0,1,47.244295477867126,,,,1989889,0,0.89036799999999994,0.62438399999999994,0.12544,0.119808,0.32307199999999997,0,0.303104,35.819776,0.28748799999999997,,0.009216,0,2.9921279999999997,20,18,0,
21,48.570792899659864,0,1,47.253202646970749,,,,2559136,0,0.896512,0.623872,0.125696,0.306176,0.330496,0.000256,0.31001599999999996,35.632895999999995,0.26367999999999997,,0.009216,0,2.94528,21,19,0,
22,48.618060402494329,0,1,47.267504036426544,,,,1753191,0,0.89523199999999992,0.625664,0.125696,0.12006399999999999,0.316416,0.000256,0.296192,35.987712,0.391936,,0.009984,0,2.770688,22,20,0,
23,48.665427501417234,0,1,47.367099672555923,,,,1727016,0,0.89088,0.63103999999999993,0.12544,0.12006399999999999,0.32511999999999996,0,0.303616,35.761663999999996,0.089343999999999993,,0.009984,0,2.7448319999999997,23,21,0,
24,48.7118125,0,1,46.384997665882111,,,,1929111,0,0.89625599999999994,0.627968,0.126976,0.12006399999999999,0.315392,0.000256,0.2944,35.880704,0.278784,,0.010752,0,3.0259199999999997,24,22,0,
25,48.758844798752833,0,1,47.032300382852554,,,,1884987,0,0.89369599999999993,0.624128,0.12595199999999998,0.124416,0.327936,0.000256,0.306944,35.563776,0.261632,,0.005888,0,2.01472,25,23,0,
26,48.8052794005102,0,1,46.434599906206131,,,,1430555,0,0.89344,0.62003199999999992,0.143616,0.122624,0.327424,0,0.305408,35.862016,0.263424,,0.009472,0,3.0108159999999997,26,24,0,
27,48.852230300453513,0,1,46.950899064540863,,,,1313842,0,0.894976,0.63027199999999994,0.142848,0.122624,0.329216,0,0.30796799999999996,35.81184,0.25574399999999997,,0.010752,0,2.0641279999999997,27,25,0,
28,48.899875297619047,0,1,47.644998878240585,,,,1540211,0,0.891648,0.617216,0.119808,0.12006399999999999,0.32128,0,0.30131199999999997,35.488512,0.28159999999999996,,0.009472,0,2.941696,28,26,0,
29,48.946615299036281,0,1,46.740002930164337,,,,1438893,0,0.89113599999999993,0.62438399999999994,0.121088,0.120832,0.568832,0,0.54732799999999993,35.795456,0.385536,,0.010752,0,2.775296,29,27,0,
30,48.993190199829932,0,1,46.574901789426804,,,,1518216,0,0.89344,0.63232,0.12185599999999999,0.12185599999999999,0.33536,0,0.314368,35.769344,0.275456,,0.009984,0,3.036928,30,28,0,
31,49.041015702947846,0,1,47.825504094362259,,,,1535082,0,0.913408,0.622848,0.135936,0.1216,0.323584,0,0.30207999999999996,35.730176,0.40294399999999997,,0.007424,0,1.8590719999999998,31,29,0,
32,49.088132001133786,0,1,47.116298228502274,,,,1259148,0,0.91366399999999992,0.628736,0.121088,0.120832,0.338176,0,0.31462399999999996,35.97184,0.278784,,0.00896,0,3.048448,32,30,0,
33,49.134621903344666,0,1,46.4899018406868,,,,1488901,0,0.89036799999999994,0.63027199999999994,0.1216,0.12544,0.33305599999999996,0,0.310784,35.721984,0.373504,,0.0063999999999999994,0,2.75584,33,31,0,
34,49.181331703514736,0,1,46.709802001714706,,,,1264924,0,0.914944,0.620544,0.12006399999999999,0.121344,0.323328,0,0.3008,35.686656,0.263424,,0.011264,0,2.0810239999999998,34,32,0,
35,49.2276371031746,0,1,46.305399388074875,,,,984406,0,0.894976,0.631552,0.122112,0.1216,0.324352,0,0.3008,36.156928,0.375552,,0.011007999999999999,0,1.856256,35,33,0,
36,49.273810799319726,0,1,46.173695474863052,,,,1573064,0,1.2032,0.64511999999999992,0.121088,0.1216,0.32179199999999997,0,0.3008,35.84256,0.26752,,0.010752,0,2.078976,36,34,0,
37,49.320359098639457,0,1,46.548299491405487,,,,1343020,0,1.104384,0.62259199999999992,0.140544,0.122624,0.325632,0,0.302848,35.636736,0.259328,,0.010496,0,2.067456,37,35,0,
38,49.365316099773239,0,1,44.9570007622242,,,,1566589,0,0.89216,0.631552,0.1216,0.122624,0.322816,0.000256,0.300288,36.131071999999996,0.41472,,0.009984,0,1.870336,38,36,0,
39,49.412021201814056,0,1,46.705100685358047,,,,1344632,0,1.1983359999999998,0.644864,0.121088,0.1216,0.54579199999999994,0,0.300544,35.613952,0.26572799999999996,,0.010239999999999999,0,2.067456,39,37,0,
40,49.457107603458049,0,1,45.08640244603157,,,,1428680,0,0.918528,0.62464,0.12006399999999999,0.121344,0.328192,0,0.30796799999999996,35.477503999999996,0.273152,,0.007936,0,2.184192,40,38,0,
41,49.503782001133786,0,1,46.674396842718124,,,,1333873,0,0.89292799999999994,0.63257599999999992,0.122112,0.121344,0.313344,0,0.292864,36.152063999999996,0.406528,,0.010239999999999999,0,1.8590719999999998,41,39,0,
42,49.549962896825392,0,1,46.180896461009979,,,,1385739,0,0.914688,0.625664,0.121344,0.1216,0.320768,0,0.30131199999999997,35.649792,0.439808,,0.005888,0,1.88032,42,40,0,
43,49.596341000566895,0,1,46.378102153539658,,,,1554765,0,1.198848,0.650752,0.12057599999999999,0.121344,0.31385599999999997,0,0.29414399999999996,35.69152,0.26444799999999996,,0.007424,0,2.068224,43,41,0,
44,49.643101197562359,0,1,46.7601977288723,,,,1541315,0,0.89267199999999991,0.628992,0.12185599999999999,0.12185599999999999,0.322816,0,0.30207999999999996,36.026112,0.25856,,0.010239999999999999,0,2.0544,44,42,0,
45,49.689289803004534,0,1,46.1886040866375,,,,1326145,0,0.894208,0.528384,0.122624,0.401408,0.346112,0,0.322816,35.96288,0.39168,,0.013824,0,1.857024,45,43,0,
46,49.734195401077095,0,1,44.90559920668602,,,,1339300,0,0.892416,0.520192,0.12185599999999999,0.1216,0.31462399999999996,0,0.2944,35.802368,0.251648,,0.010239999999999999,0,2.0592639999999998,46,44,0,
47,49.781025297619045,0,1,46.829897910356522,,,,1529391,0,0.901376,0.525312,0.12185599999999999,0.122112,0.316928,0.000256,0.297472,35.790335999999996,0.39552,,0.006656,0,1.8672639999999998,47,45,0,
48,49.825907199546485,0,1,44.881902635097504,,,,999175,0,0.901376,0.525312,0.12185599999999999,0.122112,0.316928,0.000256,0.297472,35.790335999999996,0.39552,,0.006656,0,1.8672639999999998,48,46,0,
49,49.87253360260771,0,1,46.62640392780304,,,,1198072,0,1.196032,0.551168,0.12185599999999999,0.121344,0.322304,0,0.30259199999999997,35.742976,0.091904,,0.207616,0,1.851392,49,47,0,
50,49.918705002834464,0,1,46.1714006960392,,,,1058492,0,0.888832,0.52479999999999993,0.1216,0.12287999999999999,0.51481599999999994,0,0.495104,35.72736,0.262144,,0.005632,0,2.036736,50,48,0,
51,49.964769097222224,0,1,46.064093708992004,,,,1231187,0,1.080064,0.522752,0.120832,0.121088,0.31616,0,0.29670399999999997,35.689471999999995,0.28083199999999997,,0.011776,0,2.089728,51,49,0,
52,50.011323200113374,0,1,46.554103493690491,,,,936266,0,0.88934399999999991,0.520704,0.12287999999999999,0.122624,0.59904,0,0.57856,35.845631999999995,0.38911999999999997,,0.009472,0,1.842944,52,50,0,
53,50.057436798469382,0,1,46.113599091768265,,,,643227,0,0.89292799999999994,0.522752,0.12057599999999999,0.1216,0.616192,0,0.596224,35.730688,0.259328,,0.009472,0,2.1946879999999998,53,51,0,
54,50.102151899092966,0,1,44.715099036693573,,,,922641,0,0.89190399999999992,0.527104,0.12236799999999999,0.122624,0.31513599999999997,0,0.29568,35.781376,0.295168,,0.0097279999999999988,0,2.09024,54,52,0,
55,50.149018197278913,0,1,46.866297721862793,,,,921415,0,0.889088,0.525056,0.121344,0.12236799999999999,0.329472,0.000256,0.310272,35.75168,0.375552,,0.011264,0,1.8693119999999999,55,53,0,
56,50.194101700680271,0,1,45.083504170179367,,,,924716,0,0.92211199999999993,0.522496,0.122112,0.123648,0.415232,0,0.39424,36.077568,0.28748799999999997,,0.0097279999999999988,0,1.8432,56,54,0,
57,50.240525297619044,0,1,46.423595398664474,,,,934025,0,0.896512,0.523008,0.137984,0.124416,0.323584,0,0.30131199999999997,35.860479999999995,0.26752,,0.009472,0,2.079488,57,55,0,
58,50.286922399376415,0,1,46.397101134061813,,,,927763,0,0.88678399999999991,0.53376,0.121344,0.122624,0.324608,0,0.30463999999999997,35.936512,0.25728,,0.007936,0,2.06848,58,56,0,
59,50.333158900226756,0,1,46.236500144004822,,,,932123,0,0.89036799999999994,0.534272,0.122112,0.12236799999999999,0.604672,0,0.288,35.693312,0.384256,,0.009216,0,1.868288,59,57,0,
60,50.379374397675733,0,1,46.215496957302094,,,,925688,0,1.19808,0.539648,0.1216,0.122624,0.315648,0,0.294656,35.938047999999995,0.26752,,0.006144,0,2.0472319999999997,60,58,0,
61,50.425825701530613,0,1,46.451304107904434,,,,775253,0,1.0816,0.526336,0.122624,0.12236799999999999,0.31872,0,0.298496,35.740159999999996,0.267776,,0.010752,0,2.089216,61,59,0,
62,50.470616099773238,0,1,44.790398329496384,,,,919269,0,0.89113599999999993,0.516608,0.120832,0.121344,0.61183999999999994,0,0.31104,35.505407999999996,0.37990399999999996,,0.009472,0,1.9799039999999999,62,60,0,
63,50.517249496882087,0,1,46.633396297693253,,,,486965,0,1.179136,0.5376,0.120832,0.123648,0.324608,0,0.299776,35.855872,0.26496,,0.0097279999999999988,0,2.0405759999999997,63,61,0,
64,50.561969302721089,0,1,44.71980407834053,,,,31406,0,0.9024,0.521984,0.120832,0.1216,0.524544,0,0.505344,35.696128,0.257536,,0.011264,0,2.065664,64,62,0,
65,50.6084167020975,0,1,46.447400003671646,,,,64676,0,0.89088,0.52096,0.140544,0.124416,0.314368,0,0.2944,35.77088,0.26905599999999996,,0.009984,0,2.079744,65,63,0,
66,50.654858198696147,0,1,46.441495418548584,,,,19252,0,0.88857599999999992,0.52403199999999994,0.12287999999999999,0.12185599999999999,0.315392,0,0.294656,35.903231999999996,0.388096,,0.011264,0,1.8688,66,64,0,
67,50.701044302721087,0,1,46.186104416847229,,,,18585,0,0.89292799999999994,0.51968,0.121088,0.1216,0.59776,0,0.27033599999999997,35.831296,0.274432,,0.007168,0,1.8421759999999998,67,65,0,
68,50.747308801020409,0,1,46.264499425888062,,,,19326,0,0.887552,0.51558399999999993,0.120832,0.13644799999999999,0.317952,0,0.296448,35.843584,0.27699199999999996,,0.0084479999999999989,0,2.0538879999999997,68,66,0,
69,50.793713499149661,0,1,46.404697000980377,,,,18585,0,0.890112,0.51891199999999993,0.120832,0.121088,0.316928,0,0.29798399999999997,35.974655999999996,0.38783999999999996,,0.011007999999999999,0,1.8693119999999999,69,67,0,
70,50.838952898242631,0,1,45.2394001185894,,,,18839,0,0.892416,0.851968,0.13183999999999998,0.12287999999999999,0.32716799999999996,0,0.3072,35.958272,0.274176,,0.008704,0,1.82528,70,68,0,
71,50.885218098072563,0,1,46.265199780464172,,,,18625,0,0.884992,0.52403199999999994,0.12236799999999999,0.122112,0.527872,0,0.302336,35.776512,0.262656,,0.0097279999999999988,0,2.098688,71,69,0,
72,50.930235997732424,0,1,45.017898082733154,,,,19006,0,1.117952,0.522752,0.141568,0.123904,0.321024,0,0.300544,35.591423999999996,0.2752,,0.006656,0,2.0392959999999998,72,70,0,
73,50.97675269982993,0,1,46.516701579093933,,,,18585,0,0.893952,0.52556799999999992,0.123136,0.1216,0.592128,0,0.29312,35.837696,0.382208,,0.008704,0,1.8577919999999999,73,71,0,
74,51.023360501700679,0,1,46.607803553342819,,,,24723,0,0.890624,0.51968,0.134656,0.122112,0.315392,0,0.295936,35.839743999999996,0.36940799999999996,,0.011007999999999999,0,1.8677759999999999,74,72,0,
75,51.070128500566888,0,1,46.767998486757278,,,,18561,0,0.91289599999999993,0.522496,0.121088,0.1216,0.324352,0,0.304896,35.727872,0.27033599999999997,,0.010239999999999999,0,2.191872,75,73,0,
76,51.116098596938777,0,1,45.970097184181213,,,,18526,0,0.887552,0.523008,0.122112,0.12236799999999999,0.315648,0,0.295936,36.171264,0.37273599999999996,,0.0097279999999999988,0,1.8690559999999998,76,74,0,
77,51.125875396825393,0,1,9.7767999395728111,,,,18307,0,1.196288,0.541184,0.13952,0.123904,0.32179199999999997,0.000256,0.301568,35.855616,0.092416,,0.20096,0,1.838336,77,75,0,
78,51.134921102607706,0,1,9.0457061305642128,,,,16045,0,1.219072,0.541696,,0.123648,0.350464,0.000256,0.329984,0.007936,0.09088,,0.004096,0,1.627136,78,76,0,
79,51.144633000283442,0,1,9.7118979319930077,,,,18307,0,1.203712,0.541184,,0.12236799999999999,0.35276799999999997,0,0.33305599999999996,0.008192,0.08448,,0.003584,0,1.860352,79,77,0,
80,51.152886699263036,0,1,8.2536991685628891,,,,15843,0,0.9244159999999999,0.522752,,0.12236799999999999,0.35020799999999996,0.000256,0.331264,0.008192,0.08294399999999999,,0.003072,0,1.9845119999999998,80,78,0,
81,51.162828798185942,0,1,9.9420985206961632,,,,18307,0,0.917248,0.520704,,0.122624,0.350464,0,0.331264,0.010496,0.084992,,0.003328,0,1.986816,81,79,0,
82,51.172874496882081,0,1,10.045698843896389,,,,15843,0,1.209344,0.53990399999999994,,0.12287999999999999,0.35225599999999996,0,0.33305599999999996,0.010239999999999999,0.083712,,0.0038399999999999997,0,1.6350719999999999,82,80,0,
83,51.183678500566892,0,1,10.804004035890102,,,,18307,0,0.9118719999999999,0.524288,,0.12185599999999999,0.54911999999999994,0,0.327936,0.009216,0.087039999999999992,,0.0025599999999999998,0,1.632,83,81,0,
84,51.193755102040811,0,1,10.076601058244705,,,,18307,0,0.9118719999999999,0.624128,,0.12006399999999999,0.35481599999999996,0,0.334592,0.007936,0.083968,,0.002048,0,2.6595839999999997,84,82,0,
85,51.203973398526074,0,1,10.218296200037003,,,,15843,0,0.893184,0.537856,,0.12339199999999999,0.522752,0,0.30796799999999996,0.024832,0.087808,,0.003584,0,1.9845119999999998,85,83,0,
86,51.213275099206349,0,1,9.3017006292939186,,,,18307,0,0.98944,0.532224,,0.130816,0.57907199999999992,0.000256,0.334848,0.012799999999999999,0.08576,,0.003328,0.000256,1.8657279999999998,86,84,0,
87,51.222958503401358,0,1,9.6834041178226471,,,,18307,0,1.2989439999999999,0.54732799999999993,,0.131072,0.36479999999999996,0.000256,0.344576,0.003584,0.087039999999999992,,0.002816,0,1.645568,87,85,0,
88,51.232288598356007,0,1,9.3300947919487953,,,,16264,0,0.97638399999999992,0.53478399999999993,,0.131072,0.35942399999999997,0,0.3392,0.007168,0.088576,,0.0048639999999999994,0,1.978624,88,86,0,
89,51.242692899659865,0,1,10.404300875961781,,,,18359,0,1.312768,0.551424,,0.13055999999999998,0.36096,0,0.34022399999999997,0.003328,0.082688,,0.004352,0,2.143488,89,87,0,
90,51.2526623015873,0,1,9.9694021046161652,,,,18307,0,0.99148799999999992,0.529664,,0.130816,0.355328,0.000256,0.33536,0.003328,0.089855999999999991,,0.004352,0,1.897216,90,88,0,
91,51.262798596938772,0,1,10.136295109987259,,,,15843,0,0.98944,0.536064,,0.130304,0.354304,0,0.33408,0.007936,0.086016,,0.003584,0,1.9041279999999998,91,89,0,
92,51.272561302437637,0,1,9.76270530372858,,,,18307,0,0.986112,0.528384,,0.46464,0.379136,0.000256,0.354048,0.0076799999999999993,0.092416,,0.003328,0,1.6576,92,90,0,
93,51.28285430130385,0,1,10.292998515069485,,,,18307,0,0.98892799999999992,0.532224,,0.129792,0.557312,0.000256,0.536832,0.0051199999999999996,0.09088,,0.003584,0,1.6499199999999998,93,91,0,
94,51.291655201247167,0,1,8.8008996099233627,,,,18307,0,1.331968,0.550144,,0.129792,0.357632,0,0.337408,0.007168,0.08576,,0.0038399999999999997,0,1.6552959999999999,94,92,0,
95,51.301711203231292,0,1,10.05600206553936,,,,15843,0,1.191168,0.52608,,0.129024,0.35968,0,0.3392,0.010239999999999999,0.091904,,0.0038399999999999997,0,2.0894719999999998,95,93,0,
96,51.31049280045351,0,1,8.7815970182418823,,,,18307,0,1.3706239999999998,0.551936,,0.13055999999999998,0.362496,0.000256,0.342528,0.007424,0.083968,,0.004096,0,1.6576,96,94,0,
97,51.320730102040812,0,1,10.237301699817181,,,,15843,0,1.214464,0.53248,,0.129792,0.364544,0,0.344064,0.007424,0.0896,,0.004608,0,2.0508159999999998,97,95,0,
98,51.330528599773238,0,1,9.7984978929162025,,,,18509,0,1.376,0.550144,,0.130816,0.35353599999999996,0,0.33305599999999996,0.007168,0.0832,,0.002816,0,1.89184,98,96,0,
99,51.340424603174604,0,1,9.8960036411881447,,,,15843,0,1.51168,0.548096,,0.130816,0.363776,0.000256,0.34304,0.010239999999999999,0.088576,,0.003072,0,1.65376,99,97,0,
100,51.350472101757369,0,1,10.047498159110546,,,,18307,0,0.987648,0.53068799999999994,,0.130304,0.35328,0.000256,0.333568,0.0076799999999999993,0.083968,,0.004608,0,1.901568,100,98,0,
101,51.360678202947845,0,1,10.206101462244987,,,,18307,0,0.98969599999999991,0.532736,,0.13055999999999998,0.35942399999999997,0.000256,0.3392,0.005888,0.091904,,0.004352,0,1.645824,101,99,0,
102,51.369553897392287,0,1,8.8756941258907318,,,,18307,0,0.989184,0.534272,,0.33177599999999996,0.366592,0,0.33894399999999997,0.007424,0.085504,,0.004352,0,1.8823679999999998,102,100,0,
103,51.37923560090703,0,1,9.6817035228014,,,,15843,0,1.300992,0.548096,,0.130048,0.35481599999999996,0.000256,0.33510399999999996,0.003584,0.086272,,0.004096,0,1.885184,103,101,0,
104,51.388169699546481,0,1,8.9340982958674431,,,,18526,0,0.9984,0.53145599999999993,,0.1344,0.359168,0.000256,0.33894399999999997,0.007424,0.08806399999999999,,0.003072,0,1.66144,104,102,0,
105,51.398419401927434,0,1,10.249702259898186,,,,15843,0,1.3053439999999998,0.55244799999999994,,0.130816,0.361984,0.000256,0.34176,0.003328,0.087551999999999991,,0.003584,0,1.649664,105,103,0,
106,51.408071499433106,0,1,9.6520977094769478,,,,18307,0,0.990208,0.53068799999999994,,0.341504,0.362496,0,0.33792,0.00896,0.090624,,0.0048639999999999994,0,1.9796479999999999,106,104,0,
107,51.417867800453514,0,1,9.7963009029626846,,,,15843,0,0.99302399999999991,0.53401599999999994,,0.130304,0.35584,0,0.33510399999999996,0.007936,0.083712,,0.004096,0,1.89824,107,105,0,
108,51.427861897675733,0,1,9.99409705400467,,,,18509,0,1.200896,0.52812799999999993,,0.129792,0.358912,0,0.3392,0.007424,0.088576,,0.0038399999999999997,0,2.013184,108,106,0,
109,51.438273200113379,0,1,10.41130255907774,,,,18307,0,0.992512,0.530432,,0.130048,0.353024,0.000256,0.332544,0.0084479999999999989,0.084992,,0.003584,0,1.8828799999999999,109,107,0,
110,51.448071102607706,0,1,9.7979027777910233,,,,18359,0,0.992,0.532224,,0.132096,0.3584,0,0.337408,0.0076799999999999993,0.087296,,0.0038399999999999997,0,1.892096,110,108,0,
111,51.4577123015873,0,1,9.6411993727087975,,,,15843,0,0.96639999999999993,0.529152,,0.33561599999999997,0.369664,0,0.345856,0.007936,0.08806399999999999,,0.003072,0,2.012416,111,109,0,
112,51.468624496882086,0,1,10.912194848060608,,,,18307,0,0.983552,0.53145599999999993,,0.129792,0.357888,0.000256,0.338432,0.008704,0.091648,,0.0038399999999999997,0,1.647616,112,110,0,
113,51.47892190334467,0,1,10.29740646481514,,,,18307,0,1.19552,0.642048,,0.132352,0.37785599999999997,0,0.356608,0.0076799999999999993,0.09036799999999999,,0.002304,0,2.682368,113,111,0,
114,51.490019203514734,0,1,11.097299866378307,,,,24125,0,1.2218879999999999,0.529152,,0.130816,0.35968,0.000256,0.33971199999999996,0.007424,0.093183999999999989,,0.004608,0,2.243328,114,112,0,
115,51.501094897959184,0,1,11.075694113969803,,,,18307,0,0.978688,0.63488,,0.131584,0.391424,0.000256,0.350464,0.0084479999999999989,0.089343999999999993,,0.002304,0,3.252224,115,113,0,
116,51.512011897675734,0,1,10.916999541223049,,,,15843,0,0.968704,0.63232,,0.46336,0.450304,0.000256,0.423168,0.006656,0.08806399999999999,,0.002816,0,2.313984,116,114,0,
117,51.521972200963717,0,1,9.9603030830621719,,,,18307,0,0.9963519999999999,0.64025599999999994,,0.132096,0.369152,0,0.347904,0.007424,0.086272,,0.002304,0,2.675456,117,115,0,
118,51.532806498015873,0,1,10.83429716527462,,,,16045,0,1.313024,0.55168,,0.13055999999999998,0.35225599999999996,0,0.332032,0.007424,0.091648,,0.002816,0,2.251776,118,116,0,
119,51.542713499149656,0,1,9.9070006981492043,,,,18526,0,0.992768,0.637184,,0.13183999999999998,0.372224,0.000256,0.351232,0.012032,0.090624,,0.002304,0,2.3234559999999997,119,117,0,
120,51.55184309807256,0,1,9.129598736763,,,,18307,0,1.3724159999999999,0.54988799999999993,,0.129024,0.36070399999999997,0,0.34048,0.007424,0.0896,,0.002816,0,1.8892799999999998,120,118,0,
121,51.562059297052151,0,1,10.216198861598969,,,,15843,0,0.995072,0.533504,,0.131328,0.355072,0.000256,0.334592,0.00896,0.086272,,0.004352,0,1.8792959999999999,121,119,0,
122,51.571710196995461,0,1,9.6509000286459923,,,,18307,0,1.21472,0.530944,,0.130304,0.35968,0,0.33971199999999996,0.007424,0.090624,,0.004352,0,2.031872,122,120,0,
123,51.581765199829931,0,1,10.055002756416798,,,,15843,0,0.99737599999999993,0.53657599999999994,,0.130304,0.352,0.000256,0.33177599999999996,0.0076799999999999993,0.083712,,0.004608,0,1.8744319999999999,123,121,0,
124,51.5916329010771,0,1,9.8677016794681549,,,,18307,0,0.995328,0.52992,,0.133888,0.35814399999999996,0,0.338432,0.007424,0.091648,,0.003072,0,1.6599039999999998,124,122,0,
125,51.6015626984127,0,1,9.9297976121306419,,,,15843,0,0.99302399999999991,0.530944,,0.1344,0.358656,0,0.33792,0.010496,0.090112,,0.0048639999999999994,0,1.655552,125,123,0,
126,51.61041500141723,0,1,8.85230302810669,,,,18307,0,1.322752,0.55065599999999992,,0.13055999999999998,0.356608,0.000256,0.33638399999999996,0.0076799999999999993,0.086528,,0.004608,0,1.6601599999999999,126,124,0,
127,51.620731703514735,0,1,10.316702537238598,,,,15843,0,1.2101119999999999,0.52992,,0.130816,0.357888,0.000256,0.337152,0.003328,0.093183999999999989,,0.004352,0,2.042624,127,125,0,
128,51.629667701247165,0,1,8.9359981939196587,,,,18509,0,1.3237759999999998,0.55168,,0.13055999999999998,0.361728,0,0.34048,0.0076799999999999993,0.091136,,0.003328,0,1.881856,128,126,0,
129,51.639308602607706,0,1,9.64090134948492,,,,15843,0,0.989184,0.531712,,0.130048,0.35737599999999997,0,0.337408,0.004608,0.087296,,0.0038399999999999997,0,1.8726399999999999,129,127,0,
130,51.649370500283446,0,1,10.061897337436676,,,,18307,0,0.989184,0.531712,,0.130048,0.35737599999999997,0,0.337408,0.004608,0.087296,,0.0038399999999999997,0,1.8726399999999999,130,128,0,
131,51.659416000566893,0,1,10.045500472187996,,,,15895,0,1.1865599999999998,0.52992,,0.130048,0.359168,0,0.338432,0.007168,0.085504,,0.004352,0,1.9965439999999999,131,129,0,
132,51.66966359835601,0,1,10.247597470879555,,,,18307,0,0.98892799999999992,0.5312,,0.130048,0.354048,0,0.333568,0.007936,0.084735999999999992,,0.003328,0,1.8961919999999999,132,130,0,
133,51.679287698412693,0,1,9.6241002902388573,,,,18307,0,0.99148799999999992,0.53145599999999993,,0.440832,0.3712,0,0.347136,0.007424,0.091904,,0.004608,0,1.659392,133,131,0,
134,51.688255102040813,0,1,8.9674033224582672,,,,15843,0,0.987648,0.53068799999999994,,0.1344,0.35968,0,0.339456,0.007424,0.08576,,0.004096,0,1.6583679999999998,134,132,0,
135,51.698514200680272,0,1,10.259098373353481,,,,18526,0,1.344256,0.549376,,0.130816,0.35968,0.000256,0.3392,0.003328,0.083968,,0.0038399999999999997,0,1.9023359999999998,135,133,0,
136,51.707077402210885,0,1,8.5632018744945526,,,,18307,0,0.993792,0.53401599999999994,,0.13055999999999998,0.35814399999999996,0,0.337408,0.010752,0.089088,,0.0038399999999999997,0,2.000896,136,134,0,
137,51.717123596938777,0,1,10.046194307506084,,,,15843,0,0.988672,0.530944,,0.130304,0.354304,0,0.333568,0.0084479999999999989,0.084992,,0.003328,0,1.888256,137,135,0,
138,51.727140596655325,0,1,10.017000138759613,,,,36208,0,0.98969599999999991,0.529408,,0.13055999999999998,0.36096,0,0.34048,0.0038399999999999997,0.089088,,0.004352,0,2.00448,138,136,0,
139,51.737261500850337,0,1,10.120904073119164,,,,30228,0,0.98944,0.53145599999999993,,0.130048,0.36070399999999997,0,0.340736,0.008192,0.084224,,0.0048639999999999994,0,1.880576,139,137,0,
140,51.747416298185939,0,1,10.154797695577145,,,,18307,0,1.22496,0.530176,,0.130304,0.574464,0.000256,0.337408,0.009984,0.091136,,0.004352,0,1.652736,140,138,0,
141,51.757371301020406,0,1,9.9550029262900352,,,,18307,0,0.98559999999999992,0.532992,,0.130048,0.361216,0.000256,0.34048,0.007936,0.29952,,0.003072,0,1.655808,141,139,0,
142,51.766097498582766,0,1,8.72619729489088,,,,50985,0,1.3137919999999998,0.548864,,0.128768,0.36147199999999996,0,0.341248,0.007424,0.091392,,0.003072,0,1.662464,142,140,0,
143,51.776517701247165,0,1,10.420202277600765,,,,48489,0,0.98688,0.531968,,0.130816,0.36275199999999996,0,0.342528,0.007168,0.087551999999999991,,0.0038399999999999997,0,2.049536,143,141,0,
144,51.785292198129248,0,1,8.7744966149330139,,,,86127,0,1.1865599999999998,0.530432,,0.130304,0.357632,0.000256,0.33766399999999996,0.007424,0.09267199999999999,,0.002816,0,2.236928,144,142,0,
145,51.795232001133783,0,1,9.939802810549736,,,,82118,0,1.197312,0.52889599999999992,,0.129792,0.361984,0,0.34176,0.007168,0.08832,,0.003328,0,2.0055039999999997,145,143,0,
146,51.8055873015873,0,1,10.355300270020962,,,,15843,0,1.3355519999999999,0.548096,,0.13055999999999998,0.357888,0,0.337152,0.0097279999999999988,0.091904,,0.003328,0,1.65248,146,144,0,
147,51.815565702947843,0,1,9.9784014746546745,,,,18307,0,1.2067839999999999,0.530176,,0.130816,0.355584,0,0.33561599999999997,0.007424,0.086272,,0.0038399999999999997,0,1.9279359999999999,147,145,0,
148,51.825604499716555,0,1,10.038796812295914,,,,15843,0,0.988672,0.529664,,0.130816,0.353792,0,0.33305599999999996,0.004096,0.081408,,0.004608,0,1.8990079999999998,148,146,0,
149,51.835613598356005,0,1,10.009098798036575,,,,18509,0,0.992512,0.531968,,0.1344,0.359936,0,0.339456,0.007424,0.089343999999999993,,0.003584,0,1.654784,149,147,0,
150,51.844364101473921,0,1,8.7505029514431953,,,,15843,0,0.991232,0.529152,,0.131328,0.35814399999999996,0,0.338688,0.007168,0.092416,,0.003328,0,1.8752,150,148,0,
151,51.854431200396824,0,1,10.067098774015903,,,,18526,0,0.993792,0.530944,,0.43724799999999997,0.383488,0,0.358912,0.007424,0.087296,,0.003072,0,1.9141119999999998,151,149,0,
152,51.863274397675738,0,1,8.8431974872946739,,,,18359,0,0.98815999999999993,0.532736,,0.130816,0.35584,0.000256,0.33536,0.003584,0.087296,,0.004608,0.000256,1.983744,152,150,0,
153,51.873022002551018,0,1,9.7476048395037651,,,,15843,0,0.982784,0.535296,,0.130048,0.35609599999999997,0,0.33561599999999997,0.003584,0.086016,,0.003328,0,1.650432,153,151,0,
154,51.8831294005102,0,1,10.10739803314209,,,,18307,0,0.98815999999999993,0.53324799999999994,,0.13055999999999998,0.366848,0,0.346112,0.003328,0.087296,,0.004352,0,1.998592,154,152,0,
155,51.892976899092972,0,1,9.8474984988570213,,,,18307,0,1.3240319999999999,0.548608,,0.130048,0.356352,0,0.336128,0.003584,0.084735999999999992,,0.0048639999999999994,0,1.652992,155,153,0,
156,51.902989597505666,0,1,10.012698359787464,,,,15843,0,1.20448,0.52608,,0.130304,0.35737599999999997,0,0.337152,0.007168,0.089855999999999991,,0.004352,0,1.6519679999999999,156,154,0,
157,51.913167800453515,0,1,10.178202763199806,,,,18307,0,0.986112,0.53504,,0.12928,0.36147199999999996,0,0.341504,0.007936,0.083968,,0.003072,0,1.8992639999999998,157,155,0,
158,51.921901998299319,0,1,8.7341982871294022,,,,15843,0,0.995328,0.535296,,0.1344,0.357632,0.000256,0.33766399999999996,0.003584,0.088832,,0.004608,0.000256,1.658112,158,156,0,
159,51.932173001700676,0,1,10.271003469824791,,,,18509,0,0.98688,0.52889599999999992,,0.130816,0.35584,0,0.33536,0.007168,0.0896,,0.0038399999999999997,0,1.871616,159,157,0,
160,51.94067370323129,0,1,8.5007017478346825,,,,18307,0,0.98406399999999994,0.531968,,0.130816,0.357632,0,0.337152,0.0051199999999999996,0.0896,,0.004608,0,1.654016,160,158,0,
161,51.95072760062358,0,1,10.053897276520729,,,,15843,0,0.985344,0.535808,,0.130304,0.358912,0,0.33894399999999997,0.0076799999999999993,0.088832,,0.003072,0,1.995776,161,159,0,
162,51.961036897675733,0,1,10.309296660125256,,,,18307,0,1.304064,0.550144,,0.13055999999999998,0.356608,0.000256,0.33664,0.007168,0.085504,,0.003584,0,1.6576,162,160,0,
163,51.971066099773239,0,1,10.029202327132225,,,,18307,0,0.9728,0.52556799999999992,,0.129792,0.35968,0.000256,0.339456,0.003584,0.08524799999999999,,0.0038399999999999997,0,2.023936,163,161,0,
164,51.981176296768709,0,1,10.110196657478809,,,,18307,0,0.97049599999999991,0.52992,,0.129792,0.351744,0,0.332032,0.007936,0.084992,,0.0051199999999999996,0,1.904896,164,162,0,
165,51.991023703231292,0,1,9.8474062979221344,,,,18307,0,0.99225599999999992,0.534528,,0.130048,0.676608,0,0.65664,0.007424,0.094463999999999992,,0.004096,0,1.664256,165,163,0,
166,52.000130697278912,0,1,9.1069936752319336,,,,21661,0,0.9904639999999999,0.53401599999999994,,0.130304,0.355072,0,0.334848,0.0076799999999999993,0.091904,,0.004352,0,1.897216,166,164,0,
167,52.009972002551017,0,1,9.8413052037358284,,,,18526,0,1.1985919999999999,0.526336,,0.12928,0.356352,0,0.335872,0.007424,0.090112,,0.004352,0,2.009856,167,165,0,
168,52.018848901643992,0,1,8.8768992573022842,,,,15843,0,0.99225599999999992,0.532992,,0.12953599999999998,0.57753599999999994,0,0.338688,0.007168,0.08576,,0.004608,0,1.65248,168,166,0,
169,52.029302196712017,0,1,10.453294962644577,,,,18509,0,1.306368,0.54784,,0.130304,0.35968,0,0.339968,0.007168,0.086784,,0.002816,0,1.654016,169,167,0,
170,52.038964498299315,0,1,9.662301279604435,,,,18307,0,0.98688,0.532992,,0.130816,0.36352,0,0.342528,0.008192,0.30591999999999997,,0.004352,0,1.652224,170,168,0,
171,52.048792701247166,0,1,9.8282033577561378,,,,15843,0,0.99327999999999994,0.534272,,0.13055999999999998,0.351232,0.000256,0.33152,0.007424,0.091136,,0.0038399999999999997,0,1.6517119999999998,171,169,0,
172,52.058632001133788,0,1,9.8393000662326813,,,,18307,0,1.188096,0.525312,,0.12953599999999998,0.356608,0,0.336128,0.007424,0.09036799999999999,,0.004352,0,2.012416,172,170,0,
173,52.068618303571427,0,1,9.9863028153777122,,,,18359,0,0.9904639999999999,0.52889599999999992,,0.13055999999999998,0.356608,0,0.336896,0.004096,0.084992,,0.0038399999999999997,0,1.8959359999999998,173,171,0,
174,52.077497696995465,0,1,8.8793933391571045,,,,15843,0,0.99071999999999993,0.534528,,0.129024,0.647936,0,0.627968,0.007168,0.093952,,0.003584,0,1.659136,174,172,0,
175,52.087661699263037,0,1,10.164001956582069,,,,18307,0,1.3073919999999999,0.55065599999999992,,0.13055999999999998,0.56064,0,0.343296,0.009472,0.086528,,0.004352,0,2.02112,175,173,0,
176,52.096128599773238,0,1,8.4669003263115883,,,,15843,0,0.993536,0.529152,,0.130304,0.675072,0.000256,0.654592,0.007424,0.09267199999999999,,0.003584,0,1.6568319999999999,176,174,0,
177,52.106398901643992,0,1,10.270302183926105,,,,60099,0,0.9871359999999999,0.532992,,0.12928,0.542464,0,0.339456,0.010239999999999999,0.086784,,0.003072,0,1.652736,177,175,0,
178,52.116658397108843,0,1,10.259495116770267,,,,18307,0,0.98892799999999992,0.532992,,0.284928,0.361728,0.000256,0.34048,0.004352,0.09472,,0.004352,0,2.0032,178,176,0,
179,52.126629202097504,0,1,9.9708046764135361,,,,18307,0,1.316096,0.547584,,0.12928,0.56704,0,0.33766399999999996,0.192768,0.086272,,0.003584,0,1.6512,179,177,0,
180,52.136480697278913,0,1,9.8514948040246964,,,,18654,0,1.3337599999999998,0.54323199999999994,,0.13055999999999998,0.36940799999999996,0.000256,0.349184,0.003584,0.086016,,0.002816,0,1.6535039999999999,180,178,0,
181,52.146791496598638,0,1,10.31079888343811,,,,15843,0,1.214976,0.52735999999999994,,0.130048,0.358656,0,0.33792,0.007168,0.090112,,0.002816,0,2.027008,181,179,0,
182,52.155895401077096,0,1,9.1039044782519341,,,,18307,0,0.99327999999999994,0.531968,,0.133888,0.3584,0,0.33792,0.007424,0.086784,,0.003584,0,2.1294079999999997,182,180,0,
183,52.165527600623584,0,1,9.6322000026702881,,,,16062,0,0.989184,0.527872,,0.13414399999999999,0.363264,0,0.34355199999999997,0.007424,0.08806399999999999,,0.003328,0,1.6501759999999999,183,181,0,
184,52.174251502267573,0,1,8.7239015847444534,,,,18307,0,0.99584,0.535552,,0.129024,0.355584,0,0.334848,0.007936,0.081919999999999993,,0.004096,0,1.886976,184,182,0,
185,52.184500602324263,0,1,10.24909969419241,,,,15843,0,0.98995199999999994,0.53145599999999993,,0.133888,0.35814399999999996,0,0.338432,0.007424,0.088832,,0.004352,0,1.6583679999999998,185,183,0,
186,52.194687400793647,0,1,10.186798870563507,,,,18307,0,0.98892799999999992,0.525824,,0.129792,0.35584,0,0.33561599999999997,0.007936,0.084992,,0.0038399999999999997,0,1.89056,186,184,0,
187,52.204446903344667,0,1,9.7595024853944778,,,,15843,0,0.992512,0.53376,,0.130304,0.359168,0,0.338432,0.004352,0.09779199999999999,,0.002816,0,1.647104,187,185,0,
188,52.21441449829932,0,1,9.9675953388214111,,,,18307,0,0.986624,0.527616,,0.130816,0.353792,0.000256,0.33433599999999997,0.007168,0.087808,,0.003328,0,2.00448,188,186,0,
189,52.2249544005102,0,1,10.539902374148369,,,,18307,0,1.313536,0.555264,,0.130048,0.354304,0,0.333824,0.007936,0.08448,,0.0048639999999999994,0,1.904896,189,187,0,
190,52.233507001133788,0,1,8.5526006296277046,,,,16045,0,1.188096,0.53401599999999994,,0.131072,0.365568,0,0.34483199999999997,0.010239999999999999,0.091392,,0.003072,0,1.8688,190,188,0,
191,52.243944798752835,0,1,10.437797755002975,,,,18307,0,0.98688,0.53478399999999993,,0.130816,0.360448,0,0.339968,0.008192,0.092416,,0.004096,0,1.888768,191,189,0,
192,52.252383099489791,0,1,8.4383003413677216,,,,18307,0,0.99481599999999992,0.534272,,0.130048,0.684032,0.000256,0.31923199999999996,0.020992,0.09344,,0.0038399999999999997,0,1.660672,192,190,0,
193,52.263011096938776,0,1,10.627997107803822,,,,15843,0,0.98739199999999994,0.532992,,0.130304,0.563456,0,0.3392,0.010496,0.08806399999999999,,0.0038399999999999997,0,1.6468479999999999,193,191,0,
194,52.272806200396822,0,1,9.79510322213173,,,,18359,0,0.98969599999999991,0.52812799999999993,,0.129024,0.553472,0,0.532736,0.007168,0.091904,,0.003328,0,1.6465919999999998,194,192,0,
195,52.28278329790249,0,1,9.9770976230502129,,,,15843,0,0.99071999999999993,0.534272,,0.32972799999999997,0.365056,0,0.33971199999999996,0.010496,0.089088,,0.004352,0,1.993984,195,193,0,
196,52.292595599489793,0,1,9.8123019561171532,,,,18307,0,1.310976,0.54784,,0.130816,0.355072,0,0.334592,0.007424,0.090112,,0.003072,0,1.645824,196,194,0,
197,52.302755598072558,0,1,10.159998200833797,,,,15843,0,1.201408,0.531712,,0.130304,0.35968,0,0.339456,0.007424,0.089088,,0.0048639999999999994,0,1.9996159999999998,197,195,0,
198,52.311455201247163,0,1,8.6996033787727356,,,,18307,0,0.99071999999999993,0.537088,,0.13414399999999999,0.35814399999999996,0,0.337408,0.006144,0.085504,,0.003584,0,1.895424,198,196,0,
199,52.321348703231287,0,1,9.8935021087527275,,,,16062,0,0.990208,0.52889599999999992,,0.1344,0.363008,0.000256,0.342016,0.004608,0.09088,,0.003072,0,1.65632,199,197,0,
200,52.330164299886619,0,1,8.81559681147337,,,,18509,0,0.99584,0.53324799999999994,,0.129792,0.357888,0,0.33792,0.004352,0.085504,,0.0048639999999999994,0.000256,1.878016,200,198,0,
201,52.340366099773242,0,1,10.201799683272839,,,,15843,0,0.9871359999999999,0.52864,,0.429568,0.404736,0,0.37734399999999996,0.006656,0.090112,,0.004608,0,1.6583679999999998,201,199,0,
202,52.350470698696142,0,1,10.104598477482796,,,,18307,0,0.98688,0.532224,,0.133888,0.366592,0,0.346112,0.007424,0.084992,,0.004096,0,1.9041279999999998,202,200,0,
203,52.360244203514739,0,1,9.7735049203038216,,,,15843,0,0.991744,0.53478399999999993,,0.12928,0.36224,0,0.34176,0.009984,0.091392,,0.004096,0,1.991936,203,201,0,
204,52.370051098356008,0,1,9.8068946972489357,,,,18307,0,0.98815999999999993,0.533504,,0.129792,0.562176,0,0.33408,0.007168,0.085504,,0.003072,0,1.9962879999999998,204,202,0,
205,52.380191900510205,0,1,10.140801779925823,,,,15843,0,1.3222399999999999,0.550144,,0.13055999999999998,0.35481599999999996,0,0.333824,0.007168,0.092416,,0.003584,0,1.65248,205,203,0,
206,52.389280201247161,0,1,9.0883010998368263,,,,18307,0,1.519104,0.5504,,0.129024,0.35968,0.000256,0.33971199999999996,0.007424,0.089855999999999991,,0.0038399999999999997,0,1.655552,206,204,0,
207,52.399180498866208,0,1,9.9002979695796967,,,,15843,0,0.98559999999999992,0.52992,,0.130816,0.355584,0.000256,0.33536,0.011264,0.087808,,0.004608,0,1.893888,207,205,0,
208,52.408319699546482,0,1,9.1392006725072861,,,,18307,0,1.2134399999999999,0.53478399999999993,,0.130816,0.35584,0.000256,0.33536,0.010752,0.085504,,0.003072,0,2.040064,208,206,0,
209,52.418439902210885,0,1,10.120202787220478,,,,15843,0,0.990208,0.532992,,0.130048,0.35481599999999996,0,0.33408,0.008192,0.084992,,0.003584,0,1.9077119999999999,209,207,0,
210,52.428086500850341,0,1,9.6465982496738434,,,,18307,0,1.5196159999999999,0.54399999999999993,,0.13055999999999998,0.36224,0,0.341248,0.007168,0.09088,,0.0038399999999999997,0,1.6565759999999998,210,208,0,
211,52.438217602040815,0,1,10.131101123988628,,,,16045,0,0.99404799999999993,0.532992,,0.12928,0.35072,0,0.330496,0.007168,0.088576,,0.004352,0,1.8926079999999998,211,209,0,
