observation,camera_frame_observed,marker,gpu_ns,gpu_sample_count
0,6658,VSM.MarkReceiverPages,659968,1
0,6658,VSM.Allocate,576000,1
0,6658,VSM.ClearPhysicalPages,261376,1
0,6658,VSM.PageOccupancy,68864,1
0,6658,VSM.FinalizePages,2304,1
0,6658,VSM.DynamicRaster,89344,1
0,6658,VSM.LayoutRemap,0,1
0,6658,VSM.InvalidateStatic,0,0
0,6658,VSM.StaticCasterCull,201728,1
0,6658,VSM.DynamicCasterCull,0,1
0,6658,VSM.PageCull,183296,1
0,6658,VSM.StaticRaster,7168,1
0,6658,VSM.UnityCompatibilityRaster,0,0
0,6658,VSM.Resolve,13881088,1
0,6658,VSM.ResolveTrace,13656320,1
0,6658,VSM.FilterHorizontal,66304,1
0,6658,VSM.FilterVertical,0,0
0,6658,VSM.FilterTemporalVertical,157440,1
0,6658,VSM.ResetFeedback,0,1
1,6659,VSM.MarkReceiverPages,663552,1
1,6659,VSM.Allocate,567296,1
1,6659,VSM.ClearPhysicalPages,262144,1
1,6659,VSM.PageOccupancy,67072,1
1,6659,VSM.FinalizePages,2304,1
1,6659,VSM.DynamicRaster,94720,1
1,6659,VSM.LayoutRemap,0,1
1,6659,VSM.InvalidateStatic,0,0
1,6659,VSM.StaticCasterCull,197120,1
1,6659,VSM.DynamicCasterCull,0,1
1,6659,VSM.PageCull,178688,1
1,6659,VSM.StaticRaster,9984,1
1,6659,VSM.UnityCompatibilityRaster,0,0
1,6659,VSM.Resolve,14060288,1
1,6659,VSM.ResolveTrace,13838080,1
1,6659,VSM.FilterHorizontal,65792,1
1,6659,VSM.FilterVertical,0,0
1,6659,VSM.FilterTemporalVertical,155136,1
1,6659,VSM.ResetFeedback,0,1
2,6660,VSM.MarkReceiverPages,660224,1
2,6660,VSM.Allocate,577280,1
2,6660,VSM.ClearPhysicalPages,260864,1
2,6660,VSM.PageOccupancy,70656,1
2,6660,VSM.FinalizePages,1792,1
2,6660,VSM.DynamicRaster,87552,1
2,6660,VSM.LayoutRemap,0,1
2,6660,VSM.InvalidateStatic,0,0
2,6660,VSM.StaticCasterCull,194304,1
2,6660,VSM.DynamicCasterCull,0,1
2,6660,VSM.PageCull,175872,1
2,6660,VSM.StaticRaster,6400,1
2,6660,VSM.UnityCompatibilityRaster,0,0
2,6660,VSM.Resolve,14149888,1
2,6660,VSM.ResolveTrace,13925888,1
2,6660,VSM.FilterHorizontal,66304,1
2,6660,VSM.FilterVertical,0,0
2,6660,VSM.FilterTemporalVertical,156672,1
2,6660,VSM.ResetFeedback,0,1
3,6661,VSM.MarkReceiverPages,660736,1
3,6661,VSM.Allocate,569344,1
3,6661,VSM.ClearPhysicalPages,261632,1
3,6661,VSM.PageOccupancy,68096,1
3,6661,VSM.FinalizePages,1792,1
3,6661,VSM.DynamicRaster,88832,1
3,6661,VSM.LayoutRemap,0,1
3,6661,VSM.InvalidateStatic,0,0
3,6661,VSM.StaticCasterCull,197632,1
3,6661,VSM.DynamicCasterCull,0,1
3,6661,VSM.PageCull,178944,1
3,6661,VSM.StaticRaster,7424,1
3,6661,VSM.UnityCompatibilityRaster,0,0
3,6661,VSM.Resolve,13424128,1
3,6661,VSM.ResolveTrace,13203968,1
3,6661,VSM.FilterHorizontal,65280,1
3,6661,VSM.FilterVertical,0,0
3,6661,VSM.FilterTemporalVertical,154880,1
3,6661,VSM.ResetFeedback,0,1
4,6662,VSM.MarkReceiverPages,660224,1
4,6662,VSM.Allocate,566784,1
4,6662,VSM.ClearPhysicalPages,261376,1
4,6662,VSM.PageOccupancy,69888,1
4,6662,VSM.FinalizePages,1536,1
4,6662,VSM.DynamicRaster,81408,1
4,6662,VSM.LayoutRemap,0,1
4,6662,VSM.InvalidateStatic,0,0
4,6662,VSM.StaticCasterCull,202496,1
4,6662,VSM.DynamicCasterCull,0,1
4,6662,VSM.PageCull,183808,1
4,6662,VSM.StaticRaster,7936,1
4,6662,VSM.UnityCompatibilityRaster,0,0
4,6662,VSM.Resolve,14697728,1
4,6662,VSM.ResolveTrace,14474496,1
4,6662,VSM.FilterHorizontal,65792,1
4,6662,VSM.FilterVertical,0,0
4,6662,VSM.FilterTemporalVertical,155904,1
4,6662,VSM.ResetFeedback,0,1
5,6663,VSM.MarkReceiverPages,662016,1
5,6663,VSM.Allocate,568576,1
5,6663,VSM.ClearPhysicalPages,261888,1
5,6663,VSM.PageOccupancy,66816,1
5,6663,VSM.FinalizePages,1792,1
5,6663,VSM.DynamicRaster,84224,1
5,6663,VSM.LayoutRemap,0,1
5,6663,VSM.InvalidateStatic,0,0
5,6663,VSM.StaticCasterCull,197632,1
5,6663,VSM.DynamicCasterCull,0,1
5,6663,VSM.PageCull,178688,1
5,6663,VSM.StaticRaster,7168,1
5,6663,VSM.UnityCompatibilityRaster,0,0
5,6663,VSM.Resolve,13563392,1
5,6663,VSM.ResolveTrace,13341440,1
5,6663,VSM.FilterHorizontal,65536,1
5,6663,VSM.FilterVertical,0,0
5,6663,VSM.FilterTemporalVertical,155392,1
5,6663,VSM.ResetFeedback,0,1
6,6664,VSM.MarkReceiverPages,659456,1
6,6664,VSM.Allocate,577024,1
6,6664,VSM.ClearPhysicalPages,260864,1
6,6664,VSM.PageOccupancy,70144,1
6,6664,VSM.FinalizePages,1536,1
6,6664,VSM.DynamicRaster,81408,1
6,6664,VSM.LayoutRemap,0,1
6,6664,VSM.InvalidateStatic,0,0
6,6664,VSM.StaticCasterCull,206848,1
6,6664,VSM.DynamicCasterCull,0,1
6,6664,VSM.PageCull,187648,1
6,6664,VSM.StaticRaster,3328,1
6,6664,VSM.UnityCompatibilityRaster,0,0
6,6664,VSM.Resolve,14733056,1
6,6664,VSM.ResolveTrace,14509312,1
6,6664,VSM.FilterHorizontal,66560,1
6,6664,VSM.FilterVertical,0,0
6,6664,VSM.FilterTemporalVertical,156160,1
6,6664,VSM.ResetFeedback,0,1
7,6665,VSM.MarkReceiverPages,660480,1
7,6665,VSM.Allocate,577792,1
7,6665,VSM.ClearPhysicalPages,261120,1
7,6665,VSM.PageOccupancy,75264,1
7,6665,VSM.FinalizePages,1792,1
7,6665,VSM.DynamicRaster,89856,1
7,6665,VSM.LayoutRemap,0,1
7,6665,VSM.InvalidateStatic,0,0
7,6665,VSM.StaticCasterCull,196096,1
7,6665,VSM.DynamicCasterCull,0,1
7,6665,VSM.PageCull,177152,1
7,6665,VSM.StaticRaster,3072,1
7,6665,VSM.UnityCompatibilityRaster,0,0
7,6665,VSM.Resolve,13644032,1
7,6665,VSM.ResolveTrace,13420288,1
7,6665,VSM.FilterHorizontal,66304,1
7,6665,VSM.FilterVertical,0,0
7,6665,VSM.FilterTemporalVertical,156416,1
7,6665,VSM.ResetFeedback,0,1
8,6666,VSM.MarkReceiverPages,869376,1
8,6666,VSM.Allocate,567040,1
8,6666,VSM.ClearPhysicalPages,262912,1
8,6666,VSM.PageOccupancy,64768,1
8,6666,VSM.FinalizePages,2048,1
8,6666,VSM.DynamicRaster,87808,1
8,6666,VSM.LayoutRemap,0,1
8,6666,VSM.InvalidateStatic,0,0
8,6666,VSM.StaticCasterCull,201472,1
8,6666,VSM.DynamicCasterCull,0,1
8,6666,VSM.PageCull,182272,1
8,6666,VSM.StaticRaster,7424,1
8,6666,VSM.UnityCompatibilityRaster,0,0
8,6666,VSM.Resolve,13477376,1
8,6666,VSM.ResolveTrace,13253632,1
8,6666,VSM.FilterHorizontal,65536,1
8,6666,VSM.FilterVertical,0,0
8,6666,VSM.FilterTemporalVertical,156672,1
8,6666,VSM.ResetFeedback,0,1
9,6667,VSM.MarkReceiverPages,664064,1
9,6667,VSM.Allocate,568832,1
9,6667,VSM.ClearPhysicalPages,261376,1
9,6667,VSM.PageOccupancy,74752,1
9,6667,VSM.FinalizePages,1792,1
9,6667,VSM.DynamicRaster,88320,1
9,6667,VSM.LayoutRemap,0,1
9,6667,VSM.InvalidateStatic,0,0
9,6667,VSM.StaticCasterCull,202752,1
9,6667,VSM.DynamicCasterCull,0,1
9,6667,VSM.PageCull,183808,1
9,6667,VSM.StaticRaster,11008,1
9,6667,VSM.UnityCompatibilityRaster,0,0
9,6667,VSM.Resolve,14324736,1
9,6667,VSM.ResolveTrace,14099968,1
9,6667,VSM.FilterHorizontal,67072,1
9,6667,VSM.FilterVertical,0,0
9,6667,VSM.FilterTemporalVertical,156672,1
9,6667,VSM.ResetFeedback,0,1
10,6668,VSM.MarkReceiverPages,662528,1
10,6668,VSM.Allocate,568576,1
10,6668,VSM.ClearPhysicalPages,260864,1
10,6668,VSM.PageOccupancy,73984,1
10,6668,VSM.FinalizePages,1536,1
10,6668,VSM.DynamicRaster,88576,1
10,6668,VSM.LayoutRemap,0,1
10,6668,VSM.InvalidateStatic,0,0
10,6668,VSM.StaticCasterCull,200448,1
10,6668,VSM.DynamicCasterCull,0,1
10,6668,VSM.PageCull,182016,1
10,6668,VSM.StaticRaster,7424,1
10,6668,VSM.UnityCompatibilityRaster,0,0
10,6668,VSM.Resolve,13813248,1
10,6668,VSM.ResolveTrace,13590528,1
10,6668,VSM.FilterHorizontal,65280,1
10,6668,VSM.FilterVertical,0,0
10,6668,VSM.FilterTemporalVertical,156416,1
10,6668,VSM.ResetFeedback,0,1
11,6669,VSM.MarkReceiverPages,662784,1
11,6669,VSM.Allocate,564736,1
11,6669,VSM.ClearPhysicalPages,262400,1
11,6669,VSM.PageOccupancy,72448,1
11,6669,VSM.FinalizePages,1792,1
11,6669,VSM.DynamicRaster,86272,1
11,6669,VSM.LayoutRemap,0,1
11,6669,VSM.InvalidateStatic,0,0
11,6669,VSM.StaticCasterCull,212224,1
11,6669,VSM.DynamicCasterCull,0,1
11,6669,VSM.PageCull,193536,1
11,6669,VSM.StaticRaster,4864,1
11,6669,VSM.UnityCompatibilityRaster,0,0
11,6669,VSM.Resolve,13735424,1
11,6669,VSM.ResolveTrace,13512704,1
11,6669,VSM.FilterHorizontal,66304,1
11,6669,VSM.FilterVertical,0,0
11,6669,VSM.FilterTemporalVertical,155392,1
11,6669,VSM.ResetFeedback,0,1
12,6670,VSM.MarkReceiverPages,661248,1
12,6670,VSM.Allocate,568576,1
12,6670,VSM.ClearPhysicalPages,262400,1
12,6670,VSM.PageOccupancy,68352,1
12,6670,VSM.FinalizePages,1792,1
12,6670,VSM.DynamicRaster,83968,1
12,6670,VSM.LayoutRemap,0,1
12,6670,VSM.InvalidateStatic,0,0
12,6670,VSM.StaticCasterCull,204800,1
12,6670,VSM.DynamicCasterCull,0,1
12,6670,VSM.PageCull,186112,1
12,6670,VSM.StaticRaster,7168,1
12,6670,VSM.UnityCompatibilityRaster,0,0
12,6670,VSM.Resolve,14456832,1
12,6670,VSM.ResolveTrace,14233600,1
12,6670,VSM.FilterHorizontal,66560,1
12,6670,VSM.FilterVertical,0,0
12,6670,VSM.FilterTemporalVertical,155648,1
12,6670,VSM.ResetFeedback,0,1
13,6671,VSM.MarkReceiverPages,659968,1
13,6671,VSM.Allocate,567040,1
13,6671,VSM.ClearPhysicalPages,261632,1
13,6671,VSM.PageOccupancy,72704,1
13,6671,VSM.FinalizePages,2560,1
13,6671,VSM.DynamicRaster,82688,1
13,6671,VSM.LayoutRemap,0,1
13,6671,VSM.InvalidateStatic,0,0
13,6671,VSM.StaticCasterCull,200960,1
13,6671,VSM.DynamicCasterCull,0,1
13,6671,VSM.PageCull,182016,1
13,6671,VSM.StaticRaster,3072,1
13,6671,VSM.UnityCompatibilityRaster,0,0
13,6671,VSM.Resolve,14173184,1
13,6671,VSM.ResolveTrace,13948928,1
13,6671,VSM.FilterHorizontal,65792,1
13,6671,VSM.FilterVertical,0,0
13,6671,VSM.FilterTemporalVertical,157184,1
13,6671,VSM.ResetFeedback,0,1
14,6672,VSM.MarkReceiverPages,840448,1
14,6672,VSM.Allocate,577536,1
14,6672,VSM.ClearPhysicalPages,262144,1
14,6672,VSM.PageOccupancy,69376,1
14,6672,VSM.FinalizePages,2304,1
14,6672,VSM.DynamicRaster,88320,1
14,6672,VSM.LayoutRemap,0,1
14,6672,VSM.InvalidateStatic,0,0
14,6672,VSM.StaticCasterCull,207360,1
14,6672,VSM.DynamicCasterCull,0,1
14,6672,VSM.PageCull,187904,1
14,6672,VSM.StaticRaster,7168,1
14,6672,VSM.UnityCompatibilityRaster,0,0
14,6672,VSM.Resolve,13453312,1
14,6672,VSM.ResolveTrace,13232896,1
14,6672,VSM.FilterHorizontal,65024,1
14,6672,VSM.FilterVertical,0,0
14,6672,VSM.FilterTemporalVertical,154880,1
14,6672,VSM.ResetFeedback,0,1
15,6673,VSM.MarkReceiverPages,662272,1
15,6673,VSM.Allocate,564224,1
15,6673,VSM.ClearPhysicalPages,261888,1
15,6673,VSM.PageOccupancy,70144,1
15,6673,VSM.FinalizePages,1536,1
15,6673,VSM.DynamicRaster,82944,1
15,6673,VSM.LayoutRemap,0,1
15,6673,VSM.InvalidateStatic,0,0
15,6673,VSM.StaticCasterCull,199424,1
15,6673,VSM.DynamicCasterCull,0,1
15,6673,VSM.PageCull,180992,1
15,6673,VSM.StaticRaster,7168,1
15,6673,VSM.UnityCompatibilityRaster,0,0
15,6673,VSM.Resolve,14132736,1
15,6673,VSM.ResolveTrace,13908480,1
15,6673,VSM.FilterHorizontal,66048,1
15,6673,VSM.FilterVertical,0,0
15,6673,VSM.FilterTemporalVertical,157184,1
15,6673,VSM.ResetFeedback,0,1
16,6674,VSM.MarkReceiverPages,661248,1
16,6674,VSM.Allocate,568576,1
16,6674,VSM.ClearPhysicalPages,262400,1
16,6674,VSM.PageOccupancy,68352,1
16,6674,VSM.FinalizePages,1792,1
16,6674,VSM.DynamicRaster,83200,1
16,6674,VSM.LayoutRemap,0,1
16,6674,VSM.InvalidateStatic,0,0
16,6674,VSM.StaticCasterCull,208384,1
16,6674,VSM.DynamicCasterCull,0,1
16,6674,VSM.PageCull,189440,1
16,6674,VSM.StaticRaster,3072,1
16,6674,VSM.UnityCompatibilityRaster,0,0
16,6674,VSM.Resolve,14243584,1
16,6674,VSM.ResolveTrace,14019072,1
16,6674,VSM.FilterHorizontal,66560,1
16,6674,VSM.FilterVertical,0,0
16,6674,VSM.FilterTemporalVertical,157184,1
16,6674,VSM.ResetFeedback,0,1
17,6675,VSM.MarkReceiverPages,663296,1
17,6675,VSM.Allocate,576256,1
17,6675,VSM.ClearPhysicalPages,261888,1
17,6675,VSM.PageOccupancy,73472,1
17,6675,VSM.FinalizePages,1792,1
17,6675,VSM.DynamicRaster,88064,1
17,6675,VSM.LayoutRemap,0,1
17,6675,VSM.InvalidateStatic,0,0
17,6675,VSM.StaticCasterCull,205824,1
17,6675,VSM.DynamicCasterCull,0,1
17,6675,VSM.PageCull,187136,1
17,6675,VSM.StaticRaster,6912,1
17,6675,VSM.UnityCompatibilityRaster,0,0
17,6675,VSM.Resolve,13736192,1
17,6675,VSM.ResolveTrace,13515008,1
17,6675,VSM.FilterHorizontal,65024,1
17,6675,VSM.FilterVertical,0,0
17,6675,VSM.FilterTemporalVertical,155392,1
17,6675,VSM.ResetFeedback,0,1
18,6676,VSM.MarkReceiverPages,662784,1
18,6676,VSM.Allocate,568320,1
18,6676,VSM.ClearPhysicalPages,261888,1
18,6676,VSM.PageOccupancy,69888,1
18,6676,VSM.FinalizePages,1536,1
18,6676,VSM.DynamicRaster,84992,1
18,6676,VSM.LayoutRemap,0,1
18,6676,VSM.InvalidateStatic,0,0
18,6676,VSM.StaticCasterCull,197376,1
18,6676,VSM.DynamicCasterCull,0,1
18,6676,VSM.PageCull,178944,1
18,6676,VSM.StaticRaster,7168,1
18,6676,VSM.UnityCompatibilityRaster,0,0
18,6676,VSM.Resolve,13859072,1
18,6676,VSM.ResolveTrace,13636608,1
18,6676,VSM.FilterHorizontal,65792,1
18,6676,VSM.FilterVertical,0,0
18,6676,VSM.FilterTemporalVertical,155904,1
18,6676,VSM.ResetFeedback,0,1
19,6677,VSM.MarkReceiverPages,660224,1
19,6677,VSM.Allocate,564224,1
19,6677,VSM.ClearPhysicalPages,261632,1
19,6677,VSM.PageOccupancy,76800,1
19,6677,VSM.FinalizePages,2048,1
19,6677,VSM.DynamicRaster,94976,1
19,6677,VSM.LayoutRemap,0,1
19,6677,VSM.InvalidateStatic,0,0
19,6677,VSM.StaticCasterCull,195584,1
19,6677,VSM.DynamicCasterCull,0,1
19,6677,VSM.PageCull,176896,1
19,6677,VSM.StaticRaster,7168,1
19,6677,VSM.UnityCompatibilityRaster,0,0
19,6677,VSM.Resolve,15678208,1
19,6677,VSM.ResolveTrace,15453696,1
19,6677,VSM.FilterHorizontal,65536,1
19,6677,VSM.FilterVertical,0,0
19,6677,VSM.FilterTemporalVertical,157696,1
19,6677,VSM.ResetFeedback,0,1
20,6678,VSM.MarkReceiverPages,660736,1
20,6678,VSM.Allocate,567808,1
20,6678,VSM.ClearPhysicalPages,261888,1
20,6678,VSM.PageOccupancy,73728,1
20,6678,VSM.FinalizePages,2304,1
20,6678,VSM.DynamicRaster,87552,1
20,6678,VSM.LayoutRemap,0,1
20,6678,VSM.InvalidateStatic,0,0
20,6678,VSM.StaticCasterCull,198656,1
20,6678,VSM.DynamicCasterCull,0,1
20,6678,VSM.PageCull,179968,1
20,6678,VSM.StaticRaster,3328,1
20,6678,VSM.UnityCompatibilityRaster,0,0
20,6678,VSM.Resolve,13998080,1
20,6678,VSM.ResolveTrace,13775104,1
20,6678,VSM.FilterHorizontal,66560,1
20,6678,VSM.FilterVertical,0,0
20,6678,VSM.FilterTemporalVertical,155392,1
20,6678,VSM.ResetFeedback,0,1
21,6679,VSM.MarkReceiverPages,662016,1
21,6679,VSM.Allocate,564992,1
21,6679,VSM.ClearPhysicalPages,262144,1
21,6679,VSM.PageOccupancy,72960,1
21,6679,VSM.FinalizePages,1792,1
21,6679,VSM.DynamicRaster,87040,1
21,6679,VSM.LayoutRemap,0,1
21,6679,VSM.InvalidateStatic,0,0
21,6679,VSM.StaticCasterCull,200960,1
21,6679,VSM.DynamicCasterCull,0,1
21,6679,VSM.PageCull,182272,1
21,6679,VSM.StaticRaster,7168,1
21,6679,VSM.UnityCompatibilityRaster,0,0
21,6679,VSM.Resolve,13923584,1
21,6679,VSM.ResolveTrace,13698816,1
21,6679,VSM.FilterHorizontal,66304,1
21,6679,VSM.FilterVertical,0,0
21,6679,VSM.FilterTemporalVertical,157440,1
21,6679,VSM.ResetFeedback,0,1
22,6680,VSM.MarkReceiverPages,662528,1
22,6680,VSM.Allocate,574976,1
22,6680,VSM.ClearPhysicalPages,261632,1
22,6680,VSM.PageOccupancy,64512,1
22,6680,VSM.FinalizePages,1792,1
22,6680,VSM.DynamicRaster,93952,1
22,6680,VSM.LayoutRemap,0,1
22,6680,VSM.InvalidateStatic,0,0
22,6680,VSM.StaticCasterCull,200448,1
22,6680,VSM.DynamicCasterCull,0,1
22,6680,VSM.PageCull,181504,1
22,6680,VSM.StaticRaster,7424,1
22,6680,VSM.UnityCompatibilityRaster,0,0
22,6680,VSM.Resolve,13598976,1
22,6680,VSM.ResolveTrace,13377792,1
22,6680,VSM.FilterHorizontal,65536,1
22,6680,VSM.FilterVertical,0,0
22,6680,VSM.FilterTemporalVertical,154624,1
22,6680,VSM.ResetFeedback,0,1
23,6681,VSM.MarkReceiverPages,659712,1
23,6681,VSM.Allocate,577792,1
23,6681,VSM.ClearPhysicalPages,261888,1
23,6681,VSM.PageOccupancy,76544,1
23,6681,VSM.FinalizePages,1792,1
23,6681,VSM.DynamicRaster,91136,1
23,6681,VSM.LayoutRemap,0,1
23,6681,VSM.InvalidateStatic,0,0
23,6681,VSM.StaticCasterCull,210432,1
23,6681,VSM.DynamicCasterCull,0,1
23,6681,VSM.PageCull,192000,1
23,6681,VSM.StaticRaster,3328,1
23,6681,VSM.UnityCompatibilityRaster,0,0
23,6681,VSM.Resolve,14402048,1
23,6681,VSM.ResolveTrace,14177024,1
23,6681,VSM.FilterHorizontal,66304,1
23,6681,VSM.FilterVertical,0,0
23,6681,VSM.FilterTemporalVertical,157440,1
23,6681,VSM.ResetFeedback,0,1
24,6682,VSM.MarkReceiverPages,661248,1
24,6682,VSM.Allocate,576768,1
24,6682,VSM.ClearPhysicalPages,261120,1
24,6682,VSM.PageOccupancy,66304,1
24,6682,VSM.FinalizePages,1792,1
24,6682,VSM.DynamicRaster,84992,1
24,6682,VSM.LayoutRemap,0,1
24,6682,VSM.InvalidateStatic,0,0
24,6682,VSM.StaticCasterCull,199168,1
24,6682,VSM.DynamicCasterCull,0,1
24,6682,VSM.PageCull,181248,1
24,6682,VSM.StaticRaster,7424,1
24,6682,VSM.UnityCompatibilityRaster,0,0
24,6682,VSM.Resolve,14697472,1
24,6682,VSM.ResolveTrace,14279424,1
24,6682,VSM.FilterHorizontal,65536,1
24,6682,VSM.FilterVertical,0,0
24,6682,VSM.FilterTemporalVertical,351488,1
24,6682,VSM.ResetFeedback,0,1
25,6683,VSM.MarkReceiverPages,660992,1
25,6683,VSM.Allocate,568320,1
25,6683,VSM.ClearPhysicalPages,261888,1
25,6683,VSM.PageOccupancy,126464,1
25,6683,VSM.FinalizePages,1536,1
25,6683,VSM.DynamicRaster,95744,1
25,6683,VSM.LayoutRemap,0,1
25,6683,VSM.InvalidateStatic,0,0
25,6683,VSM.StaticCasterCull,196352,1
25,6683,VSM.DynamicCasterCull,0,1
25,6683,VSM.PageCull,177664,1
25,6683,VSM.StaticRaster,3584,1
25,6683,VSM.UnityCompatibilityRaster,0,0
25,6683,VSM.Resolve,13722112,1
25,6683,VSM.ResolveTrace,13498880,1
25,6683,VSM.FilterHorizontal,66048,1
25,6683,VSM.FilterVertical,0,0
25,6683,VSM.FilterTemporalVertical,156160,1
25,6683,VSM.ResetFeedback,0,1
26,6684,VSM.MarkReceiverPages,662016,1
26,6684,VSM.Allocate,569088,1
26,6684,VSM.ClearPhysicalPages,262912,1
26,6684,VSM.PageOccupancy,74752,1
26,6684,VSM.FinalizePages,1536,1
26,6684,VSM.DynamicRaster,93952,1
26,6684,VSM.LayoutRemap,0,1
26,6684,VSM.InvalidateStatic,0,0
26,6684,VSM.StaticCasterCull,207360,1
26,6684,VSM.DynamicCasterCull,0,1
26,6684,VSM.PageCull,188416,1
26,6684,VSM.StaticRaster,3328,1
26,6684,VSM.UnityCompatibilityRaster,0,0
26,6684,VSM.Resolve,14974976,1
26,6684,VSM.ResolveTrace,14750720,1
26,6684,VSM.FilterHorizontal,66048,1
26,6684,VSM.FilterVertical,0,0
26,6684,VSM.FilterTemporalVertical,157440,1
26,6684,VSM.ResetFeedback,0,1
27,6685,VSM.MarkReceiverPages,663296,1
27,6685,VSM.Allocate,578048,1
27,6685,VSM.ClearPhysicalPages,261376,1
27,6685,VSM.PageOccupancy,69120,1
27,6685,VSM.FinalizePages,1792,1
27,6685,VSM.DynamicRaster,80896,1
27,6685,VSM.LayoutRemap,0,1
27,6685,VSM.InvalidateStatic,0,0
27,6685,VSM.StaticCasterCull,201472,1
27,6685,VSM.DynamicCasterCull,256,1
27,6685,VSM.PageCull,182784,1
27,6685,VSM.StaticRaster,6912,1
27,6685,VSM.UnityCompatibilityRaster,0,0
27,6685,VSM.Resolve,14146048,1
27,6685,VSM.ResolveTrace,13921792,1
27,6685,VSM.FilterHorizontal,66048,1
27,6685,VSM.FilterVertical,0,0
27,6685,VSM.FilterTemporalVertical,157184,1
27,6685,VSM.ResetFeedback,0,1
28,6686,VSM.MarkReceiverPages,662784,1
28,6686,VSM.Allocate,573952,1
28,6686,VSM.ClearPhysicalPages,261120,1
28,6686,VSM.PageOccupancy,74240,1
28,6686,VSM.FinalizePages,2560,1
28,6686,VSM.DynamicRaster,88320,1
28,6686,VSM.LayoutRemap,0,1
28,6686,VSM.InvalidateStatic,0,0
28,6686,VSM.StaticCasterCull,199680,1
28,6686,VSM.DynamicCasterCull,0,1
28,6686,VSM.PageCull,180992,1
28,6686,VSM.StaticRaster,7168,1
28,6686,VSM.UnityCompatibilityRaster,0,0
28,6686,VSM.Resolve,13824000,1
28,6686,VSM.ResolveTrace,13600256,1
28,6686,VSM.FilterHorizontal,65280,1
28,6686,VSM.FilterVertical,0,0
28,6686,VSM.FilterTemporalVertical,156928,1
28,6686,VSM.ResetFeedback,0,1
29,6687,VSM.MarkReceiverPages,663296,1
29,6687,VSM.Allocate,574976,1
29,6687,VSM.ClearPhysicalPages,262400,1
29,6687,VSM.PageOccupancy,65536,1
29,6687,VSM.FinalizePages,1792,1
29,6687,VSM.DynamicRaster,84992,1
29,6687,VSM.LayoutRemap,0,1
29,6687,VSM.InvalidateStatic,0,0
29,6687,VSM.StaticCasterCull,201984,1
29,6687,VSM.DynamicCasterCull,0,1
29,6687,VSM.PageCull,183552,1
29,6687,VSM.StaticRaster,7168,1
29,6687,VSM.UnityCompatibilityRaster,0,0
29,6687,VSM.Resolve,13380352,1
29,6687,VSM.ResolveTrace,13157376,1
29,6687,VSM.FilterHorizontal,65280,1
29,6687,VSM.FilterVertical,0,0
29,6687,VSM.FilterTemporalVertical,156416,1
29,6687,VSM.ResetFeedback,0,1
30,6688,VSM.MarkReceiverPages,664576,1
30,6688,VSM.Allocate,574464,1
30,6688,VSM.ClearPhysicalPages,261632,1
30,6688,VSM.PageOccupancy,73216,1
30,6688,VSM.FinalizePages,1792,1
30,6688,VSM.DynamicRaster,90624,1
30,6688,VSM.LayoutRemap,0,1
30,6688,VSM.InvalidateStatic,0,0
30,6688,VSM.StaticCasterCull,199680,1
30,6688,VSM.DynamicCasterCull,0,1
30,6688,VSM.PageCull,180992,1
30,6688,VSM.StaticRaster,3328,1
30,6688,VSM.UnityCompatibilityRaster,0,0
30,6688,VSM.Resolve,13928960,1
30,6688,VSM.ResolveTrace,13703680,1
30,6688,VSM.FilterHorizontal,66816,1
30,6688,VSM.FilterVertical,0,0
30,6688,VSM.FilterTemporalVertical,156928,1
30,6688,VSM.ResetFeedback,0,1
31,6689,VSM.MarkReceiverPages,662272,1
31,6689,VSM.Allocate,569856,1
31,6689,VSM.ClearPhysicalPages,262144,1
31,6689,VSM.PageOccupancy,76544,1
31,6689,VSM.FinalizePages,1536,1
31,6689,VSM.DynamicRaster,93440,1
31,6689,VSM.LayoutRemap,0,1
31,6689,VSM.InvalidateStatic,0,0
31,6689,VSM.StaticCasterCull,211968,1
31,6689,VSM.DynamicCasterCull,0,1
31,6689,VSM.PageCull,193536,1
31,6689,VSM.StaticRaster,3328,1
31,6689,VSM.UnityCompatibilityRaster,0,0
31,6689,VSM.Resolve,14003200,1
31,6689,VSM.ResolveTrace,13781760,1
31,6689,VSM.FilterHorizontal,65280,1
31,6689,VSM.FilterVertical,0,0
31,6689,VSM.FilterTemporalVertical,154880,1
31,6689,VSM.ResetFeedback,0,1
32,6690,VSM.MarkReceiverPages,662528,1
32,6690,VSM.Allocate,571648,1
32,6690,VSM.ClearPhysicalPages,261888,1
32,6690,VSM.PageOccupancy,75776,1
32,6690,VSM.FinalizePages,1792,1
32,6690,VSM.DynamicRaster,83712,1
32,6690,VSM.LayoutRemap,0,1
32,6690,VSM.InvalidateStatic,0,0
32,6690,VSM.StaticCasterCull,206080,1
32,6690,VSM.DynamicCasterCull,0,1
32,6690,VSM.PageCull,187392,1
32,6690,VSM.StaticRaster,7168,1
32,6690,VSM.UnityCompatibilityRaster,0,0
32,6690,VSM.Resolve,13889792,1
32,6690,VSM.ResolveTrace,13666560,1
32,6690,VSM.FilterHorizontal,65280,1
32,6690,VSM.FilterVertical,0,0
32,6690,VSM.FilterTemporalVertical,156928,1
32,6690,VSM.ResetFeedback,0,1
33,6691,VSM.MarkReceiverPages,662272,1
33,6691,VSM.Allocate,573952,1
33,6691,VSM.ClearPhysicalPages,261632,1
33,6691,VSM.PageOccupancy,66304,1
33,6691,VSM.FinalizePages,1792,1
33,6691,VSM.DynamicRaster,91648,1
33,6691,VSM.LayoutRemap,0,1
33,6691,VSM.InvalidateStatic,0,0
33,6691,VSM.StaticCasterCull,198656,1
33,6691,VSM.DynamicCasterCull,0,1
33,6691,VSM.PageCull,179968,1
33,6691,VSM.StaticRaster,7424,1
33,6691,VSM.UnityCompatibilityRaster,0,0
33,6691,VSM.Resolve,13630976,1
33,6691,VSM.ResolveTrace,13407232,1
33,6691,VSM.FilterHorizontal,66816,1
33,6691,VSM.FilterVertical,0,0
33,6691,VSM.FilterTemporalVertical,155904,1
33,6691,VSM.ResetFeedback,0,1
34,6692,VSM.MarkReceiverPages,663296,1
34,6692,VSM.Allocate,566784,1
34,6692,VSM.ClearPhysicalPages,262400,1
34,6692,VSM.PageOccupancy,68352,1
34,6692,VSM.FinalizePages,1536,1
34,6692,VSM.DynamicRaster,81920,1
34,6692,VSM.LayoutRemap,0,1
34,6692,VSM.InvalidateStatic,0,0
34,6692,VSM.StaticCasterCull,207104,1
34,6692,VSM.DynamicCasterCull,0,1
34,6692,VSM.PageCull,188416,1
34,6692,VSM.StaticRaster,3072,1
34,6692,VSM.UnityCompatibilityRaster,0,0
34,6692,VSM.Resolve,14559232,1
34,6692,VSM.ResolveTrace,14333952,1
34,6692,VSM.FilterHorizontal,66304,1
34,6692,VSM.FilterVertical,0,0
34,6692,VSM.FilterTemporalVertical,157952,1
34,6692,VSM.ResetFeedback,0,1
35,6693,VSM.MarkReceiverPages,660480,1
35,6693,VSM.Allocate,568064,1
35,6693,VSM.ClearPhysicalPages,262400,1
35,6693,VSM.PageOccupancy,72960,1
35,6693,VSM.FinalizePages,1536,1
35,6693,VSM.DynamicRaster,92928,1
35,6693,VSM.LayoutRemap,0,1
35,6693,VSM.InvalidateStatic,0,0
35,6693,VSM.StaticCasterCull,201984,1
35,6693,VSM.DynamicCasterCull,0,1
35,6693,VSM.PageCull,183552,1
35,6693,VSM.StaticRaster,7424,1
35,6693,VSM.UnityCompatibilityRaster,0,0
35,6693,VSM.Resolve,13672704,1
35,6693,VSM.ResolveTrace,13448704,1
35,6693,VSM.FilterHorizontal,66048,1
35,6693,VSM.FilterVertical,0,0
35,6693,VSM.FilterTemporalVertical,156928,1
35,6693,VSM.ResetFeedback,0,1
36,6694,VSM.MarkReceiverPages,665088,1
36,6694,VSM.Allocate,565248,1
36,6694,VSM.ClearPhysicalPages,262144,1
36,6694,VSM.PageOccupancy,66048,1
36,6694,VSM.FinalizePages,1536,1
36,6694,VSM.DynamicRaster,90112,1
36,6694,VSM.LayoutRemap,0,1
36,6694,VSM.InvalidateStatic,0,0
36,6694,VSM.StaticCasterCull,198144,1
36,6694,VSM.DynamicCasterCull,0,1
36,6694,VSM.PageCull,178688,1
36,6694,VSM.StaticRaster,7168,1
36,6694,VSM.UnityCompatibilityRaster,0,0
36,6694,VSM.Resolve,13905408,1
36,6694,VSM.ResolveTrace,13681408,1
36,6694,VSM.FilterHorizontal,66304,1
36,6694,VSM.FilterVertical,0,0
36,6694,VSM.FilterTemporalVertical,156160,1
36,6694,VSM.ResetFeedback,0,1
37,6695,VSM.MarkReceiverPages,661504,1
37,6695,VSM.Allocate,574976,1
37,6695,VSM.ClearPhysicalPages,262144,1
37,6695,VSM.PageOccupancy,76288,1
37,6695,VSM.FinalizePages,2560,1
37,6695,VSM.DynamicRaster,86272,1
37,6695,VSM.LayoutRemap,0,1
37,6695,VSM.InvalidateStatic,0,0
37,6695,VSM.StaticCasterCull,207360,1
37,6695,VSM.DynamicCasterCull,0,1
37,6695,VSM.PageCull,188416,1
37,6695,VSM.StaticRaster,7424,1
37,6695,VSM.UnityCompatibilityRaster,0,0
37,6695,VSM.Resolve,14501376,1
37,6695,VSM.ResolveTrace,14278400,1
37,6695,VSM.FilterHorizontal,65792,1
37,6695,VSM.FilterVertical,0,0
37,6695,VSM.FilterTemporalVertical,156160,1
37,6695,VSM.ResetFeedback,0,1
38,6696,VSM.MarkReceiverPages,662016,1
38,6696,VSM.Allocate,574464,1
38,6696,VSM.ClearPhysicalPages,261888,1
38,6696,VSM.PageOccupancy,68096,1
38,6696,VSM.FinalizePages,2304,1
38,6696,VSM.DynamicRaster,93184,1
38,6696,VSM.LayoutRemap,0,1
38,6696,VSM.InvalidateStatic,0,0
38,6696,VSM.StaticCasterCull,206592,1
38,6696,VSM.DynamicCasterCull,0,1
38,6696,VSM.PageCull,187392,1
38,6696,VSM.StaticRaster,7168,1
38,6696,VSM.UnityCompatibilityRaster,0,0
38,6696,VSM.Resolve,13728768,1
38,6696,VSM.ResolveTrace,13504000,1
38,6696,VSM.FilterHorizontal,66048,1
38,6696,VSM.FilterVertical,0,0
38,6696,VSM.FilterTemporalVertical,157440,1
38,6696,VSM.ResetFeedback,0,1
39,6697,VSM.MarkReceiverPages,662272,1
39,6697,VSM.Allocate,572672,1
39,6697,VSM.ClearPhysicalPages,261888,1
39,6697,VSM.PageOccupancy,65792,1
39,6697,VSM.FinalizePages,1792,1
39,6697,VSM.DynamicRaster,84992,1
39,6697,VSM.LayoutRemap,0,1
39,6697,VSM.InvalidateStatic,0,0
39,6697,VSM.StaticCasterCull,200960,1
39,6697,VSM.DynamicCasterCull,0,1
39,6697,VSM.PageCull,181248,1
39,6697,VSM.StaticRaster,7424,1
39,6697,VSM.UnityCompatibilityRaster,0,0
39,6697,VSM.Resolve,14181888,1
39,6697,VSM.ResolveTrace,13957376,1
39,6697,VSM.FilterHorizontal,65792,1
39,6697,VSM.FilterVertical,0,0
39,6697,VSM.FilterTemporalVertical,157440,1
39,6697,VSM.ResetFeedback,0,1
40,6698,VSM.MarkReceiverPages,662784,1
40,6698,VSM.Allocate,569088,1
40,6698,VSM.ClearPhysicalPages,261376,1
40,6698,VSM.PageOccupancy,68352,1
40,6698,VSM.FinalizePages,1536,1
40,6698,VSM.DynamicRaster,97280,1
40,6698,VSM.LayoutRemap,0,1
40,6698,VSM.InvalidateStatic,0,0
40,6698,VSM.StaticCasterCull,211712,1
40,6698,VSM.DynamicCasterCull,0,1
40,6698,VSM.PageCull,193024,1
40,6698,VSM.StaticRaster,192512,1
40,6698,VSM.UnityCompatibilityRaster,0,0
40,6698,VSM.Resolve,14951424,1
40,6698,VSM.ResolveTrace,14727680,1
40,6698,VSM.FilterHorizontal,65792,1
40,6698,VSM.FilterVertical,0,0
40,6698,VSM.FilterTemporalVertical,156416,1
40,6698,VSM.ResetFeedback,0,1
41,6699,VSM.MarkReceiverPages,663296,1
41,6699,VSM.Allocate,574464,1
41,6699,VSM.ClearPhysicalPages,261888,1
41,6699,VSM.PageOccupancy,66048,1
41,6699,VSM.FinalizePages,1792,1
41,6699,VSM.DynamicRaster,88832,1
41,6699,VSM.LayoutRemap,0,1
41,6699,VSM.InvalidateStatic,0,0
41,6699,VSM.StaticCasterCull,205824,1
41,6699,VSM.DynamicCasterCull,0,1
41,6699,VSM.PageCull,186880,1
41,6699,VSM.StaticRaster,7680,1
41,6699,VSM.UnityCompatibilityRaster,0,0
41,6699,VSM.Resolve,14056192,1
41,6699,VSM.ResolveTrace,13829888,1
41,6699,VSM.FilterHorizontal,66048,1
41,6699,VSM.FilterVertical,0,0
41,6699,VSM.FilterTemporalVertical,159232,1
41,6699,VSM.ResetFeedback,0,1
42,6700,VSM.MarkReceiverPages,662016,1
42,6700,VSM.Allocate,567808,1
42,6700,VSM.ClearPhysicalPages,262144,1
42,6700,VSM.PageOccupancy,73728,1
42,6700,VSM.FinalizePages,1536,1
42,6700,VSM.DynamicRaster,93696,1
42,6700,VSM.LayoutRemap,0,1
42,6700,VSM.InvalidateStatic,0,0
42,6700,VSM.StaticCasterCull,196096,1
42,6700,VSM.DynamicCasterCull,0,1
42,6700,VSM.PageCull,177152,1
42,6700,VSM.StaticRaster,4352,1
42,6700,VSM.UnityCompatibilityRaster,0,0
42,6700,VSM.Resolve,13953024,1
42,6700,VSM.ResolveTrace,13729792,1
42,6700,VSM.FilterHorizontal,65536,1
42,6700,VSM.FilterVertical,0,0
42,6700,VSM.FilterTemporalVertical,156416,1
42,6700,VSM.ResetFeedback,0,1
43,6701,VSM.MarkReceiverPages,660480,1
43,6701,VSM.Allocate,566272,1
43,6701,VSM.ClearPhysicalPages,261376,1
43,6701,VSM.PageOccupancy,74240,1
43,6701,VSM.FinalizePages,1792,1
43,6701,VSM.DynamicRaster,84224,1
43,6701,VSM.LayoutRemap,0,1
43,6701,VSM.InvalidateStatic,0,0
43,6701,VSM.StaticCasterCull,198144,1
43,6701,VSM.DynamicCasterCull,0,1
43,6701,VSM.PageCull,179456,1
43,6701,VSM.StaticRaster,7168,1
43,6701,VSM.UnityCompatibilityRaster,0,0
43,6701,VSM.Resolve,13678336,1
43,6701,VSM.ResolveTrace,13455360,1
43,6701,VSM.FilterHorizontal,65536,1
43,6701,VSM.FilterVertical,0,0
43,6701,VSM.FilterTemporalVertical,155904,1
43,6701,VSM.ResetFeedback,0,1
44,6702,VSM.MarkReceiverPages,659968,1
44,6702,VSM.Allocate,575488,1
44,6702,VSM.ClearPhysicalPages,261376,1
44,6702,VSM.PageOccupancy,67584,1
44,6702,VSM.FinalizePages,1792,1
44,6702,VSM.DynamicRaster,84224,1
44,6702,VSM.LayoutRemap,0,1
44,6702,VSM.InvalidateStatic,0,0
44,6702,VSM.StaticCasterCull,199936,1
44,6702,VSM.DynamicCasterCull,0,1
44,6702,VSM.PageCull,181248,1
44,6702,VSM.StaticRaster,7168,1
44,6702,VSM.UnityCompatibilityRaster,0,0
44,6702,VSM.Resolve,14780416,1
44,6702,VSM.ResolveTrace,14387456,1
44,6702,VSM.FilterHorizontal,66304,1
44,6702,VSM.FilterVertical,0,0
44,6702,VSM.FilterTemporalVertical,325632,1
44,6702,VSM.ResetFeedback,0,1
45,6703,VSM.MarkReceiverPages,662016,1
45,6703,VSM.Allocate,567552,1
45,6703,VSM.ClearPhysicalPages,261888,1
45,6703,VSM.PageOccupancy,67328,1
45,6703,VSM.FinalizePages,1536,1
45,6703,VSM.DynamicRaster,83968,1
45,6703,VSM.LayoutRemap,0,1
45,6703,VSM.InvalidateStatic,0,0
45,6703,VSM.StaticCasterCull,196096,1
45,6703,VSM.DynamicCasterCull,0,1
45,6703,VSM.PageCull,177664,1
45,6703,VSM.StaticRaster,7168,1
45,6703,VSM.UnityCompatibilityRaster,0,0
45,6703,VSM.Resolve,13853952,1
45,6703,VSM.ResolveTrace,13630208,1
45,6703,VSM.FilterHorizontal,66560,1
45,6703,VSM.FilterVertical,0,0
45,6703,VSM.FilterTemporalVertical,155904,1
45,6703,VSM.ResetFeedback,0,1
46,6704,VSM.MarkReceiverPages,663808,1
46,6704,VSM.Allocate,568576,1
46,6704,VSM.ClearPhysicalPages,262912,1
46,6704,VSM.PageOccupancy,64000,1
46,6704,VSM.FinalizePages,1792,1
46,6704,VSM.DynamicRaster,86784,1
46,6704,VSM.LayoutRemap,0,1
46,6704,VSM.InvalidateStatic,0,0
46,6704,VSM.StaticCasterCull,205056,1
46,6704,VSM.DynamicCasterCull,0,1
46,6704,VSM.PageCull,185856,1
46,6704,VSM.StaticRaster,10240,1
46,6704,VSM.UnityCompatibilityRaster,0,0
46,6704,VSM.Resolve,14288640,1
46,6704,VSM.ResolveTrace,14062848,1
46,6704,VSM.FilterHorizontal,66816,1
46,6704,VSM.FilterVertical,0,0
46,6704,VSM.FilterTemporalVertical,157696,1
46,6704,VSM.ResetFeedback,0,1
47,6705,VSM.MarkReceiverPages,660992,1
47,6705,VSM.Allocate,579072,1
47,6705,VSM.ClearPhysicalPages,261376,1
47,6705,VSM.PageOccupancy,66816,1
47,6705,VSM.FinalizePages,1792,1
47,6705,VSM.DynamicRaster,87808,1
47,6705,VSM.LayoutRemap,0,1
47,6705,VSM.InvalidateStatic,0,0
47,6705,VSM.StaticCasterCull,207872,1
47,6705,VSM.DynamicCasterCull,0,1
47,6705,VSM.PageCull,189440,1
47,6705,VSM.StaticRaster,3328,1
47,6705,VSM.UnityCompatibilityRaster,0,0
47,6705,VSM.Resolve,14014720,1
47,6705,VSM.ResolveTrace,13791232,1
47,6705,VSM.FilterHorizontal,65280,1
47,6705,VSM.FilterVertical,0,0
47,6705,VSM.FilterTemporalVertical,157184,1
47,6705,VSM.ResetFeedback,0,1
48,6706,VSM.MarkReceiverPages,662784,1
48,6706,VSM.Allocate,578304,1
48,6706,VSM.ClearPhysicalPages,262144,1
48,6706,VSM.PageOccupancy,66816,1
48,6706,VSM.FinalizePages,2304,1
48,6706,VSM.DynamicRaster,88832,1
48,6706,VSM.LayoutRemap,0,1
48,6706,VSM.InvalidateStatic,0,0
48,6706,VSM.StaticCasterCull,196096,1
48,6706,VSM.DynamicCasterCull,0,1
48,6706,VSM.PageCull,177408,1
48,6706,VSM.StaticRaster,10752,1
48,6706,VSM.UnityCompatibilityRaster,0,0
48,6706,VSM.Resolve,13856000,1
48,6706,VSM.ResolveTrace,13633280,1
48,6706,VSM.FilterHorizontal,66048,1
48,6706,VSM.FilterVertical,0,0
48,6706,VSM.FilterTemporalVertical,155392,1
48,6706,VSM.ResetFeedback,0,1
49,6707,VSM.MarkReceiverPages,662784,1
49,6707,VSM.Allocate,568064,1
49,6707,VSM.ClearPhysicalPages,261376,1
49,6707,VSM.PageOccupancy,67328,1
49,6707,VSM.FinalizePages,2560,1
49,6707,VSM.DynamicRaster,84992,1
49,6707,VSM.LayoutRemap,0,1
49,6707,VSM.InvalidateStatic,0,0
49,6707,VSM.StaticCasterCull,202752,1
49,6707,VSM.DynamicCasterCull,0,1
49,6707,VSM.PageCull,184064,1
49,6707,VSM.StaticRaster,7168,1
49,6707,VSM.UnityCompatibilityRaster,0,0
49,6707,VSM.Resolve,13780480,1
49,6707,VSM.ResolveTrace,13555968,1
49,6707,VSM.FilterHorizontal,65792,1
49,6707,VSM.FilterVertical,0,0
49,6707,VSM.FilterTemporalVertical,157440,1
49,6707,VSM.ResetFeedback,256,1
50,6708,VSM.MarkReceiverPages,839936,1
50,6708,VSM.Allocate,570368,1
50,6708,VSM.ClearPhysicalPages,262144,1
50,6708,VSM.PageOccupancy,67328,1
50,6708,VSM.FinalizePages,1536,1
50,6708,VSM.DynamicRaster,86272,1
50,6708,VSM.LayoutRemap,0,1
50,6708,VSM.InvalidateStatic,0,0
50,6708,VSM.StaticCasterCull,200192,1
50,6708,VSM.DynamicCasterCull,0,1
50,6708,VSM.PageCull,182016,1
50,6708,VSM.StaticRaster,7168,1
50,6708,VSM.UnityCompatibilityRaster,0,0
50,6708,VSM.Resolve,13953024,1
50,6708,VSM.ResolveTrace,13731328,1
50,6708,VSM.FilterHorizontal,65536,1
50,6708,VSM.FilterVertical,0,0
50,6708,VSM.FilterTemporalVertical,155392,1
50,6708,VSM.ResetFeedback,0,1
51,6709,VSM.MarkReceiverPages,661760,1
51,6709,VSM.Allocate,567296,1
51,6709,VSM.ClearPhysicalPages,261632,1
51,6709,VSM.PageOccupancy,75776,1
51,6709,VSM.FinalizePages,1792,1
51,6709,VSM.DynamicRaster,86272,1
51,6709,VSM.LayoutRemap,0,1
51,6709,VSM.InvalidateStatic,0,0
51,6709,VSM.StaticCasterCull,198400,1
51,6709,VSM.DynamicCasterCull,0,1
51,6709,VSM.PageCull,179712,1
51,6709,VSM.StaticRaster,7168,1
51,6709,VSM.UnityCompatibilityRaster,0,0
51,6709,VSM.Resolve,13678592,1
51,6709,VSM.ResolveTrace,13457408,1
51,6709,VSM.FilterHorizontal,65536,1
51,6709,VSM.FilterVertical,0,0
51,6709,VSM.FilterTemporalVertical,155392,1
51,6709,VSM.ResetFeedback,0,1
52,6710,VSM.MarkReceiverPages,662784,1
52,6710,VSM.Allocate,567040,1
52,6710,VSM.ClearPhysicalPages,261376,1
52,6710,VSM.PageOccupancy,66048,1
52,6710,VSM.FinalizePages,1792,1
52,6710,VSM.DynamicRaster,86784,1
52,6710,VSM.LayoutRemap,0,1
52,6710,VSM.InvalidateStatic,0,0
52,6710,VSM.StaticCasterCull,202496,1
52,6710,VSM.DynamicCasterCull,0,1
52,6710,VSM.PageCull,183040,1
52,6710,VSM.StaticRaster,6656,1
52,6710,VSM.UnityCompatibilityRaster,0,0
52,6710,VSM.Resolve,15244544,1
52,6710,VSM.ResolveTrace,15021568,1
52,6710,VSM.FilterHorizontal,66048,1
52,6710,VSM.FilterVertical,0,0
52,6710,VSM.FilterTemporalVertical,155648,1
52,6710,VSM.ResetFeedback,0,1
53,6711,VSM.MarkReceiverPages,661760,1
53,6711,VSM.Allocate,575488,1
53,6711,VSM.ClearPhysicalPages,261120,1
53,6711,VSM.PageOccupancy,70400,1
53,6711,VSM.FinalizePages,1792,1
53,6711,VSM.DynamicRaster,106240,1
53,6711,VSM.LayoutRemap,0,1
53,6711,VSM.InvalidateStatic,0,0
53,6711,VSM.StaticCasterCull,194560,1
53,6711,VSM.DynamicCasterCull,0,1
53,6711,VSM.PageCull,175872,1
53,6711,VSM.StaticRaster,3072,1
53,6711,VSM.UnityCompatibilityRaster,0,0
53,6711,VSM.Resolve,14055680,1
53,6711,VSM.ResolveTrace,13831936,1
53,6711,VSM.FilterHorizontal,65280,1
53,6711,VSM.FilterVertical,0,0
53,6711,VSM.FilterTemporalVertical,156928,1
53,6711,VSM.ResetFeedback,0,1
54,6712,VSM.MarkReceiverPages,659456,1
54,6712,VSM.Allocate,568576,1
54,6712,VSM.ClearPhysicalPages,261376,1
54,6712,VSM.PageOccupancy,112128,1
54,6712,VSM.FinalizePages,1792,1
54,6712,VSM.DynamicRaster,84736,1
54,6712,VSM.LayoutRemap,0,1
54,6712,VSM.InvalidateStatic,0,0
54,6712,VSM.StaticCasterCull,203264,1
54,6712,VSM.DynamicCasterCull,0,1
54,6712,VSM.PageCull,184064,1
54,6712,VSM.StaticRaster,6912,1
54,6712,VSM.UnityCompatibilityRaster,0,0
54,6712,VSM.Resolve,13869568,1
54,6712,VSM.ResolveTrace,13457920,1
54,6712,VSM.FilterHorizontal,65792,1
54,6712,VSM.FilterVertical,0,0
54,6712,VSM.FilterTemporalVertical,155392,1
54,6712,VSM.ResetFeedback,0,1
55,6713,VSM.MarkReceiverPages,660736,1
55,6713,VSM.Allocate,568832,1
55,6713,VSM.ClearPhysicalPages,261632,1
55,6713,VSM.PageOccupancy,68864,1
55,6713,VSM.FinalizePages,1792,1
55,6713,VSM.DynamicRaster,86528,1
55,6713,VSM.LayoutRemap,0,1
55,6713,VSM.InvalidateStatic,0,0
55,6713,VSM.StaticCasterCull,200448,1
55,6713,VSM.DynamicCasterCull,0,1
55,6713,VSM.PageCull,181504,1
55,6713,VSM.StaticRaster,3328,1
55,6713,VSM.UnityCompatibilityRaster,0,0
55,6713,VSM.Resolve,14691072,1
55,6713,VSM.ResolveTrace,14468096,1
55,6713,VSM.FilterHorizontal,65792,1
55,6713,VSM.FilterVertical,0,0
55,6713,VSM.FilterTemporalVertical,155904,1
55,6713,VSM.ResetFeedback,0,1
56,6714,VSM.MarkReceiverPages,662272,1
56,6714,VSM.Allocate,568832,1
56,6714,VSM.ClearPhysicalPages,261632,1
56,6714,VSM.PageOccupancy,73728,1
56,6714,VSM.FinalizePages,1536,1
56,6714,VSM.DynamicRaster,93696,1
56,6714,VSM.LayoutRemap,0,1
56,6714,VSM.InvalidateStatic,0,0
56,6714,VSM.StaticCasterCull,209152,1
56,6714,VSM.DynamicCasterCull,0,1
56,6714,VSM.PageCull,190720,1
56,6714,VSM.StaticRaster,3328,1
56,6714,VSM.UnityCompatibilityRaster,0,0
56,6714,VSM.Resolve,14278400,1
56,6714,VSM.ResolveTrace,14054144,1
56,6714,VSM.FilterHorizontal,66048,1
56,6714,VSM.FilterVertical,0,0
56,6714,VSM.FilterTemporalVertical,156928,1
56,6714,VSM.ResetFeedback,0,1
57,6715,VSM.MarkReceiverPages,662784,1
57,6715,VSM.Allocate,567552,1
57,6715,VSM.ClearPhysicalPages,262144,1
57,6715,VSM.PageOccupancy,111616,1
57,6715,VSM.FinalizePages,1536,1
57,6715,VSM.DynamicRaster,81920,1
57,6715,VSM.LayoutRemap,0,1
57,6715,VSM.InvalidateStatic,0,0
57,6715,VSM.StaticCasterCull,203520,1
57,6715,VSM.DynamicCasterCull,0,1
57,6715,VSM.PageCull,184576,1
57,6715,VSM.StaticRaster,7168,1
57,6715,VSM.UnityCompatibilityRaster,0,0
57,6715,VSM.Resolve,13420032,1
57,6715,VSM.ResolveTrace,13196544,1
57,6715,VSM.FilterHorizontal,65792,1
57,6715,VSM.FilterVertical,0,0
57,6715,VSM.FilterTemporalVertical,156416,1
57,6715,VSM.ResetFeedback,0,1
58,6716,VSM.MarkReceiverPages,662016,1
58,6716,VSM.Allocate,576000,1
58,6716,VSM.ClearPhysicalPages,261632,1
58,6716,VSM.PageOccupancy,66560,1
58,6716,VSM.FinalizePages,1536,1
58,6716,VSM.DynamicRaster,84224,1
58,6716,VSM.LayoutRemap,0,1
58,6716,VSM.InvalidateStatic,0,0
58,6716,VSM.StaticCasterCull,206848,1
58,6716,VSM.DynamicCasterCull,0,1
58,6716,VSM.PageCull,187904,1
58,6716,VSM.StaticRaster,5120,1
58,6716,VSM.UnityCompatibilityRaster,0,0
58,6716,VSM.Resolve,14115328,1
58,6716,VSM.ResolveTrace,13889792,1
58,6716,VSM.FilterHorizontal,66560,1
58,6716,VSM.FilterVertical,0,0
58,6716,VSM.FilterTemporalVertical,157696,1
58,6716,VSM.ResetFeedback,0,1
59,6717,VSM.MarkReceiverPages,663552,1
59,6717,VSM.Allocate,567808,1
59,6717,VSM.ClearPhysicalPages,262400,1
59,6717,VSM.PageOccupancy,66304,1
59,6717,VSM.FinalizePages,1792,1
59,6717,VSM.DynamicRaster,83200,1
59,6717,VSM.LayoutRemap,0,1
59,6717,VSM.InvalidateStatic,0,0
59,6717,VSM.StaticCasterCull,208640,1
59,6717,VSM.DynamicCasterCull,0,1
59,6717,VSM.PageCull,189696,1
59,6717,VSM.StaticRaster,7168,1
59,6717,VSM.UnityCompatibilityRaster,0,0
59,6717,VSM.Resolve,13312000,1
59,6717,VSM.ResolveTrace,13092096,1
59,6717,VSM.FilterHorizontal,65024,1
59,6717,VSM.FilterVertical,0,0
59,6717,VSM.FilterTemporalVertical,154880,1
59,6717,VSM.ResetFeedback,0,1
60,6718,VSM.MarkReceiverPages,660736,1
60,6718,VSM.Allocate,577536,1
60,6718,VSM.ClearPhysicalPages,261376,1
60,6718,VSM.PageOccupancy,65536,1
60,6718,VSM.FinalizePages,2048,1
60,6718,VSM.DynamicRaster,88320,1
60,6718,VSM.LayoutRemap,0,1
60,6718,VSM.InvalidateStatic,0,0
60,6718,VSM.StaticCasterCull,461568,1
60,6718,VSM.DynamicCasterCull,0,1
60,6718,VSM.PageCull,187136,1
60,6718,VSM.StaticRaster,9216,1
60,6718,VSM.UnityCompatibilityRaster,0,0
60,6718,VSM.Resolve,14235904,1
60,6718,VSM.ResolveTrace,14012160,1
60,6718,VSM.FilterHorizontal,65536,1
60,6718,VSM.FilterVertical,0,0
60,6718,VSM.FilterTemporalVertical,156928,1
60,6718,VSM.ResetFeedback,0,1
61,6719,VSM.MarkReceiverPages,657920,1
61,6719,VSM.Allocate,569088,1
61,6719,VSM.ClearPhysicalPages,261376,1
61,6719,VSM.PageOccupancy,73216,1
61,6719,VSM.FinalizePages,2304,1
61,6719,VSM.DynamicRaster,83968,1
61,6719,VSM.LayoutRemap,0,1
61,6719,VSM.InvalidateStatic,0,0
61,6719,VSM.StaticCasterCull,197632,1
61,6719,VSM.DynamicCasterCull,0,1
61,6719,VSM.PageCull,178944,1
61,6719,VSM.StaticRaster,7168,1
61,6719,VSM.UnityCompatibilityRaster,0,0
61,6719,VSM.Resolve,14667008,1
61,6719,VSM.ResolveTrace,14442240,1
61,6719,VSM.FilterHorizontal,65792,1
61,6719,VSM.FilterVertical,0,0
61,6719,VSM.FilterTemporalVertical,157696,1
61,6719,VSM.ResetFeedback,0,1
62,6720,VSM.MarkReceiverPages,664832,1
62,6720,VSM.Allocate,578048,1
62,6720,VSM.ClearPhysicalPages,261888,1
62,6720,VSM.PageOccupancy,70656,1
62,6720,VSM.FinalizePages,1536,1
62,6720,VSM.DynamicRaster,81152,1
62,6720,VSM.LayoutRemap,0,1
62,6720,VSM.InvalidateStatic,0,0
62,6720,VSM.StaticCasterCull,356864,1
62,6720,VSM.DynamicCasterCull,0,1
62,6720,VSM.PageCull,140032,1
62,6720,VSM.StaticRaster,44032,1
62,6720,VSM.UnityCompatibilityRaster,0,0
62,6720,VSM.Resolve,14391296,1
62,6720,VSM.ResolveTrace,14167296,1
62,6720,VSM.FilterHorizontal,66816,1
62,6720,VSM.FilterVertical,0,0
62,6720,VSM.FilterTemporalVertical,156416,1
62,6720,VSM.ResetFeedback,0,1
63,6721,VSM.MarkReceiverPages,661248,1
63,6721,VSM.Allocate,574976,1
63,6721,VSM.ClearPhysicalPages,261632,1
63,6721,VSM.PageOccupancy,67584,1
63,6721,VSM.FinalizePages,2048,1
63,6721,VSM.DynamicRaster,91392,1
63,6721,VSM.LayoutRemap,0,1
63,6721,VSM.InvalidateStatic,0,0
63,6721,VSM.StaticCasterCull,201216,1
63,6721,VSM.DynamicCasterCull,0,1
63,6721,VSM.PageCull,182272,1
63,6721,VSM.StaticRaster,7424,1
63,6721,VSM.UnityCompatibilityRaster,0,0
63,6721,VSM.Resolve,14760960,1
63,6721,VSM.ResolveTrace,14536704,1
63,6721,VSM.FilterHorizontal,66048,1
63,6721,VSM.FilterVertical,0,0
63,6721,VSM.FilterTemporalVertical,157184,1
63,6721,VSM.ResetFeedback,0,1
64,6722,VSM.MarkReceiverPages,662016,1
64,6722,VSM.Allocate,565760,1
64,6722,VSM.ClearPhysicalPages,261888,1
64,6722,VSM.PageOccupancy,68352,1
64,6722,VSM.FinalizePages,1792,1
64,6722,VSM.DynamicRaster,92928,1
64,6722,VSM.LayoutRemap,0,1
64,6722,VSM.InvalidateStatic,0,0
64,6722,VSM.StaticCasterCull,392704,1
64,6722,VSM.DynamicCasterCull,0,1
64,6722,VSM.PageCull,173056,1
64,6722,VSM.StaticRaster,18432,1
64,6722,VSM.UnityCompatibilityRaster,0,0
64,6722,VSM.Resolve,13711616,1
64,6722,VSM.ResolveTrace,13488384,1
64,6722,VSM.FilterHorizontal,66304,1
64,6722,VSM.FilterVertical,0,0
64,6722,VSM.FilterTemporalVertical,156160,1
64,6722,VSM.ResetFeedback,0,1
65,6723,VSM.MarkReceiverPages,661760,1
65,6723,VSM.Allocate,570112,1
65,6723,VSM.ClearPhysicalPages,261888,1
65,6723,VSM.PageOccupancy,67840,1
65,6723,VSM.FinalizePages,1536,1
65,6723,VSM.DynamicRaster,90624,1
65,6723,VSM.LayoutRemap,0,1
65,6723,VSM.InvalidateStatic,0,0
65,6723,VSM.StaticCasterCull,195840,1
65,6723,VSM.DynamicCasterCull,0,1
65,6723,VSM.PageCull,177408,1
65,6723,VSM.StaticRaster,3328,1
65,6723,VSM.UnityCompatibilityRaster,0,0
65,6723,VSM.Resolve,14497024,1
65,6723,VSM.ResolveTrace,14271744,1
65,6723,VSM.FilterHorizontal,66048,1
65,6723,VSM.FilterVertical,0,0
65,6723,VSM.FilterTemporalVertical,157696,1
65,6723,VSM.ResetFeedback,0,1
66,6724,VSM.MarkReceiverPages,664064,1
66,6724,VSM.Allocate,572928,1
66,6724,VSM.ClearPhysicalPages,261376,1
66,6724,VSM.PageOccupancy,69376,1
66,6724,VSM.FinalizePages,1792,1
66,6724,VSM.DynamicRaster,87296,1
66,6724,VSM.LayoutRemap,0,1
66,6724,VSM.InvalidateStatic,0,0
66,6724,VSM.StaticCasterCull,206080,1
66,6724,VSM.DynamicCasterCull,0,1
66,6724,VSM.PageCull,187136,1
66,6724,VSM.StaticRaster,10496,1
66,6724,VSM.UnityCompatibilityRaster,0,0
66,6724,VSM.Resolve,14129408,1
66,6724,VSM.ResolveTrace,13905408,1
66,6724,VSM.FilterHorizontal,66304,1
66,6724,VSM.FilterVertical,0,0
66,6724,VSM.FilterTemporalVertical,156672,1
66,6724,VSM.ResetFeedback,0,1
67,6725,VSM.MarkReceiverPages,662784,1
67,6725,VSM.Allocate,576512,1
67,6725,VSM.ClearPhysicalPages,262400,1
67,6725,VSM.PageOccupancy,67840,1
67,6725,VSM.FinalizePages,2304,1
67,6725,VSM.DynamicRaster,91904,1
67,6725,VSM.LayoutRemap,0,1
67,6725,VSM.InvalidateStatic,0,0
67,6725,VSM.StaticCasterCull,201728,1
67,6725,VSM.DynamicCasterCull,0,1
67,6725,VSM.PageCull,183296,1
67,6725,VSM.StaticRaster,9216,1
67,6725,VSM.UnityCompatibilityRaster,0,0
67,6725,VSM.Resolve,14235648,1
67,6725,VSM.ResolveTrace,14008832,1
67,6725,VSM.FilterHorizontal,65792,1
67,6725,VSM.FilterVertical,0,0
67,6725,VSM.FilterTemporalVertical,160000,1
67,6725,VSM.ResetFeedback,0,1
68,6726,VSM.MarkReceiverPages,660992,1
68,6726,VSM.Allocate,569600,1
68,6726,VSM.ClearPhysicalPages,261376,1
68,6726,VSM.PageOccupancy,76800,1
68,6726,VSM.FinalizePages,2304,1
68,6726,VSM.DynamicRaster,99072,1
68,6726,VSM.LayoutRemap,0,1
68,6726,VSM.InvalidateStatic,0,0
68,6726,VSM.StaticCasterCull,208128,1
68,6726,VSM.DynamicCasterCull,0,1
68,6726,VSM.PageCull,189952,1
68,6726,VSM.StaticRaster,8448,1
68,6726,VSM.UnityCompatibilityRaster,0,0
68,6726,VSM.Resolve,14284032,1
68,6726,VSM.ResolveTrace,14058752,1
68,6726,VSM.FilterHorizontal,66816,1
68,6726,VSM.FilterVertical,0,0
68,6726,VSM.FilterTemporalVertical,156928,1
68,6726,VSM.ResetFeedback,0,1
69,6727,VSM.MarkReceiverPages,660992,1
69,6727,VSM.Allocate,568576,1
69,6727,VSM.ClearPhysicalPages,262144,1
69,6727,VSM.PageOccupancy,66816,1
69,6727,VSM.FinalizePages,1792,1
69,6727,VSM.DynamicRaster,89856,1
69,6727,VSM.LayoutRemap,0,1
69,6727,VSM.InvalidateStatic,0,0
69,6727,VSM.StaticCasterCull,204032,1
69,6727,VSM.DynamicCasterCull,0,1
69,6727,VSM.PageCull,185344,1
69,6727,VSM.StaticRaster,7168,1
69,6727,VSM.UnityCompatibilityRaster,0,0
69,6727,VSM.Resolve,13358592,1
69,6727,VSM.ResolveTrace,13138176,1
69,6727,VSM.FilterHorizontal,65280,1
69,6727,VSM.FilterVertical,0,0
69,6727,VSM.FilterTemporalVertical,155136,1
69,6727,VSM.ResetFeedback,0,1
70,6728,VSM.MarkReceiverPages,663040,1
70,6728,VSM.Allocate,566272,1
70,6728,VSM.ClearPhysicalPages,451072,1
70,6728,VSM.PageOccupancy,85760,1
70,6728,VSM.FinalizePages,1536,1
70,6728,VSM.DynamicRaster,86272,1
70,6728,VSM.LayoutRemap,0,1
70,6728,VSM.InvalidateStatic,0,0
70,6728,VSM.StaticCasterCull,198656,1
70,6728,VSM.DynamicCasterCull,0,1
70,6728,VSM.PageCull,178176,1
70,6728,VSM.StaticRaster,7168,1
70,6728,VSM.UnityCompatibilityRaster,0,0
70,6728,VSM.Resolve,13523968,1
70,6728,VSM.ResolveTrace,13300992,1
70,6728,VSM.FilterHorizontal,65024,1
70,6728,VSM.FilterVertical,0,0
70,6728,VSM.FilterTemporalVertical,156416,1
70,6728,VSM.ResetFeedback,0,1
71,6729,VSM.MarkReceiverPages,661504,1
71,6729,VSM.Allocate,566272,1
71,6729,VSM.ClearPhysicalPages,261376,1
71,6729,VSM.PageOccupancy,73984,1
71,6729,VSM.FinalizePages,2048,1
71,6729,VSM.DynamicRaster,96000,1
71,6729,VSM.LayoutRemap,0,1
71,6729,VSM.InvalidateStatic,0,0
71,6729,VSM.StaticCasterCull,207872,1
71,6729,VSM.DynamicCasterCull,0,1
71,6729,VSM.PageCull,189440,1
71,6729,VSM.StaticRaster,7424,1
71,6729,VSM.UnityCompatibilityRaster,0,0
71,6729,VSM.Resolve,15014400,1
71,6729,VSM.ResolveTrace,14789376,1
71,6729,VSM.FilterHorizontal,66816,1
71,6729,VSM.FilterVertical,0,0
71,6729,VSM.FilterTemporalVertical,156672,1
71,6729,VSM.ResetFeedback,0,1
72,6730,VSM.MarkReceiverPages,664064,1
72,6730,VSM.Allocate,568576,1
72,6730,VSM.ClearPhysicalPages,261376,1
72,6730,VSM.PageOccupancy,122624,1
72,6730,VSM.FinalizePages,1536,1
72,6730,VSM.DynamicRaster,81152,1
72,6730,VSM.LayoutRemap,0,1
72,6730,VSM.InvalidateStatic,0,0
72,6730,VSM.StaticCasterCull,194816,1
72,6730,VSM.DynamicCasterCull,0,1
72,6730,VSM.PageCull,176128,1
72,6730,VSM.StaticRaster,7168,1
72,6730,VSM.UnityCompatibilityRaster,0,0
72,6730,VSM.Resolve,13707520,1
72,6730,VSM.ResolveTrace,13483520,1
72,6730,VSM.FilterHorizontal,65792,1
72,6730,VSM.FilterVertical,0,0
72,6730,VSM.FilterTemporalVertical,157184,1
72,6730,VSM.ResetFeedback,0,1
73,6731,VSM.MarkReceiverPages,663040,1
73,6731,VSM.Allocate,567296,1
73,6731,VSM.ClearPhysicalPages,262400,1
73,6731,VSM.PageOccupancy,68864,1
73,6731,VSM.FinalizePages,1536,1
73,6731,VSM.DynamicRaster,93696,1
73,6731,VSM.LayoutRemap,0,1
73,6731,VSM.InvalidateStatic,0,0
73,6731,VSM.StaticCasterCull,208128,1
73,6731,VSM.DynamicCasterCull,0,1
73,6731,VSM.PageCull,189184,1
73,6731,VSM.StaticRaster,7168,1
73,6731,VSM.UnityCompatibilityRaster,0,0
73,6731,VSM.Resolve,14027008,1
73,6731,VSM.ResolveTrace,13800192,1
73,6731,VSM.FilterHorizontal,65792,1
73,6731,VSM.FilterVertical,0,0
73,6731,VSM.FilterTemporalVertical,160000,1
73,6731,VSM.ResetFeedback,0,1
74,6732,VSM.MarkReceiverPages,661504,1
74,6732,VSM.Allocate,569344,1
74,6732,VSM.ClearPhysicalPages,261888,1
74,6732,VSM.PageOccupancy,76288,1
74,6732,VSM.FinalizePages,2048,1
74,6732,VSM.DynamicRaster,84480,1
74,6732,VSM.LayoutRemap,0,1
74,6732,VSM.InvalidateStatic,0,0
74,6732,VSM.StaticCasterCull,199424,1
74,6732,VSM.DynamicCasterCull,0,1
74,6732,VSM.PageCull,180992,1
74,6732,VSM.StaticRaster,5632,1
74,6732,VSM.UnityCompatibilityRaster,0,0
74,6732,VSM.Resolve,13428992,1
74,6732,VSM.ResolveTrace,13204736,1
74,6732,VSM.FilterHorizontal,66048,1
74,6732,VSM.FilterVertical,0,0
74,6732,VSM.FilterTemporalVertical,157184,1
74,6732,VSM.ResetFeedback,0,1
75,6733,VSM.MarkReceiverPages,659968,1
75,6733,VSM.Allocate,567040,1
75,6733,VSM.ClearPhysicalPages,261632,1
75,6733,VSM.PageOccupancy,66560,1
75,6733,VSM.FinalizePages,1792,1
75,6733,VSM.DynamicRaster,82944,1
75,6733,VSM.LayoutRemap,0,1
75,6733,VSM.InvalidateStatic,0,0
75,6733,VSM.StaticCasterCull,194560,1
75,6733,VSM.DynamicCasterCull,0,1
75,6733,VSM.PageCull,175872,1
75,6733,VSM.StaticRaster,9984,1
75,6733,VSM.UnityCompatibilityRaster,0,0
75,6733,VSM.Resolve,13774848,1
75,6733,VSM.ResolveTrace,13554688,1
75,6733,VSM.FilterHorizontal,65280,1
75,6733,VSM.FilterVertical,0,0
75,6733,VSM.FilterTemporalVertical,154880,1
75,6733,VSM.ResetFeedback,0,1
76,6734,VSM.MarkReceiverPages,663296,1
76,6734,VSM.Allocate,564992,1
76,6734,VSM.ClearPhysicalPages,262144,1
76,6734,VSM.PageOccupancy,110848,1
76,6734,VSM.FinalizePages,2048,1
76,6734,VSM.DynamicRaster,87296,1
76,6734,VSM.LayoutRemap,0,1
76,6734,VSM.InvalidateStatic,0,0
76,6734,VSM.StaticCasterCull,197120,1
76,6734,VSM.DynamicCasterCull,0,1
76,6734,VSM.PageCull,178432,1
76,6734,VSM.StaticRaster,3072,1
76,6734,VSM.UnityCompatibilityRaster,0,0
76,6734,VSM.Resolve,14606336,1
76,6734,VSM.ResolveTrace,14382592,1
76,6734,VSM.FilterHorizontal,66048,1
76,6734,VSM.FilterVertical,0,0
76,6734,VSM.FilterTemporalVertical,156160,1
76,6734,VSM.ResetFeedback,0,1
77,6735,VSM.MarkReceiverPages,660480,1
77,6735,VSM.Allocate,575488,1
77,6735,VSM.ClearPhysicalPages,261632,1
77,6735,VSM.PageOccupancy,69376,1
77,6735,VSM.FinalizePages,1792,1
77,6735,VSM.DynamicRaster,88064,1
77,6735,VSM.LayoutRemap,0,1
77,6735,VSM.InvalidateStatic,0,0
77,6735,VSM.StaticCasterCull,205056,1
77,6735,VSM.DynamicCasterCull,0,1
77,6735,VSM.PageCull,186368,1
77,6735,VSM.StaticRaster,7424,1
77,6735,VSM.UnityCompatibilityRaster,0,0
77,6735,VSM.Resolve,14126080,1
77,6735,VSM.ResolveTrace,13904384,1
77,6735,VSM.FilterHorizontal,65280,1
77,6735,VSM.FilterVertical,0,0
77,6735,VSM.FilterTemporalVertical,155392,1
77,6735,VSM.ResetFeedback,0,1
78,6736,VSM.MarkReceiverPages,663296,1
78,6736,VSM.Allocate,566016,1
78,6736,VSM.ClearPhysicalPages,261120,1
78,6736,VSM.PageOccupancy,65024,1
78,6736,VSM.FinalizePages,1792,1
78,6736,VSM.DynamicRaster,89344,1
78,6736,VSM.LayoutRemap,0,1
78,6736,VSM.InvalidateStatic,0,0
78,6736,VSM.StaticCasterCull,203264,1
78,6736,VSM.DynamicCasterCull,0,1
78,6736,VSM.PageCull,184576,1
78,6736,VSM.StaticRaster,7168,1
78,6736,VSM.UnityCompatibilityRaster,0,0
78,6736,VSM.Resolve,14212096,1
78,6736,VSM.ResolveTrace,13988096,1
78,6736,VSM.FilterHorizontal,66560,1
78,6736,VSM.FilterVertical,0,0
78,6736,VSM.FilterTemporalVertical,156160,1
78,6736,VSM.ResetFeedback,0,1
79,6737,VSM.MarkReceiverPages,662272,1
79,6737,VSM.Allocate,567040,1
79,6737,VSM.ClearPhysicalPages,261632,1
79,6737,VSM.PageOccupancy,68608,1
79,6737,VSM.FinalizePages,1792,1
79,6737,VSM.DynamicRaster,88832,1
79,6737,VSM.LayoutRemap,0,1
79,6737,VSM.InvalidateStatic,0,0
79,6737,VSM.StaticCasterCull,203776,1
79,6737,VSM.DynamicCasterCull,0,1
79,6737,VSM.PageCull,185088,1
79,6737,VSM.StaticRaster,3328,1
79,6737,VSM.UnityCompatibilityRaster,0,0
79,6737,VSM.Resolve,14558720,1
79,6737,VSM.ResolveTrace,14335744,1
79,6737,VSM.FilterHorizontal,66304,1
79,6737,VSM.FilterVertical,0,0
79,6737,VSM.FilterTemporalVertical,155648,1
79,6737,VSM.ResetFeedback,0,1
80,6738,VSM.MarkReceiverPages,661504,1
80,6738,VSM.Allocate,566016,1
80,6738,VSM.ClearPhysicalPages,261376,1
80,6738,VSM.PageOccupancy,75520,1
80,6738,VSM.FinalizePages,2048,1
80,6738,VSM.DynamicRaster,87552,1
80,6738,VSM.LayoutRemap,0,1
80,6738,VSM.InvalidateStatic,0,0
80,6738,VSM.StaticCasterCull,198912,1
80,6738,VSM.DynamicCasterCull,0,1
80,6738,VSM.PageCull,179968,1
80,6738,VSM.StaticRaster,7680,1
80,6738,VSM.UnityCompatibilityRaster,0,0
80,6738,VSM.Resolve,14413312,1
80,6738,VSM.ResolveTrace,14189312,1
80,6738,VSM.FilterHorizontal,65280,1
80,6738,VSM.FilterVertical,0,0
80,6738,VSM.FilterTemporalVertical,157440,1
80,6738,VSM.ResetFeedback,0,1
81,6739,VSM.MarkReceiverPages,662016,1
81,6739,VSM.Allocate,563712,1
81,6739,VSM.ClearPhysicalPages,261632,1
81,6739,VSM.PageOccupancy,69120,1
81,6739,VSM.FinalizePages,1792,1
81,6739,VSM.DynamicRaster,85760,1
81,6739,VSM.LayoutRemap,0,1
81,6739,VSM.InvalidateStatic,0,0
81,6739,VSM.StaticCasterCull,196864,1
81,6739,VSM.DynamicCasterCull,0,1
81,6739,VSM.PageCull,177664,1
81,6739,VSM.StaticRaster,7424,1
81,6739,VSM.UnityCompatibilityRaster,0,0
81,6739,VSM.Resolve,13869568,1
81,6739,VSM.ResolveTrace,13645568,1
81,6739,VSM.FilterHorizontal,66048,1
81,6739,VSM.FilterVertical,0,0
81,6739,VSM.FilterTemporalVertical,156672,1
81,6739,VSM.ResetFeedback,0,1
82,6740,VSM.MarkReceiverPages,842240,1
82,6740,VSM.Allocate,578816,1
82,6740,VSM.ClearPhysicalPages,261376,1
82,6740,VSM.PageOccupancy,70144,1
82,6740,VSM.FinalizePages,1792,1
82,6740,VSM.DynamicRaster,80640,1
82,6740,VSM.LayoutRemap,0,1
82,6740,VSM.InvalidateStatic,0,0
82,6740,VSM.StaticCasterCull,209920,1
82,6740,VSM.DynamicCasterCull,0,1
82,6740,VSM.PageCull,191232,1
82,6740,VSM.StaticRaster,3328,1
82,6740,VSM.UnityCompatibilityRaster,0,0
82,6740,VSM.Resolve,14214400,1
82,6740,VSM.ResolveTrace,13989632,1
82,6740,VSM.FilterHorizontal,66560,1
82,6740,VSM.FilterVertical,0,0
82,6740,VSM.FilterTemporalVertical,157440,1
82,6740,VSM.ResetFeedback,0,1
83,6741,VSM.MarkReceiverPages,663296,1
83,6741,VSM.Allocate,577536,1
83,6741,VSM.ClearPhysicalPages,261632,1
83,6741,VSM.PageOccupancy,66304,1
83,6741,VSM.FinalizePages,2048,1
83,6741,VSM.DynamicRaster,88832,1
83,6741,VSM.LayoutRemap,0,1
83,6741,VSM.InvalidateStatic,0,0
83,6741,VSM.StaticCasterCull,207360,1
83,6741,VSM.DynamicCasterCull,0,1
83,6741,VSM.PageCull,189184,1
83,6741,VSM.StaticRaster,5632,1
83,6741,VSM.UnityCompatibilityRaster,0,0
83,6741,VSM.Resolve,13990656,1
83,6741,VSM.ResolveTrace,13767424,1
83,6741,VSM.FilterHorizontal,66816,1
83,6741,VSM.FilterVertical,0,0
83,6741,VSM.FilterTemporalVertical,155136,1
83,6741,VSM.ResetFeedback,0,1
84,6742,VSM.MarkReceiverPages,661760,1
84,6742,VSM.Allocate,575232,1
84,6742,VSM.ClearPhysicalPages,261632,1
84,6742,VSM.PageOccupancy,71168,1
84,6742,VSM.FinalizePages,1792,1
84,6742,VSM.DynamicRaster,81152,1
84,6742,VSM.LayoutRemap,0,1
84,6742,VSM.InvalidateStatic,0,0
84,6742,VSM.StaticCasterCull,281600,1
84,6742,VSM.DynamicCasterCull,0,1
84,6742,VSM.PageCull,263168,1
84,6742,VSM.StaticRaster,105472,1
84,6742,VSM.UnityCompatibilityRaster,0,0
84,6742,VSM.Resolve,14395136,1
84,6742,VSM.ResolveTrace,14170368,1
84,6742,VSM.FilterHorizontal,66816,1
84,6742,VSM.FilterVertical,0,0
84,6742,VSM.FilterTemporalVertical,157184,1
84,6742,VSM.ResetFeedback,0,1
85,6743,VSM.MarkReceiverPages,659456,1
85,6743,VSM.Allocate,569088,1
85,6743,VSM.ClearPhysicalPages,261888,1
85,6743,VSM.PageOccupancy,74752,1
85,6743,VSM.FinalizePages,1536,1
85,6743,VSM.DynamicRaster,93952,1
85,6743,VSM.LayoutRemap,0,1
85,6743,VSM.InvalidateStatic,0,0
85,6743,VSM.StaticCasterCull,207360,1
85,6743,VSM.DynamicCasterCull,0,1
85,6743,VSM.PageCull,188928,1
85,6743,VSM.StaticRaster,7424,1
85,6743,VSM.UnityCompatibilityRaster,0,0
85,6743,VSM.Resolve,13879296,1
85,6743,VSM.ResolveTrace,13655808,1
85,6743,VSM.FilterHorizontal,65792,1
85,6743,VSM.FilterVertical,0,0
85,6743,VSM.FilterTemporalVertical,156416,1
85,6743,VSM.ResetFeedback,0,1
86,6744,VSM.MarkReceiverPages,663296,1
86,6744,VSM.Allocate,570112,1
86,6744,VSM.ClearPhysicalPages,262144,1
86,6744,VSM.PageOccupancy,73728,1
86,6744,VSM.FinalizePages,2048,1
86,6744,VSM.DynamicRaster,90624,1
86,6744,VSM.LayoutRemap,0,1
86,6744,VSM.InvalidateStatic,0,0
86,6744,VSM.StaticCasterCull,200704,1
86,6744,VSM.DynamicCasterCull,0,1
86,6744,VSM.PageCull,181760,1
86,6744,VSM.StaticRaster,4608,1
86,6744,VSM.UnityCompatibilityRaster,0,0
86,6744,VSM.Resolve,13752576,1
86,6744,VSM.ResolveTrace,13530880,1
86,6744,VSM.FilterHorizontal,65792,1
86,6744,VSM.FilterVertical,0,0
86,6744,VSM.FilterTemporalVertical,154880,1
86,6744,VSM.ResetFeedback,0,1
87,6745,VSM.MarkReceiverPages,662272,1
87,6745,VSM.Allocate,578048,1
87,6745,VSM.ClearPhysicalPages,261888,1
87,6745,VSM.PageOccupancy,68608,1
87,6745,VSM.FinalizePages,1792,1
87,6745,VSM.DynamicRaster,83200,1
87,6745,VSM.LayoutRemap,0,1
87,6745,VSM.InvalidateStatic,0,0
87,6745,VSM.StaticCasterCull,208128,1
87,6745,VSM.DynamicCasterCull,0,1
87,6745,VSM.PageCull,189696,1
87,6745,VSM.StaticRaster,3328,1
87,6745,VSM.UnityCompatibilityRaster,0,0
87,6745,VSM.Resolve,14336512,1
87,6745,VSM.ResolveTrace,14113024,1
87,6745,VSM.FilterHorizontal,66048,1
87,6745,VSM.FilterVertical,0,0
87,6745,VSM.FilterTemporalVertical,156672,1
87,6745,VSM.ResetFeedback,0,1
88,6746,VSM.MarkReceiverPages,663808,1
88,6746,VSM.Allocate,565248,1
88,6746,VSM.ClearPhysicalPages,261888,1
88,6746,VSM.PageOccupancy,73728,1
88,6746,VSM.FinalizePages,2304,1
88,6746,VSM.DynamicRaster,81408,1
88,6746,VSM.LayoutRemap,0,1
88,6746,VSM.InvalidateStatic,0,0
88,6746,VSM.StaticCasterCull,202240,1
88,6746,VSM.DynamicCasterCull,0,1
88,6746,VSM.PageCull,184064,1
88,6746,VSM.StaticRaster,3328,1
88,6746,VSM.UnityCompatibilityRaster,0,0
88,6746,VSM.Resolve,14019840,1
88,6746,VSM.ResolveTrace,13795584,1
88,6746,VSM.FilterHorizontal,66304,1
88,6746,VSM.FilterVertical,0,0
88,6746,VSM.FilterTemporalVertical,156672,1
88,6746,VSM.ResetFeedback,0,1
89,6747,VSM.MarkReceiverPages,663296,1
89,6747,VSM.Allocate,576768,1
89,6747,VSM.ClearPhysicalPages,261888,1
89,6747,VSM.PageOccupancy,77568,1
89,6747,VSM.FinalizePages,2304,1
89,6747,VSM.DynamicRaster,91136,1
89,6747,VSM.LayoutRemap,0,1
89,6747,VSM.InvalidateStatic,0,0
89,6747,VSM.StaticCasterCull,204800,1
89,6747,VSM.DynamicCasterCull,0,1
89,6747,VSM.PageCull,186112,1
89,6747,VSM.StaticRaster,6912,1
89,6747,VSM.UnityCompatibilityRaster,0,0
89,6747,VSM.Resolve,13644544,1
89,6747,VSM.ResolveTrace,13420032,1
89,6747,VSM.FilterHorizontal,66304,1
89,6747,VSM.FilterVertical,0,0
89,6747,VSM.FilterTemporalVertical,157440,1
89,6747,VSM.ResetFeedback,0,1
90,6748,VSM.MarkReceiverPages,663552,1
90,6748,VSM.Allocate,577792,1
90,6748,VSM.ClearPhysicalPages,261632,1
90,6748,VSM.PageOccupancy,63488,1
90,6748,VSM.FinalizePages,1792,1
90,6748,VSM.DynamicRaster,93696,1
90,6748,VSM.LayoutRemap,0,1
90,6748,VSM.InvalidateStatic,0,0
90,6748,VSM.StaticCasterCull,197376,1
90,6748,VSM.DynamicCasterCull,0,1
90,6748,VSM.PageCull,177920,1
90,6748,VSM.StaticRaster,11264,1
90,6748,VSM.UnityCompatibilityRaster,0,0
90,6748,VSM.Resolve,13696512,1
90,6748,VSM.ResolveTrace,13475584,1
90,6748,VSM.FilterHorizontal,65280,1
90,6748,VSM.FilterVertical,0,0
90,6748,VSM.FilterTemporalVertical,154624,1
90,6748,VSM.ResetFeedback,0,1
91,6749,VSM.MarkReceiverPages,662016,1
91,6749,VSM.Allocate,576768,1
91,6749,VSM.ClearPhysicalPages,261888,1
91,6749,VSM.PageOccupancy,74240,1
91,6749,VSM.FinalizePages,1536,1
91,6749,VSM.DynamicRaster,88832,1
91,6749,VSM.LayoutRemap,0,1
91,6749,VSM.InvalidateStatic,0,0
91,6749,VSM.StaticCasterCull,196096,1
91,6749,VSM.DynamicCasterCull,0,1
91,6749,VSM.PageCull,177152,1
91,6749,VSM.StaticRaster,7168,1
91,6749,VSM.UnityCompatibilityRaster,0,0
91,6749,VSM.Resolve,14295296,1
91,6749,VSM.ResolveTrace,14067200,1
91,6749,VSM.FilterHorizontal,67072,1
91,6749,VSM.FilterVertical,0,0
91,6749,VSM.FilterTemporalVertical,160256,1
91,6749,VSM.ResetFeedback,0,1
92,6750,VSM.MarkReceiverPages,662272,1
92,6750,VSM.Allocate,567296,1
92,6750,VSM.ClearPhysicalPages,261632,1
92,6750,VSM.PageOccupancy,73984,1
92,6750,VSM.FinalizePages,1792,1
92,6750,VSM.DynamicRaster,84224,1
92,6750,VSM.LayoutRemap,0,1
92,6750,VSM.InvalidateStatic,0,0
92,6750,VSM.StaticCasterCull,397056,1
92,6750,VSM.DynamicCasterCull,0,1
92,6750,VSM.PageCull,378368,1
92,6750,VSM.StaticRaster,5632,1
92,6750,VSM.UnityCompatibilityRaster,0,0
92,6750,VSM.Resolve,14469376,1
92,6750,VSM.ResolveTrace,14244608,1
92,6750,VSM.FilterHorizontal,66816,1
92,6750,VSM.FilterVertical,0,0
92,6750,VSM.FilterTemporalVertical,157184,1
92,6750,VSM.ResetFeedback,0,1
93,6751,VSM.MarkReceiverPages,660480,1
93,6751,VSM.Allocate,566784,1
93,6751,VSM.ClearPhysicalPages,462080,1
93,6751,VSM.PageOccupancy,66560,1
93,6751,VSM.FinalizePages,2048,1
93,6751,VSM.DynamicRaster,83712,1
93,6751,VSM.LayoutRemap,0,1
93,6751,VSM.InvalidateStatic,0,0
93,6751,VSM.StaticCasterCull,208640,1
93,6751,VSM.DynamicCasterCull,0,1
93,6751,VSM.PageCull,184832,1
93,6751,VSM.StaticRaster,3328,1
93,6751,VSM.UnityCompatibilityRaster,0,0
93,6751,VSM.Resolve,13964032,1
93,6751,VSM.ResolveTrace,13740800,1
93,6751,VSM.FilterHorizontal,65792,1
93,6751,VSM.FilterVertical,0,0
93,6751,VSM.FilterTemporalVertical,156160,1
93,6751,VSM.ResetFeedback,0,1
94,6752,VSM.MarkReceiverPages,661504,1
94,6752,VSM.Allocate,575744,1
94,6752,VSM.ClearPhysicalPages,261888,1
94,6752,VSM.PageOccupancy,67584,1
94,6752,VSM.FinalizePages,1536,1
94,6752,VSM.DynamicRaster,83200,1
94,6752,VSM.LayoutRemap,0,1
94,6752,VSM.InvalidateStatic,0,0
94,6752,VSM.StaticCasterCull,197376,1
94,6752,VSM.DynamicCasterCull,0,1
94,6752,VSM.PageCull,178688,1
94,6752,VSM.StaticRaster,7168,1
94,6752,VSM.UnityCompatibilityRaster,0,0
94,6752,VSM.Resolve,14512128,1
94,6752,VSM.ResolveTrace,14286592,1
94,6752,VSM.FilterHorizontal,66048,1
94,6752,VSM.FilterVertical,0,0
94,6752,VSM.FilterTemporalVertical,158208,1
94,6752,VSM.ResetFeedback,0,1
95,6753,VSM.MarkReceiverPages,660224,1
95,6753,VSM.Allocate,576512,1
95,6753,VSM.ClearPhysicalPages,261632,1
95,6753,VSM.PageOccupancy,77824,1
95,6753,VSM.FinalizePages,2048,1
95,6753,VSM.DynamicRaster,85504,1
95,6753,VSM.LayoutRemap,0,1
95,6753,VSM.InvalidateStatic,0,0
95,6753,VSM.StaticCasterCull,201728,1
95,6753,VSM.DynamicCasterCull,0,1
95,6753,VSM.PageCull,183040,1
95,6753,VSM.StaticRaster,6912,1
95,6753,VSM.UnityCompatibilityRaster,0,0
95,6753,VSM.Resolve,13643520,1
95,6753,VSM.ResolveTrace,13421056,1
95,6753,VSM.FilterHorizontal,65792,1
95,6753,VSM.FilterVertical,0,0
95,6753,VSM.FilterTemporalVertical,155648,1
95,6753,VSM.ResetFeedback,0,1
96,6754,VSM.MarkReceiverPages,661504,1
96,6754,VSM.Allocate,565504,1
96,6754,VSM.ClearPhysicalPages,261376,1
96,6754,VSM.PageOccupancy,74496,1
96,6754,VSM.FinalizePages,2048,1
96,6754,VSM.DynamicRaster,85760,1
96,6754,VSM.LayoutRemap,0,1
96,6754,VSM.InvalidateStatic,0,0
96,6754,VSM.StaticCasterCull,196864,1
96,6754,VSM.DynamicCasterCull,0,1
96,6754,VSM.PageCull,178176,1
96,6754,VSM.StaticRaster,3328,1
96,6754,VSM.UnityCompatibilityRaster,0,0
96,6754,VSM.Resolve,13979648,1
96,6754,VSM.ResolveTrace,13756928,1
96,6754,VSM.FilterHorizontal,65536,1
96,6754,VSM.FilterVertical,0,0
96,6754,VSM.FilterTemporalVertical,155904,1
96,6754,VSM.ResetFeedback,0,1
97,6755,VSM.MarkReceiverPages,661504,1
97,6755,VSM.Allocate,574976,1
97,6755,VSM.ClearPhysicalPages,261376,1
97,6755,VSM.PageOccupancy,76544,1
97,6755,VSM.FinalizePages,1792,1
97,6755,VSM.DynamicRaster,89344,1
97,6755,VSM.LayoutRemap,0,1
97,6755,VSM.InvalidateStatic,0,0
97,6755,VSM.StaticCasterCull,205568,1
97,6755,VSM.DynamicCasterCull,0,1
97,6755,VSM.PageCull,187392,1
97,6755,VSM.StaticRaster,10496,1
97,6755,VSM.UnityCompatibilityRaster,0,0
97,6755,VSM.Resolve,13704192,1
97,6755,VSM.ResolveTrace,13482752,1
97,6755,VSM.FilterHorizontal,65024,1
97,6755,VSM.FilterVertical,0,0
97,6755,VSM.FilterTemporalVertical,154880,1
97,6755,VSM.ResetFeedback,0,1
98,6756,VSM.MarkReceiverPages,661760,1
98,6756,VSM.Allocate,576512,1
98,6756,VSM.ClearPhysicalPages,261120,1
98,6756,VSM.PageOccupancy,72192,1
98,6756,VSM.FinalizePages,2304,1
98,6756,VSM.DynamicRaster,286976,1
98,6756,VSM.LayoutRemap,0,1
98,6756,VSM.InvalidateStatic,0,0
98,6756,VSM.StaticCasterCull,211968,1
98,6756,VSM.DynamicCasterCull,0,1
98,6756,VSM.PageCull,192768,1
98,6756,VSM.StaticRaster,3328,1
98,6756,VSM.UnityCompatibilityRaster,0,0
98,6756,VSM.Resolve,14200320,1
98,6756,VSM.ResolveTrace,13835264,1
98,6756,VSM.FilterHorizontal,66048,1
98,6756,VSM.FilterVertical,0,0
98,6756,VSM.FilterTemporalVertical,154624,1
98,6756,VSM.ResetFeedback,0,1
99,6757,VSM.MarkReceiverPages,660480,1
99,6757,VSM.Allocate,570624,1
99,6757,VSM.ClearPhysicalPages,261632,1
99,6757,VSM.PageOccupancy,70656,1
99,6757,VSM.FinalizePages,1792,1
99,6757,VSM.DynamicRaster,92160,1
99,6757,VSM.LayoutRemap,0,1
99,6757,VSM.InvalidateStatic,0,0
99,6757,VSM.StaticCasterCull,206592,1
99,6757,VSM.DynamicCasterCull,0,1
99,6757,VSM.PageCull,187904,1
99,6757,VSM.StaticRaster,6912,1
99,6757,VSM.UnityCompatibilityRaster,0,0
99,6757,VSM.Resolve,14333440,1
99,6757,VSM.ResolveTrace,14110464,1
99,6757,VSM.FilterHorizontal,65792,1
99,6757,VSM.FilterVertical,0,0
99,6757,VSM.FilterTemporalVertical,156160,1
99,6757,VSM.ResetFeedback,0,1
100,6758,VSM.MarkReceiverPages,660736,1
100,6758,VSM.Allocate,567808,1
100,6758,VSM.ClearPhysicalPages,262144,1
100,6758,VSM.PageOccupancy,73984,1
100,6758,VSM.FinalizePages,2048,1
100,6758,VSM.DynamicRaster,85760,1
100,6758,VSM.LayoutRemap,0,1
100,6758,VSM.InvalidateStatic,0,0
100,6758,VSM.StaticCasterCull,210688,1
100,6758,VSM.DynamicCasterCull,0,1
100,6758,VSM.PageCull,192256,1
100,6758,VSM.StaticRaster,6912,1
100,6758,VSM.UnityCompatibilityRaster,0,0
100,6758,VSM.Resolve,14058240,1
100,6758,VSM.ResolveTrace,13649152,1
100,6758,VSM.FilterHorizontal,65536,1
100,6758,VSM.FilterVertical,0,0
100,6758,VSM.FilterTemporalVertical,155904,1
100,6758,VSM.ResetFeedback,0,1
101,6759,VSM.MarkReceiverPages,662784,1
101,6759,VSM.Allocate,566528,1
101,6759,VSM.ClearPhysicalPages,261632,1
101,6759,VSM.PageOccupancy,66304,1
101,6759,VSM.FinalizePages,2048,1
101,6759,VSM.DynamicRaster,80896,1
101,6759,VSM.LayoutRemap,256,1
101,6759,VSM.InvalidateStatic,0,0
101,6759,VSM.StaticCasterCull,362240,1
101,6759,VSM.DynamicCasterCull,0,1
101,6759,VSM.PageCull,146432,1
101,6759,VSM.StaticRaster,49408,1
101,6759,VSM.UnityCompatibilityRaster,0,0
101,6759,VSM.Resolve,14600448,1
101,6759,VSM.ResolveTrace,14376704,1
101,6759,VSM.FilterHorizontal,65792,1
101,6759,VSM.FilterVertical,0,0
101,6759,VSM.FilterTemporalVertical,156928,1
101,6759,VSM.ResetFeedback,0,1
102,6760,VSM.MarkReceiverPages,661248,1
102,6760,VSM.Allocate,577536,1
102,6760,VSM.ClearPhysicalPages,261632,1
102,6760,VSM.PageOccupancy,66816,1
102,6760,VSM.FinalizePages,1792,1
102,6760,VSM.DynamicRaster,90368,1
102,6760,VSM.LayoutRemap,0,1
102,6760,VSM.InvalidateStatic,0,0
102,6760,VSM.StaticCasterCull,198656,1
102,6760,VSM.DynamicCasterCull,0,1
102,6760,VSM.PageCull,180224,1
102,6760,VSM.StaticRaster,7424,1
102,6760,VSM.UnityCompatibilityRaster,0,0
102,6760,VSM.Resolve,14103040,1
102,6760,VSM.ResolveTrace,13878528,1
102,6760,VSM.FilterHorizontal,65792,1
102,6760,VSM.FilterVertical,0,0
102,6760,VSM.FilterTemporalVertical,157696,1
102,6760,VSM.ResetFeedback,0,1
103,6761,VSM.MarkReceiverPages,663808,1
103,6761,VSM.Allocate,576256,1
103,6761,VSM.ClearPhysicalPages,261632,1
103,6761,VSM.PageOccupancy,69120,1
103,6761,VSM.FinalizePages,1536,1
103,6761,VSM.DynamicRaster,92928,1
103,6761,VSM.LayoutRemap,0,1
103,6761,VSM.InvalidateStatic,0,0
103,6761,VSM.StaticCasterCull,208128,1
103,6761,VSM.DynamicCasterCull,0,1
103,6761,VSM.PageCull,189696,1
103,6761,VSM.StaticRaster,8448,1
103,6761,VSM.UnityCompatibilityRaster,0,0
103,6761,VSM.Resolve,13810176,1
103,6761,VSM.ResolveTrace,13586944,1
103,6761,VSM.FilterHorizontal,65280,1
103,6761,VSM.FilterVertical,0,0
103,6761,VSM.FilterTemporalVertical,156928,1
103,6761,VSM.ResetFeedback,0,1
104,6762,VSM.MarkReceiverPages,663296,1
104,6762,VSM.Allocate,578048,1
104,6762,VSM.ClearPhysicalPages,261632,1
104,6762,VSM.PageOccupancy,69632,1
104,6762,VSM.FinalizePages,1536,1
104,6762,VSM.DynamicRaster,93952,1
104,6762,VSM.LayoutRemap,0,1
104,6762,VSM.InvalidateStatic,0,0
104,6762,VSM.StaticCasterCull,196352,1
104,6762,VSM.DynamicCasterCull,0,1
104,6762,VSM.PageCull,178176,1
104,6762,VSM.StaticRaster,3072,1
104,6762,VSM.UnityCompatibilityRaster,0,0
104,6762,VSM.Resolve,13985280,1
104,6762,VSM.ResolveTrace,13761792,1
104,6762,VSM.FilterHorizontal,65536,1
104,6762,VSM.FilterVertical,0,0
104,6762,VSM.FilterTemporalVertical,156928,1
104,6762,VSM.ResetFeedback,0,1
105,6763,VSM.MarkReceiverPages,661248,1
105,6763,VSM.Allocate,578560,1
105,6763,VSM.ClearPhysicalPages,261376,1
105,6763,VSM.PageOccupancy,75520,1
105,6763,VSM.FinalizePages,2048,1
105,6763,VSM.DynamicRaster,85504,1
105,6763,VSM.LayoutRemap,0,1
105,6763,VSM.InvalidateStatic,0,0
105,6763,VSM.StaticCasterCull,203264,1
105,6763,VSM.DynamicCasterCull,0,1
105,6763,VSM.PageCull,184832,1
105,6763,VSM.StaticRaster,7168,1
105,6763,VSM.UnityCompatibilityRaster,0,0
105,6763,VSM.Resolve,14604800,1
105,6763,VSM.ResolveTrace,14381056,1
105,6763,VSM.FilterHorizontal,65792,1
105,6763,VSM.FilterVertical,0,0
105,6763,VSM.FilterTemporalVertical,156672,1
105,6763,VSM.ResetFeedback,0,1
106,6764,VSM.MarkReceiverPages,659968,1
106,6764,VSM.Allocate,568832,1
106,6764,VSM.ClearPhysicalPages,261888,1
106,6764,VSM.PageOccupancy,68352,1
106,6764,VSM.FinalizePages,1792,1
106,6764,VSM.DynamicRaster,82176,1
106,6764,VSM.LayoutRemap,0,1
106,6764,VSM.InvalidateStatic,0,0
106,6764,VSM.StaticCasterCull,199680,1
106,6764,VSM.DynamicCasterCull,0,1
106,6764,VSM.PageCull,181248,1
106,6764,VSM.StaticRaster,7168,1
106,6764,VSM.UnityCompatibilityRaster,0,0
106,6764,VSM.Resolve,13461504,1
106,6764,VSM.ResolveTrace,13237504,1
106,6764,VSM.FilterHorizontal,66048,1
106,6764,VSM.FilterVertical,0,0
106,6764,VSM.FilterTemporalVertical,156928,1
106,6764,VSM.ResetFeedback,0,1
107,6765,VSM.MarkReceiverPages,659968,1
107,6765,VSM.Allocate,568064,1
107,6765,VSM.ClearPhysicalPages,261632,1
107,6765,VSM.PageOccupancy,76288,1
107,6765,VSM.FinalizePages,1792,1
107,6765,VSM.DynamicRaster,82688,1
107,6765,VSM.LayoutRemap,0,1
107,6765,VSM.InvalidateStatic,0,0
107,6765,VSM.StaticCasterCull,206336,1
107,6765,VSM.DynamicCasterCull,0,1
107,6765,VSM.PageCull,187392,1
107,6765,VSM.StaticRaster,10496,1
107,6765,VSM.UnityCompatibilityRaster,0,0
107,6765,VSM.Resolve,14135552,1
107,6765,VSM.ResolveTrace,13914368,1
107,6765,VSM.FilterHorizontal,65536,1
107,6765,VSM.FilterVertical,0,0
107,6765,VSM.FilterTemporalVertical,154880,1
107,6765,VSM.ResetFeedback,0,1
108,6766,VSM.MarkReceiverPages,662528,1
108,6766,VSM.Allocate,568320,1
108,6766,VSM.ClearPhysicalPages,262144,1
108,6766,VSM.PageOccupancy,77312,1
108,6766,VSM.FinalizePages,1792,1
108,6766,VSM.DynamicRaster,94208,1
108,6766,VSM.LayoutRemap,0,1
108,6766,VSM.InvalidateStatic,0,0
108,6766,VSM.StaticCasterCull,198656,1
108,6766,VSM.DynamicCasterCull,0,1
108,6766,VSM.PageCull,179456,1
108,6766,VSM.StaticRaster,7168,1
108,6766,VSM.UnityCompatibilityRaster,0,0
108,6766,VSM.Resolve,13897472,1
108,6766,VSM.ResolveTrace,13671424,1
108,6766,VSM.FilterHorizontal,66560,1
108,6766,VSM.FilterVertical,0,0
108,6766,VSM.FilterTemporalVertical,158208,1
108,6766,VSM.ResetFeedback,0,1
109,6767,VSM.MarkReceiverPages,659456,1
109,6767,VSM.Allocate,567808,1
109,6767,VSM.ClearPhysicalPages,261888,1
109,6767,VSM.PageOccupancy,110080,1
109,6767,VSM.FinalizePages,1536,1
109,6767,VSM.DynamicRaster,96512,1
109,6767,VSM.LayoutRemap,0,1
109,6767,VSM.InvalidateStatic,0,0
109,6767,VSM.StaticCasterCull,194304,1
109,6767,VSM.DynamicCasterCull,0,1
109,6767,VSM.PageCull,175616,1
109,6767,VSM.StaticRaster,3328,1
109,6767,VSM.UnityCompatibilityRaster,0,0
109,6767,VSM.Resolve,14694144,1
109,6767,VSM.ResolveTrace,14471168,1
109,6767,VSM.FilterHorizontal,65536,1
109,6767,VSM.FilterVertical,0,0
109,6767,VSM.FilterTemporalVertical,156416,1
109,6767,VSM.ResetFeedback,0,1
110,6768,VSM.MarkReceiverPages,662272,1
110,6768,VSM.Allocate,579328,1
110,6768,VSM.ClearPhysicalPages,261120,1
110,6768,VSM.PageOccupancy,71936,1
110,6768,VSM.FinalizePages,1536,1
110,6768,VSM.DynamicRaster,92672,1
110,6768,VSM.LayoutRemap,0,1
110,6768,VSM.InvalidateStatic,0,0
110,6768,VSM.StaticCasterCull,208896,1
110,6768,VSM.DynamicCasterCull,0,1
110,6768,VSM.PageCull,189952,1
110,6768,VSM.StaticRaster,7168,1
110,6768,VSM.UnityCompatibilityRaster,0,0
110,6768,VSM.Resolve,14029568,1
110,6768,VSM.ResolveTrace,13623552,1
110,6768,VSM.FilterHorizontal,65536,1
110,6768,VSM.FilterVertical,0,0
110,6768,VSM.FilterTemporalVertical,157696,1
110,6768,VSM.ResetFeedback,0,1
111,6769,VSM.MarkReceiverPages,661504,1
111,6769,VSM.Allocate,569344,1
111,6769,VSM.ClearPhysicalPages,261376,1
111,6769,VSM.PageOccupancy,64256,1
111,6769,VSM.FinalizePages,1792,1
111,6769,VSM.DynamicRaster,87552,1
111,6769,VSM.LayoutRemap,0,1
111,6769,VSM.InvalidateStatic,0,0
111,6769,VSM.StaticCasterCull,202496,1
111,6769,VSM.DynamicCasterCull,0,1
111,6769,VSM.PageCull,184320,1
111,6769,VSM.StaticRaster,3328,1
111,6769,VSM.UnityCompatibilityRaster,0,0
111,6769,VSM.Resolve,14568960,1
111,6769,VSM.ResolveTrace,14345728,1
111,6769,VSM.FilterHorizontal,65792,1
111,6769,VSM.FilterVertical,0,0
111,6769,VSM.FilterTemporalVertical,156416,1
111,6769,VSM.ResetFeedback,0,1
112,6770,VSM.MarkReceiverPages,663040,1
112,6770,VSM.Allocate,570112,1
112,6770,VSM.ClearPhysicalPages,261632,1
112,6770,VSM.PageOccupancy,67072,1
112,6770,VSM.FinalizePages,2304,1
112,6770,VSM.DynamicRaster,81152,1
112,6770,VSM.LayoutRemap,0,1
112,6770,VSM.InvalidateStatic,0,0
112,6770,VSM.StaticCasterCull,204032,1
112,6770,VSM.DynamicCasterCull,0,1
112,6770,VSM.PageCull,185600,1
112,6770,VSM.StaticRaster,7168,1
112,6770,VSM.UnityCompatibilityRaster,0,0
112,6770,VSM.Resolve,13830656,1
112,6770,VSM.ResolveTrace,13608448,1
112,6770,VSM.FilterHorizontal,66048,1
112,6770,VSM.FilterVertical,0,0
112,6770,VSM.FilterTemporalVertical,154880,1
112,6770,VSM.ResetFeedback,256,1
113,6771,VSM.MarkReceiverPages,664832,1
113,6771,VSM.Allocate,567808,1
113,6771,VSM.ClearPhysicalPages,261888,1
113,6771,VSM.PageOccupancy,78080,1
113,6771,VSM.FinalizePages,2304,1
113,6771,VSM.DynamicRaster,91136,1
113,6771,VSM.LayoutRemap,0,1
113,6771,VSM.InvalidateStatic,0,0
113,6771,VSM.StaticCasterCull,200704,1
113,6771,VSM.DynamicCasterCull,0,1
113,6771,VSM.PageCull,182016,1
113,6771,VSM.StaticRaster,3328,1
113,6771,VSM.UnityCompatibilityRaster,0,0
113,6771,VSM.Resolve,13992704,1
113,6771,VSM.ResolveTrace,13769216,1
113,6771,VSM.FilterHorizontal,65536,1
113,6771,VSM.FilterVertical,0,0
113,6771,VSM.FilterTemporalVertical,157184,1
113,6771,VSM.ResetFeedback,0,1
114,6772,VSM.MarkReceiverPages,663808,1
114,6772,VSM.Allocate,568832,1
114,6772,VSM.ClearPhysicalPages,262144,1
114,6772,VSM.PageOccupancy,118528,1
114,6772,VSM.FinalizePages,1536,1
114,6772,VSM.DynamicRaster,85248,1
114,6772,VSM.LayoutRemap,0,1
114,6772,VSM.InvalidateStatic,0,0
114,6772,VSM.StaticCasterCull,203520,1
114,6772,VSM.DynamicCasterCull,0,1
114,6772,VSM.PageCull,184832,1
114,6772,VSM.StaticRaster,7168,1
114,6772,VSM.UnityCompatibilityRaster,0,0
114,6772,VSM.Resolve,14203392,1
114,6772,VSM.ResolveTrace,13978880,1
114,6772,VSM.FilterHorizontal,66560,1
114,6772,VSM.FilterVertical,0,0
114,6772,VSM.FilterTemporalVertical,156416,1
114,6772,VSM.ResetFeedback,0,1
115,6773,VSM.MarkReceiverPages,661248,1
115,6773,VSM.Allocate,578304,1
115,6773,VSM.ClearPhysicalPages,261376,1
115,6773,VSM.PageOccupancy,261376,1
115,6773,VSM.FinalizePages,1536,1
115,6773,VSM.DynamicRaster,91136,1
115,6773,VSM.LayoutRemap,0,1
115,6773,VSM.InvalidateStatic,0,0
115,6773,VSM.StaticCasterCull,209152,1
115,6773,VSM.DynamicCasterCull,0,1
115,6773,VSM.PageCull,190720,1
115,6773,VSM.StaticRaster,6400,1
115,6773,VSM.UnityCompatibilityRaster,0,0
115,6773,VSM.Resolve,14283264,1
115,6773,VSM.ResolveTrace,14060032,1
115,6773,VSM.FilterHorizontal,66560,1
115,6773,VSM.FilterVertical,0,0
115,6773,VSM.FilterTemporalVertical,155648,1
115,6773,VSM.ResetFeedback,0,1
116,6774,VSM.MarkReceiverPages,659456,1
116,6774,VSM.Allocate,569344,1
116,6774,VSM.ClearPhysicalPages,261632,1
116,6774,VSM.PageOccupancy,73728,1
116,6774,VSM.FinalizePages,1792,1
116,6774,VSM.DynamicRaster,78592,1
116,6774,VSM.LayoutRemap,0,1
116,6774,VSM.InvalidateStatic,0,0
116,6774,VSM.StaticCasterCull,198400,1
116,6774,VSM.DynamicCasterCull,0,1
116,6774,VSM.PageCull,179968,1
116,6774,VSM.StaticRaster,7168,1
116,6774,VSM.UnityCompatibilityRaster,0,0
116,6774,VSM.Resolve,14589440,1
116,6774,VSM.ResolveTrace,14363648,1
116,6774,VSM.FilterHorizontal,66304,1
116,6774,VSM.FilterVertical,0,0
116,6774,VSM.FilterTemporalVertical,158720,1
116,6774,VSM.ResetFeedback,0,1
117,6775,VSM.MarkReceiverPages,662528,1
117,6775,VSM.Allocate,567040,1
117,6775,VSM.ClearPhysicalPages,262144,1
117,6775,VSM.PageOccupancy,87808,1
117,6775,VSM.FinalizePages,2304,1
117,6775,VSM.DynamicRaster,91392,1
117,6775,VSM.LayoutRemap,0,1
117,6775,VSM.InvalidateStatic,0,0
117,6775,VSM.StaticCasterCull,200448,1
117,6775,VSM.DynamicCasterCull,0,1
117,6775,VSM.PageCull,182016,1
117,6775,VSM.StaticRaster,6912,1
117,6775,VSM.UnityCompatibilityRaster,0,0
117,6775,VSM.Resolve,13724416,1
117,6775,VSM.ResolveTrace,13502720,1
117,6775,VSM.FilterHorizontal,65280,1
117,6775,VSM.FilterVertical,0,0
117,6775,VSM.FilterTemporalVertical,155136,1
117,6775,VSM.ResetFeedback,0,1
118,6776,VSM.MarkReceiverPages,662528,1
118,6776,VSM.Allocate,569600,1
118,6776,VSM.ClearPhysicalPages,262144,1
118,6776,VSM.PageOccupancy,125184,1
118,6776,VSM.FinalizePages,1792,1
118,6776,VSM.DynamicRaster,83200,1
118,6776,VSM.LayoutRemap,0,1
118,6776,VSM.InvalidateStatic,0,0
118,6776,VSM.StaticCasterCull,198656,1
118,6776,VSM.DynamicCasterCull,0,1
118,6776,VSM.PageCull,179712,1
118,6776,VSM.StaticRaster,7168,1
118,6776,VSM.UnityCompatibilityRaster,0,0
118,6776,VSM.Resolve,13692672,1
118,6776,VSM.ResolveTrace,13469440,1
118,6776,VSM.FilterHorizontal,66048,1
118,6776,VSM.FilterVertical,0,0
118,6776,VSM.FilterTemporalVertical,155904,1
118,6776,VSM.ResetFeedback,0,1
119,6777,VSM.MarkReceiverPages,662272,1
119,6777,VSM.Allocate,574464,1
119,6777,VSM.ClearPhysicalPages,261888,1
119,6777,VSM.PageOccupancy,67584,1
119,6777,VSM.FinalizePages,1792,1
119,6777,VSM.DynamicRaster,89600,1
119,6777,VSM.LayoutRemap,0,1
119,6777,VSM.InvalidateStatic,0,0
119,6777,VSM.StaticCasterCull,203264,1
119,6777,VSM.DynamicCasterCull,0,1
119,6777,VSM.PageCull,184320,1
119,6777,VSM.StaticRaster,7168,1
119,6777,VSM.UnityCompatibilityRaster,0,0
119,6777,VSM.Resolve,14133504,1
119,6777,VSM.ResolveTrace,13910016,1
119,6777,VSM.FilterHorizontal,66304,1
119,6777,VSM.FilterVertical,0,0
119,6777,VSM.FilterTemporalVertical,155904,1
119,6777,VSM.ResetFeedback,0,1
120,6778,VSM.MarkReceiverPages,663552,1
120,6778,VSM.Allocate,577536,1
120,6778,VSM.ClearPhysicalPages,261888,1
120,6778,VSM.PageOccupancy,77056,1
120,6778,VSM.FinalizePages,1536,1
120,6778,VSM.DynamicRaster,88320,1
120,6778,VSM.LayoutRemap,0,1
120,6778,VSM.InvalidateStatic,0,0
120,6778,VSM.StaticCasterCull,205312,1
120,6778,VSM.DynamicCasterCull,0,1
120,6778,VSM.PageCull,186880,1
120,6778,VSM.StaticRaster,7168,1
120,6778,VSM.UnityCompatibilityRaster,0,0
120,6778,VSM.Resolve,13703424,1
120,6778,VSM.ResolveTrace,13478400,1
120,6778,VSM.FilterHorizontal,66816,1
120,6778,VSM.FilterVertical,0,0
120,6778,VSM.FilterTemporalVertical,156672,1
120,6778,VSM.ResetFeedback,0,1
121,6779,VSM.MarkReceiverPages,660992,1
121,6779,VSM.Allocate,570624,1
121,6779,VSM.ClearPhysicalPages,261376,1
121,6779,VSM.PageOccupancy,69632,1
121,6779,VSM.FinalizePages,1792,1
121,6779,VSM.DynamicRaster,94720,1
121,6779,VSM.LayoutRemap,0,1
121,6779,VSM.InvalidateStatic,0,0
121,6779,VSM.StaticCasterCull,208128,1
121,6779,VSM.DynamicCasterCull,0,1
121,6779,VSM.PageCull,189440,1
121,6779,VSM.StaticRaster,7168,1
121,6779,VSM.UnityCompatibilityRaster,0,0
121,6779,VSM.Resolve,13920768,1
121,6779,VSM.ResolveTrace,13696768,1
121,6779,VSM.FilterHorizontal,66048,1
121,6779,VSM.FilterVertical,0,0
121,6779,VSM.FilterTemporalVertical,156928,1
121,6779,VSM.ResetFeedback,0,1
122,6780,VSM.MarkReceiverPages,662016,1
122,6780,VSM.Allocate,568832,1
122,6780,VSM.ClearPhysicalPages,261888,1
122,6780,VSM.PageOccupancy,72448,1
122,6780,VSM.FinalizePages,2048,1
122,6780,VSM.DynamicRaster,83712,1
122,6780,VSM.LayoutRemap,0,1
122,6780,VSM.InvalidateStatic,0,0
122,6780,VSM.StaticCasterCull,198400,1
122,6780,VSM.DynamicCasterCull,0,1
122,6780,VSM.PageCull,179968,1
122,6780,VSM.StaticRaster,10752,1
122,6780,VSM.UnityCompatibilityRaster,0,0
122,6780,VSM.Resolve,14692608,1
122,6780,VSM.ResolveTrace,14465280,1
122,6780,VSM.FilterHorizontal,66304,1
122,6780,VSM.FilterVertical,0,0
122,6780,VSM.FilterTemporalVertical,160000,1
122,6780,VSM.ResetFeedback,0,1
123,6781,VSM.MarkReceiverPages,663040,1
123,6781,VSM.Allocate,575232,1
123,6781,VSM.ClearPhysicalPages,261632,1
123,6781,VSM.PageOccupancy,85504,1
123,6781,VSM.FinalizePages,2048,1
123,6781,VSM.DynamicRaster,89088,1
123,6781,VSM.LayoutRemap,0,1
123,6781,VSM.InvalidateStatic,0,0
123,6781,VSM.StaticCasterCull,200704,1
123,6781,VSM.DynamicCasterCull,0,1
123,6781,VSM.PageCull,182528,1
123,6781,VSM.StaticRaster,7168,1
123,6781,VSM.UnityCompatibilityRaster,0,0
123,6781,VSM.Resolve,14191104,1
123,6781,VSM.ResolveTrace,13967872,1
123,6781,VSM.FilterHorizontal,65536,1
123,6781,VSM.FilterVertical,0,0
123,6781,VSM.FilterTemporalVertical,156416,1
123,6781,VSM.ResetFeedback,0,1
124,6782,VSM.MarkReceiverPages,662016,1
124,6782,VSM.Allocate,568576,1
124,6782,VSM.ClearPhysicalPages,261376,1
124,6782,VSM.PageOccupancy,73216,1
124,6782,VSM.FinalizePages,2048,1
124,6782,VSM.DynamicRaster,85504,1
124,6782,VSM.LayoutRemap,0,1
124,6782,VSM.InvalidateStatic,0,0
124,6782,VSM.StaticCasterCull,201472,1
124,6782,VSM.DynamicCasterCull,0,1
124,6782,VSM.PageCull,183040,1
124,6782,VSM.StaticRaster,7168,1
124,6782,VSM.UnityCompatibilityRaster,0,0
124,6782,VSM.Resolve,14403072,1
124,6782,VSM.ResolveTrace,14180352,1
124,6782,VSM.FilterHorizontal,65792,1
124,6782,VSM.FilterVertical,0,0
124,6782,VSM.FilterTemporalVertical,155648,1
124,6782,VSM.ResetFeedback,0,1
125,6783,VSM.MarkReceiverPages,661760,1
125,6783,VSM.Allocate,574720,1
125,6783,VSM.ClearPhysicalPages,261888,1
125,6783,VSM.PageOccupancy,75264,1
125,6783,VSM.FinalizePages,1536,1
125,6783,VSM.DynamicRaster,89088,1
125,6783,VSM.LayoutRemap,0,1
125,6783,VSM.InvalidateStatic,0,0
125,6783,VSM.StaticCasterCull,206080,1
125,6783,VSM.DynamicCasterCull,0,1
125,6783,VSM.PageCull,187392,1
125,6783,VSM.StaticRaster,7168,1
125,6783,VSM.UnityCompatibilityRaster,0,0
125,6783,VSM.Resolve,14528000,1
125,6783,VSM.ResolveTrace,14303488,1
125,6783,VSM.FilterHorizontal,66304,1
125,6783,VSM.FilterVertical,0,0
125,6783,VSM.FilterTemporalVertical,156928,1
125,6783,VSM.ResetFeedback,0,1
126,6784,VSM.MarkReceiverPages,663552,1
126,6784,VSM.Allocate,569856,1
126,6784,VSM.ClearPhysicalPages,261376,1
126,6784,VSM.PageOccupancy,96768,1
126,6784,VSM.FinalizePages,2048,1
126,6784,VSM.DynamicRaster,87808,1
126,6784,VSM.LayoutRemap,256,1
126,6784,VSM.InvalidateStatic,0,0
126,6784,VSM.StaticCasterCull,197376,1
126,6784,VSM.DynamicCasterCull,0,1
126,6784,VSM.PageCull,178944,1
126,6784,VSM.StaticRaster,7168,1
126,6784,VSM.UnityCompatibilityRaster,0,0
126,6784,VSM.Resolve,13638912,1
126,6784,VSM.ResolveTrace,13414656,1
126,6784,VSM.FilterHorizontal,66048,1
126,6784,VSM.FilterVertical,0,0
126,6784,VSM.FilterTemporalVertical,157184,1
126,6784,VSM.ResetFeedback,0,1
127,6785,VSM.MarkReceiverPages,661760,1
127,6785,VSM.Allocate,564224,1
127,6785,VSM.ClearPhysicalPages,261376,1
127,6785,VSM.PageOccupancy,66560,1
127,6785,VSM.FinalizePages,1792,1
127,6785,VSM.DynamicRaster,81408,1
127,6785,VSM.LayoutRemap,0,1
127,6785,VSM.InvalidateStatic,0,0
127,6785,VSM.StaticCasterCull,205568,1
127,6785,VSM.DynamicCasterCull,0,1
127,6785,VSM.PageCull,187136,1
127,6785,VSM.StaticRaster,11264,1
127,6785,VSM.UnityCompatibilityRaster,0,0
127,6785,VSM.Resolve,14462720,1
127,6785,VSM.ResolveTrace,14238464,1
127,6785,VSM.FilterHorizontal,65536,1
127,6785,VSM.FilterVertical,0,0
127,6785,VSM.FilterTemporalVertical,157440,1
127,6785,VSM.ResetFeedback,0,1
