observation_frame,unscaled_time,frame_timing_timestamp,segment,"frame_interval_ms","cpu_frame_ms","gpu_frame_ms","cpu_render_thread_ms","gc_allocated_in_editor_frame_bytes","VSM.LayoutRemap_gpu_ms","VSM.Allocate_gpu_ms","VSM.InvalidateStatic_gpu_ms","VSM.ClearPhysicalPages_gpu_ms","VSM.StaticCasterCull_gpu_ms","VSM.DynamicCasterCull_gpu_ms","VSM.PageCull_gpu_ms","VSM.StaticRaster_gpu_ms","VSM.DynamicRaster_gpu_ms","VSM.UnityCompatibilityRaster_gpu_ms","VSM.FinalizePages_gpu_ms","VSM.ResetFeedback_gpu_ms","VSM.ResolveAndFeedback_gpu_ms",observed_camera_frame,observed_camera_serial,window_repaint_count,seconds_since_window_repaint
7002,79.032300800736962,1361463338503,1,20.820599049329758,13.4715,6.09408,3.5862,14551,0.000768,0.37888,,0.063232,0.239616,0.000256,0.222208,0.007936,0.040704,,0.002048,,2.1439999999999997,7002,388,0,
7003,79.061640504535148,1361463473218,1,29.339704662561417,17.0929,5.405184,3.6736,14805,0.001024,0.37785599999999997,,0.063232,0.236288,0,0.21836799999999998,0.0076799999999999993,0.042752,,0.0025599999999999998,,1.78432,7003,389,0,
7004,79.087452898242631,1361463644147,1,25.812393054366112,9.8942,6.060032,3.7801,14551,0.001024,0.38195199999999996,,0.063232,0.24473599999999998,0,0.227072,0.0076799999999999993,0.041728,,0.002304,,1.7786879999999998,7004,390,0,
7005,79.112773802437644,1361463743089,1,25.320904329419136,39.6469,5.491456,3.9625,14746,0.001024,0.379648,,0.062464,0.23807999999999999,0,0.222208,0.0076799999999999993,0.037888,,0.001536,,1.3959679999999999,7005,391,0,
7006,79.142321499433109,1361464139558,1,29.547696933150291,15.2944,,4.9597,14922,0.001024,0.382208,,0.063488,0.24678399999999998,0,0.22912,0.008192,0.040192,,0.002304,,1.811456,7006,392,0,
7007,79.162845103458054,1361464292502,1,20.52360400557518,33.5606,5.407232,3.588,14898,0.0012799999999999999,0.377088,,0.061952,0.238336,0.000256,0.22067199999999998,0.003584,0.041984,,0.002048,,1.389568,7007,393,0,
7008,79.176364604591839,1361464628108,1,13.519501313567162,24.1459,5.393408,3.6772,14551,0.001024,0.475904,,0.062464,0.240896,0,0.223488,0.008192,0.040192,,0.002304,,1.3841919999999999,7008,394,0,
7009,79.219989498299313,1361464869567,1,43.624892830848694,27.4811,5.56544,4.7323,14551,0.001024,0.37862399999999996,,0.062464,0.239872,0,0.22272,0.0084479999999999989,0.037632,,0.002048,,1.387008,7009,395,0,
7010,79.238228202947838,1361465144378,1,18.238704651594162,14.9561,,3.8042,14551,0.001024,0.37862399999999996,,0.062464,0.239872,0,0.22272,0.0084479999999999989,0.037632,,0.002048,,1.387008,7010,396,0,
7011,79.248964604591833,1361465293939,1,10.736401192843914,36.036,5.918464,4.1389,14551,0.001024,0.38118399999999997,,0.061952,0.248576,0,0.22988799999999998,0.007424,0.038655999999999996,,0.002304,,1.387008,7011,397,0,
7012,79.260272101757366,1361465654299,1,11.307497508823872,25.351,5.418752,3.9324,16873,0.001024,0.38118399999999997,,0.061952,0.248576,0,0.22988799999999998,0.007424,0.038655999999999996,,0.002304,,1.387008,7012,398,0,
7013,79.274018204365078,1361465907809,1,13.746102340519428,11.4762,6.03904,3.5472,14798,0.001024,0.379136,,0.063232,0.244224,0,0.22630399999999998,0.0076799999999999993,0.039168,,0.002048,,1.903872,7013,399,0,
7014,79.290991404478461,1361466022571,1,16.97319932281971,9.7896,,5.5377,14551,0.001024,0.379136,,0.063232,0.244224,0,0.22630399999999998,0.0076799999999999993,0.039168,,0.002048,,1.903872,7014,400,0,
7015,79.300357298752829,1361466120467,1,9.36589390039444,15.0804,6.020352,4.4528,14551,0.001024,0.379648,,0.062464,0.24601599999999998,0,0.22886399999999998,0.0076799999999999993,0.039936,,0.001792,,1.833472,7015,401,0,
7016,79.31004620181406,1361466271271,1,9.6889026463031769,16.5925,6.081536,3.2778,14551,0.001024,0.47769599999999995,,0.063488,0.23807999999999999,0,0.22092799999999999,0.003584,0.038144,,0.0025599999999999998,,2.20544,7016,402,0,
7017,79.315532801870745,1361466437196,1,5.48660010099411,9.9324,5.52448,3.3835,14551,0.001024,0.38144,,0.061952,0.240384,0.000256,0.22297599999999998,0.007936,0.038655999999999996,,0.002048,,1.6115199999999998,7017,403,0,
7018,79.326481299603174,1361466536520,1,10.948497802019119,6.133,,3.2311,14551,0.001024,0.38144,,0.061952,0.240384,0.000256,0.22297599999999998,0.007936,0.038655999999999996,,0.002048,,1.6115199999999998,7018,404,0,
7019,79.334669203514736,1361466597850,1,8.18790402263403,8.9853,6.32832,3.5287,14551,0.001024,0.38323199999999996,,0.06297599999999999,0.24064,0,0.223488,0.008192,0.039424,,0.002304,,1.610496,7019,405,0,
7020,79.342051204648527,1361466687703,1,7.3820012621581554,10.5537,5.9072,3.2324,14551,0.001024,0.47155199999999997,,0.061439999999999995,0.24345599999999998,0,0.225536,0.0076799999999999993,0.039424,,0.002048,,1.811456,7020,406,0,
7021,79.3484235048186,1361466793240,1,6.3722999766469,8.3679,5.453568,3.7916,14551,0.001024,0.39372799999999997,,0.063488,0.23654399999999998,0,0.21862399999999999,0.007936,0.038144,,0.002304,,1.409792,7021,407,0,
7022,79.369843601190468,1361466876919,1,21.420096978545189,7.7355,,3.2227,14753,0.001024,0.39372799999999997,,0.063488,0.23654399999999998,0,0.21862399999999999,0.007936,0.038144,,0.002304,,1.409792,7022,408,0,
7023,79.3810915036848,1361466954274,1,11.247902177274227,6.3225,5.320704,3.0031,14551,0.001024,0.47308799999999995,,0.061695999999999994,0.24575999999999998,0,0.22758399999999998,0.003328,0.042752,,0.002304,,1.38624,7023,409,0,
7024,79.389098703231284,1361467017499,1,8.0071995034813881,15.369,5.449216,4.2063,14551,0.001024,0.47308799999999995,,0.061695999999999994,0.24575999999999998,0,0.22758399999999998,0.003328,0.042752,,0.002304,,1.38624,7024,410,0,
7025,79.399655002834464,1361467171189,1,10.556299239397049,16.7666,5.736192,3.5819,14551,0.001024,0.380416,,0.06297599999999999,0.243968,0,0.22655999999999998,0.009984,0.040959999999999996,,0.002048,,1.62432,7025,411,0,
7026,79.407881101190469,1361467338855,1,8.2260984927415848,7.908,5.667584,3.3885,14551,0.001024,0.38118399999999997,,0.063488,0.23884799999999998,0,0.22144,0.007936,0.040448,,0.002048,,1.619456,7026,412,0,
7027,79.416172704081632,1361467417935,1,8.2916030660271645,11.0855,5.869312,2.8145,14551,0.001024,0.38272,,0.063488,0.246528,0,0.22912,0.007936,0.03968,,0.002304,,2.069504,7027,413,0,
7028,79.426342304421766,1361467528790,1,10.169600136578083,6.4632,5.541632,3.1979,14746,0.001024,0.382208,,0.061695999999999994,0.238592,0,0.22067199999999998,0.007424,0.037632,,0.002048,,1.8124799999999999,7028,414,0,
7029,79.435863499149661,1361467593422,1,9.5211947336792946,9.9278,6.317824,3.0593,19845,0.001024,0.38527999999999996,,0.062464,0.23551999999999998,0,0.220416,0.008192,0.033535999999999996,,0.002304,,1.39136,7029,415,0,
7030,79.445303401360547,1361467692700,1,9.4399023801088333,10.1998,5.728,4.3999,20961,0.001024,0.38527999999999996,,0.062464,0.23551999999999998,0,0.220416,0.008192,0.033535999999999996,,0.002304,,1.39136,7030,416,0,
7031,79.454042701247161,1361467794698,1,8.7393000721931458,7.8589,5.555968,3.2635,14551,0.001024,0.383488,,0.063488,0.244224,0,0.227072,0.007936,0.040704,,0.002048,,1.595648,7031,417,0,
7032,79.467196003401355,1361467873287,1,13.153302483260632,10.6797,5.374464,4.0894,40297,0.001024,0.383488,,0.063488,0.244224,0,0.227072,0.007936,0.040704,,0.002048,,1.595648,7032,418,0,
7033,79.478428904478449,1361467980084,1,11.232901364564896,6.6873,5.538816,6.1733,14603,0.001024,0.378368,,0.25113599999999997,0.248576,0,0.230144,0.0076799999999999993,0.039424,,0.002048,,1.604096,7033,419,0,
7034,79.487568799603167,1361468046957,1,9.13989543914795,14.3614,5.900032,3.7004,14551,0.001024,0.38246399999999997,,0.062464,0.24012799999999998,0,0.22399999999999998,0.005888,0.040192,,0.002048,,1.3893119999999999,7034,420,0,
7035,79.500786798469377,1361468190571,1,13.217998668551445,12.1077,5.103104,3.4502,14551,0.001024,0.38246399999999997,,0.062464,0.24012799999999998,0,0.22399999999999998,0.005888,0.040192,,0.002048,,1.3893119999999999,7035,421,0,
7036,79.5101536989796,1361468311648,1,9.366900660097599,9.6691,5.65376,3.0116,14551,0.001024,0.379136,,0.063232,0.24345599999999998,0.000256,0.225792,0.007936,0.040704,,0.002048,,1.5700479999999999,7036,422,0,
7037,79.517241000566884,1361468408339,1,7.0873014628887177,8.0528,5.656576,4.3206,14551,0.0012799999999999999,0.37990399999999996,,0.063488,0.236032,0,0.21836799999999998,0.004608,0.039168,,0.002048,,1.412096,7037,423,0,
7038,79.5250660005669,1361468488867,1,7.825000211596489,13.7792,5.534208,3.9779,14551,0.0012799999999999999,0.37990399999999996,,0.063488,0.236032,0,0.21836799999999998,0.004608,0.039168,,0.002048,,1.412096,7038,424,0,
7039,79.531424100056682,1361468626659,1,6.3580996356904507,7.0432,6.041344,3.1035,14551,0.001024,0.390912,,0.063232,0.244992,0,0.226816,0.007936,0.043775999999999995,,0.002048,,1.78688,7039,425,0,
7040,79.538904903628108,1361468697091,1,7.4808034114539623,8.1106,5.34144,3.4549,20480,0.001024,0.390656,,0.063232,0.24140799999999998,0,0.22399999999999998,0.008192,0.037632,,0.0025599999999999998,,1.385472,7040,426,0,
7041,79.546506703514737,1361468778197,1,7.6017999090254307,7.0282,5.594368,3.2916,14551,0.001024,0.393984,,0.063232,0.237568,0.000256,0.21964799999999998,0.0076799999999999993,0.037888,,0.002304,,1.807872,7041,427,0,
7042,79.557513102324265,1361468848479,1,11.006399057805538,7.4352,6.095616,3.3109,14551,0.001024,0.47744,,0.063744,0.24012799999999998,0.000256,0.222208,0.010496,0.043519999999999996,,0.002304,,2.212096,7042,428,0,
7043,79.564354301303851,1361468922831,1,6.84119900688529,7.2738,5.408768,3.328,14696,0.001024,0.38272,,0.063232,0.24243199999999998,0.000256,0.224768,0.003584,0.038144,,0.002048,,1.392896,7043,429,0,
7044,79.571342800453507,1361468995569,1,6.9884993135929108,11.065,6.02752,3.4868,14753,0.001024,0.379392,,0.063744,0.520192,0.000256,0.22399999999999998,0.009984,0.03712,,0.002304,,1.788416,7044,430,0,
7045,79.5842533021542,1361469106219,1,12.910502031445503,7.023,6.270464,3.2443,20530,0.001024,0.379392,,0.063744,0.520192,0.000256,0.22399999999999998,0.009984,0.03712,,0.002304,,1.788416,7045,431,0,
7046,79.591096804138317,1361469176449,1,6.8435021676123142,6.7608,5.412608,3.3596,27874,0.002304,0.39039999999999997,,0.06272,0.24115199999999998,0,0.22425599999999998,0.008192,0.040192,,0.002048,,1.3926399999999999,7046,432,0,
7047,79.597463803854879,1361469244057,1,6.3669998198747635,12.2969,5.840128,3.3754,14551,0.0012799999999999999,0.382208,,0.06297599999999999,0.23423999999999998,0,0.216576,0.0038399999999999997,0.039936,,0.002048,,1.387776,7047,433,0,
7048,79.6076040036848,1361469367026,1,10.140200145542622,7.6693,5.36576,3.0592,65919,0.0012799999999999999,0.383744,,0.063232,0.240896,0,0.22323199999999999,0.007936,0.038911999999999995,,0.002048,,1.3926399999999999,7048,434,0,
7049,79.615212599206345,1361469443719,1,7.6085953041911125,5.5847,5.760768,3.2004,14551,0.000768,0.383488,,0.063232,0.23782399999999998,0,0.22016,0.0076799999999999993,0.037376,,0.002048,,1.7922559999999998,7049,435,0,
7050,79.626388399943309,1361469499566,1,11.175801046192646,6.4105,6.167296,3.1184,14551,0.001024,0.37990399999999996,,0.06272,0.232704,0,0.21631999999999998,0.007936,0.038911999999999995,,0.002048,,1.608704,7050,436,0,
7051,79.634762804705218,1361469563671,1,8.3744050934910774,11.945,5.92256,3.3948,14551,0.001024,0.383488,,0.063744,0.241664,0,0.223488,0.007936,0.041471999999999995,,0.002048,,2.3119359999999998,7051,437,0,
7052,79.644256901927434,1361469683121,1,9.4940969720482826,8.3667,6.352128,3.2977,15067,0.001024,0.388096,,0.063488,0.24447999999999998,0.000256,0.22655999999999998,0.0076799999999999993,0.03968,,0.0025599999999999998,,1.714944,7052,438,0,
7053,79.655143799603167,1361469766788,1,10.886897332966328,10.6046,5.523712,3.6896,14551,0.001024,0.388096,,0.063488,0.24447999999999998,0.000256,0.22655999999999998,0.0076799999999999993,0.03968,,0.0025599999999999998,,1.714944,7053,439,0,
7054,79.663846903344663,1361469872834,1,8.70310328900814,9.6744,5.927936,3.3922,14551,0.001024,0.38527999999999996,,0.063232,0.239616,0.000256,0.22195199999999998,0.003584,0.041215999999999996,,0.002048,,1.599232,7054,440,0,
7055,79.6813871031746,1361469969578,1,17.540199682116508,10.4946,5.564928,3.6328,14898,0.001024,0.385536,,0.063232,0.237568,0.000256,0.22016,0.008192,0.0384,,0.002048,,1.59744,7055,441,0,
7056,79.708828599773241,1361470074524,1,27.441496029496193,9.664,6.288384,3.3398,14603,0.001024,0.38144,,0.063488,0.23679999999999998,0,0.21888,0.0038399999999999997,0.037888,,0.002048,,1.645568,7056,442,0,
7057,79.715533000283443,1361470171164,1,6.7044002935290337,6.4822,6.59072,3.8631,14551,0.0012799999999999999,0.46975999999999996,,0.065279999999999991,0.2432,0,0.225024,0.007424,0.041215999999999996,,0.002048,,1.786624,7057,443,0,
7058,79.7228758999433,1361470235986,1,7.3428996838629246,38.0709,5.948928,3.4745,14551,0.001024,0.38246399999999997,,0.06297599999999999,0.23577599999999999,0.000256,0.217856,0.007936,0.040448,,0.002048,,2.161152,7058,444,0,
7059,79.732950602324266,1361470616695,1,10.074702091515064,7.145,6.211584,3.0164,14551,0.001024,0.385024,,0.063488,0.242688,0,0.224768,0.008192,0.039424,,0.002048,,1.988864,7059,445,0,
7060,79.7412794005102,1361470688145,1,8.3287982270121574,5.8858,5.609472,2.9809,14746,0.001024,0.386304,,0.064256,0.24064,0,0.222208,0.007424,0.040448,,0.002304,,1.3872639999999998,7060,446,0,
7061,79.747286004818591,1361470747003,1,6.00660452619195,11.4925,5.684224,3.454,14551,0.0012799999999999999,0.37862399999999996,,0.06297599999999999,0.606464,0,0.224768,0.005888,0.0448,,0.002816,,1.4044159999999999,7061,447,0,
7062,79.762000999149663,1361470861928,1,14.714994467794895,7.5206,5.165824,3.2278,15114,0.001024,0.38195199999999996,,0.06297599999999999,0.23807999999999999,0,0.220416,0.0076799999999999993,0.0384,,0.002304,,1.410304,7062,448,0,
7063,79.7710033021542,1361470937134,1,9.002302773296833,6.5875,5.342208,3.6051,25203,0.001024,0.383488,,0.063232,0.24012799999999998,0,0.222464,0.012544,0.038911999999999995,,0.002048,,1.3941759999999999,7063,449,0,
7064,79.777488399943309,1361471003009,1,6.4850975759327412,6.1554,6.050304,3.8903,38369,0.001024,0.37657599999999997,,0.061695999999999994,0.24115199999999998,0.000256,0.22323199999999999,0.0076799999999999993,0.039936,,0.002048,,1.782784,7064,450,0,
7065,79.793356398809522,1361471064563,1,15.867998823523521,17.4766,5.798144,3.7783,14551,0.001024,0.38246399999999997,,0.062464,0.240384,0.000256,0.224768,0.0076799999999999993,0.041215999999999996,,0.002048,,1.6284159999999999,7065,451,0,
7066,79.800715100623577,1361471239329,1,7.3587018996477127,6.3535,6.075904,2.988,14551,0.001024,0.3776,,0.063488,0.24447999999999998,0,0.226816,0.007936,0.041215999999999996,,0.002304,,1.731072,7066,452,0,
7067,79.8147961026077,1361471302864,1,14.081002213060856,16.1025,6.065664,3.4807,14753,0.001024,0.380416,,0.061439999999999995,0.23577599999999999,0,0.217856,0.007424,0.038144,,0.002304,,2.247168,7067,453,0,
7068,79.839527104591838,1361471463889,1,24.731002748012543,7.6986,6.011136,2.968,14551,0.004096,0.37888,,0.063744,0.24447999999999998,0,0.226816,0.008192,0.040448,,0.002048,,1.39136,7068,454,0,
7069,79.876741801303851,1361471540875,1,37.214696407318115,6.3399,5.641984,3.4786,14753,0.004096,0.37888,,0.063744,0.24447999999999998,0,0.226816,0.008192,0.040448,,0.002048,,1.39136,7069,455,0,
7070,79.8833751984127,1361471604274,1,6.6333971917629242,31.4799,5.859072,4.6492,14551,0.001024,0.378368,,0.063744,0.238592,0,0.220416,0.004096,0.038911999999999995,,0.002304,,1.903616,7070,456,0,
7071,79.892472200963709,1361471919073,1,9.0970024466514587,36.3068,5.29408,3.0713,14746,0.001024,0.38016,,0.063488,0.24115199999999998,0,0.22323199999999999,0.007936,0.040192,,0.002048,,2.024448,7071,457,0,
7072,79.9149746031746,1361472282141,1,22.50240184366703,8.528,5.7728,3.9169,14603,0.001024,0.37888,,0.062464,0.23884799999999998,0,0.221184,0.0076799999999999993,0.039936,,0.002048,,1.387776,7072,458,0,
7073,79.92451120323129,1361472367421,1,9.53659974038601,8.2615,5.415424,4.2602,14551,0.001024,0.37888,,0.062464,0.23884799999999998,0,0.221184,0.0076799999999999993,0.039936,,0.002048,,1.387776,7073,459,0,
7074,79.933298703231287,1361472450036,1,8.7874997407197952,21.2464,5.760768,3.5615,14551,0.0012799999999999999,0.382976,,0.063232,0.24243199999999998,0,0.224512,0.007936,0.040704,,0.002048,,1.7891839999999999,7074,460,0,
7075,79.943208503401351,1361472662500,1,9.9098002538084984,11.0664,5.842688,3.3162,14551,0.001024,0.46464,,0.061695999999999994,0.24447999999999998,0,0.22655999999999998,0.0084479999999999989,0.041728,,0.002048,,1.77792,7075,461,0,
7076,79.950617304421769,1361472773164,1,7.4088010005652905,9.2764,5.375744,2.8058,21163,0.001024,0.39372799999999997,,0.063232,0.24371199999999998,0,0.22630399999999998,0.0076799999999999993,0.038655999999999996,,0.002048,,1.408256,7076,462,0,
7077,79.988222200963719,1361472865928,1,37.60489821434021,9.7083,,3.2505,14551,0.001024,0.38451199999999996,,0.063232,0.23551999999999998,0,0.217856,0.0076799999999999993,0.041215999999999996,,0.002048,,1.787904,7077,463,0,
7078,79.998983404195,1361472963011,1,10.761203244328499,6.7237,6.229248,4.4417,14551,0.001024,0.379392,,0.06272,0.24012799999999998,0,0.222464,0.0076799999999999993,0.041215999999999996,,0.002304,,1.3839359999999998,7078,464,0,
7079,80.026492304421765,1361473030248,1,27.508899569511414,30.9894,5.143296,3.9082,14551,0.001024,0.379392,,0.06272,0.24012799999999998,0,0.222464,0.0076799999999999993,0.041215999999999996,,0.002304,,1.3839359999999998,7079,465,0,
7080,80.033984403344661,1361473340142,1,7.4920989573001862,18.0394,5.487104,3.6035,14551,0.001024,0.380672,,0.06272,0.242176,0.000256,0.22399999999999998,0.007936,0.040448,,0.002048,,1.62048,7080,466,0,
7081,80.053598901644,1361473520536,1,19.614499062299728,27.0852,5.821952,2.8148,14746,0.001024,0.38016,,0.06297599999999999,0.242688,0,0.22527999999999998,0.008192,0.041728,,0.002304,,1.616128,7081,467,0,
7082,80.063381901927428,1361473791388,1,9.783000685274601,8.0898,5.565696,3.5641,14551,0.000768,0.46771199999999996,,0.061952,0.247296,0,0.229376,0.007936,0.040192,,0.002048,,2.538496,7082,468,0,
7083,80.073749100056688,1361473872286,1,10.367197915911674,12.473,6.3872,3.5437,14753,0.000768,0.46771199999999996,,0.061952,0.247296,0,0.229376,0.007936,0.040192,,0.002048,,2.538496,7083,469,0,
7084,80.07984230442176,1361473997016,1,6.0932044871151447,15.6437,5.453824,3.8963,14551,0.0051199999999999996,0.39116799999999996,,0.06297599999999999,0.236032,0,0.21862399999999999,0.0076799999999999993,0.038911999999999995,,0.002304,,1.8306559999999998,7084,470,0,
7085,80.093974900793654,1361474153453,1,14.132596552371979,10.4805,5.81504,2.9555,14551,0.001024,0.383488,,0.063488,0.24115199999999998,0,0.223488,0.0076799999999999993,0.038144,,0.002304,,1.390336,7085,471,0,
7086,80.129714902210878,1361474258258,1,35.740002989768982,6.5177,5.33504,3.6103,14603,0.001024,0.383488,,0.063488,0.24115199999999998,0,0.223488,0.0076799999999999993,0.038144,,0.002304,,1.390336,7086,472,0,
7087,80.147107199546483,1361474323435,1,17.392298206686974,14.5364,5.315328,3.8677,14922,0.001024,0.3776,,0.062208,0.23884799999999998,0,0.22092799999999999,0.003584,0.039168,,0.002304,,1.388288,7087,473,0,
7088,80.176653904478457,1361474468799,1,29.546704143285751,34.8376,5.294592,6.2956,14898,0.0012799999999999999,0.37785599999999997,,0.062464,0.244224,0,0.226816,0.012288,0.038144,,0.002048,,1.389568,7088,474,0,
7089,80.207054698129255,1361474817175,1,30.400793999433517,15.4919,6.406656,3.3333,14746,0.001024,0.383744,,0.067328,0.24345599999999998,0,0.22425599999999998,0.007424,0.03968,,0.0025599999999999998,,1.387776,7089,475,0,
7090,80.2388744047619,1361474972094,1,31.819704920053482,19.7539,,3.8442,14551,0.001024,0.383744,,0.067328,0.24345599999999998,0,0.22425599999999998,0.007424,0.03968,,0.0025599999999999998,,1.387776,7090,476,0,
7091,80.248639299886619,1361475169633,1,9.7648948431015015,42.754,5.811712,3.495,14551,0.001024,0.379392,,0.062464,0.239872,0.000256,0.222208,0.0076799999999999993,0.038655999999999996,,0.002048,,1.617152,7091,477,0,
7092,80.257265100623584,1361475597173,1,8.625800721347332,20.8259,5.924096,4.0068,14551,0.001024,0.38246399999999997,,0.062464,0.23936,0,0.222208,0.006912,0.038655999999999996,,0.002304,,1.602816,7092,478,0,
7093,80.26367090419501,1361475805432,1,6.4058033749461174,20.6516,5.670144,3.7101,14551,0.001024,0.38246399999999997,,0.063488,0.239616,0,0.222208,0.0076799999999999993,0.03584,,0.002304,,1.6719359999999999,7093,479,0,
7094,80.276836600056683,1361476011948,1,13.16569559276104,8.9555,5.960704,3.1301,32324,0.001024,0.38272,,0.061695999999999994,0.248576,0,0.2304,0.0076799999999999993,0.039936,,0.002048,,1.617152,7094,480,0,
7095,80.287089299886617,1361476101503,1,10.252700187265873,6.3116,5.963776,6.3116,28936,0.001024,0.378112,,0.063488,0.24473599999999998,0,0.227328,0.0076799999999999993,0.038911999999999995,,0.002304,,1.826816,7095,481,0,
7096,80.29397890447845,1361476164619,1,6.88960449770093,13.0532,5.662464,3.8671,14551,0.0012799999999999999,0.380928,,0.063232,0.236288,0,0.21862399999999999,0.0076799999999999993,0.040704,,0.002048,,1.4059519999999999,7096,482,0,
7097,80.300456200396823,1361476295151,1,6.4772958867251873,10.2431,6.071552,3.028,14551,0.001024,0.378112,,0.063232,0.242176,0,0.224512,0.007936,0.042752,,0.002048,,1.7167359999999998,7097,483,0,
7098,80.336948901643993,1361476397582,1,36.49270161986351,6.6745,5.472512,3.5406,14603,0.001024,0.37734399999999996,,0.061695999999999994,0.24115199999999998,0,0.223744,0.007424,0.041471999999999995,,0.002304,,1.59104,7098,484,0,
7099,80.34753960459183,1361476464327,1,10.590703226625919,7.4184,5.346048,3.5581,14551,0.001024,0.378368,,0.06272,0.237312,0,0.219392,0.0076799999999999993,0.038655999999999996,,0.002048,,1.39008,7099,485,0,
7100,80.3555735048186,1361476538511,1,8.0339005216956139,35.9788,5.340416,2.9112,14551,0.001024,0.37990399999999996,,0.063488,0.24243199999999998,0,0.225024,0.004096,0.037376,,0.002304,,1.627136,7100,486,0,
7101,80.3745678004535,1361476898299,1,18.994295969605446,10.4706,5.929472,2.9798,14948,0.001024,0.37990399999999996,,0.063488,0.24243199999999998,0,0.225024,0.004096,0.037376,,0.002304,,1.627136,7101,487,0,
7102,80.382788903061225,1361477003005,1,8.2211028784513474,8.3683,6.23872,3.7986,14551,0.001024,0.385536,,0.063232,0.242944,0,0.22527999999999998,0.0084479999999999989,0.039936,,0.002304,,1.816576,7102,488,0,
7103,80.390119302721089,1361477086688,1,7.3303994722664356,18.2365,5.50144,2.971,14551,0.001024,0.48409599999999997,,0.063232,0.242176,0.000256,0.224512,0.0076799999999999993,0.039424,,0.002048,,1.387008,7103,489,0,
7104,80.398893303571427,1361477269053,1,8.7740011513233185,9.291,5.825024,3.5632,14551,0.001024,0.38911999999999997,,0.063232,0.24012799999999998,0,0.222464,0.007936,0.040959999999999996,,0.002304,,1.80096,7104,490,0,
7105,80.44170590277777,1361477361963,1,42.81260073184967,5.82,5.344256,2.7351,278116,0.0012799999999999999,0.38323199999999996,,0.063232,0.245504,0.000256,0.228096,0.012288,0.041728,,0.002048,,1.4010879999999999,7105,491,0,
7106,80.468535402494325,1361477420163,1,26.829499751329422,10.1727,5.935104,3.6083,329919,0.001024,0.380416,,0.062464,0.24064,0,0.22272,0.003072,0.038655999999999996,,0.002304,,1.801216,7106,492,0,
7107,80.515250602324258,1361477521890,1,46.715199947357178,9.5139,6.046976,5.0464,14551,0.001024,0.38195199999999996,,0.06272,0.239872,0,0.222208,0.007936,0.035328,,0.002304,,1.890304,7107,493,0,
7108,80.525698703231285,1361477617029,1,10.448100976645947,55.9296,,4.518,14746,0.001024,0.38195199999999996,,0.06272,0.239872,0,0.222208,0.007936,0.035328,,0.002304,,1.890304,7108,494,0,
7109,80.532512698412688,1361478176325,1,6.813995074480772,50.0056,5.77408,3.4494,14551,0.001024,0.37888,,0.06272,0.239616,0,0.22195199999999998,0.0076799999999999993,0.040704,,0.002304,,1.7940479999999999,7109,495,0,
7110,80.540163003117911,1361478676381,1,7.6503045856952667,10.8372,5.3632,3.0227,14603,0.001024,0.382976,,0.06297599999999999,0.24447999999999998,0,0.22655999999999998,0.003328,0.040448,,0.002048,,1.39008,7110,496,0,
7111,80.546811798469378,1361478784753,1,6.6487952135503292,7.2875,6.024448,3.1737,14551,0.001024,0.382208,,0.063232,0.23577599999999999,0,0.21862399999999999,0.004352,0.037888,,0.0025599999999999998,,1.7738239999999998,7111,497,0,
7112,80.562234601757368,1361478857628,1,15.422803349792957,6.31,5.833472,3.3465,14753,0.001024,0.377088,,0.061439999999999995,0.24575999999999998,0.000256,0.228096,0.0076799999999999993,0.039424,,0.002048,,1.69088,7112,498,0,
7113,80.587701098356,1361478920728,1,25.466496124863625,7.9588,5.567744,3.0923,14551,0.0012799999999999999,0.384,,0.063232,0.246272,0.000256,0.22886399999999998,0.0038399999999999997,0.040192,,0.002048,,1.6399359999999998,7113,499,0,
7114,80.595199298469382,1361479000316,1,7.4982000514864922,6.2213,6.048768,4.3284,14551,0.001024,0.391424,,0.06297599999999999,0.23936,0,0.22195199999999998,0.0076799999999999993,0.036351999999999995,,0.002816,,1.78304,7114,500,0,
7115,80.6187794005102,1361479062529,1,23.580102249979973,34.1707,5.922048,3.6201,14551,0.001024,0.378368,,0.063488,0.24012799999999998,0,0.222208,0.005632,0.040448,,0.002048,,1.796096,7115,501,0,
7116,80.630084800170067,1361479404236,1,11.305399239063263,7.2306,6.076928,3.0727,14551,0.001024,0.37888,,0.063488,0.23679999999999998,0,0.21888,0.0076799999999999993,0.0384,,0.002304,,2.048,7116,502,0,
7117,80.6493086026077,1361479476542,1,19.223801791667938,12.4628,5.445376,3.7966,15269,0.001024,0.383744,,0.061952,0.24575999999999998,0,0.22758399999999998,0.0076799999999999993,0.038655999999999996,,0.002048,,1.3875199999999999,7117,503,0,
7118,80.69141809807256,1361479601170,1,42.109496891498566,22.7809,,3.7635,14746,0.001024,0.383744,,0.061952,0.24575999999999998,0,0.22758399999999998,0.0076799999999999993,0.038655999999999996,,0.002048,,1.3875199999999999,7118,504,0,
7119,80.707288803854865,1361479828979,1,15.870705246925354,17.7555,5.432064,3.1732,14551,0.0012799999999999999,0.37990399999999996,,0.06297599999999999,0.244224,0,0.226816,0.008192,0.038911999999999995,,0.002304,,1.697536,7119,505,0,
7120,80.715965199829924,1361480006534,1,8.6763957515358925,42.4272,5.103104,3.9351,14551,0.0012799999999999999,0.37888,,0.061183999999999995,0.23782399999999998,0,0.22144,0.007424,0.040704,,0.002304,,1.388544,7120,506,0,
7121,80.723418998015873,1361480430806,1,7.4537983164191246,17.3294,6.06592,3.3941,14551,0.001024,0.47155199999999997,,0.061695999999999994,0.233728,0,0.218112,0.0076799999999999993,0.037376,,0.001536,,1.387776,7121,507,0,
7122,80.72982300170068,1361480604100,1,6.404003594070673,6.0335,5.828864,3.3391,14551,0.001024,0.37888,,0.061439999999999995,0.244224,0.000256,0.226048,0.010752,0.03968,,0.002304,,1.403392,7122,508,0,
7123,80.737559204931969,1361480664435,1,7.7362032607197762,10.1372,5.313536,3.1458,14551,0.001024,0.37888,,0.061439999999999995,0.244224,0.000256,0.226048,0.010752,0.03968,,0.002304,,1.403392,7123,509,0,
7124,80.7444919005102,1361480765807,1,6.9326953962445259,6.7101,6.61376,3.1016,14603,0.000768,0.380928,,0.065024,0.24243199999999998,0.000256,0.225024,0.003328,0.038144,,0.002048,,1.7971199999999998,7124,510,0,
7125,80.759389200680275,1361480832908,1,14.8972999304533,6.8206,5.87776,3.3007,14551,0.000768,0.380928,,0.065024,0.24243199999999998,0.000256,0.225024,0.003328,0.038144,,0.002048,,1.7971199999999998,7125,511,0,
7126,80.766443898809527,1361480901114,1,7.0546981878578663,7.7921,5.704448,2.9244,14551,0.0012799999999999999,0.381696,,0.06297599999999999,0.237568,0.000256,0.219904,0.011007999999999999,0.04224,,0.002048,,1.7971199999999998,7126,512,0,
7127,80.775890199829931,1361480979035,1,9.4463005661964417,14.0717,5.472,3.4227,14753,0.001024,0.3776,,0.062464,0.247808,0,0.22988799999999998,0.007424,0.038911999999999995,,0.002048,,1.733376,7127,513,0,
7128,80.786683297902485,1361481119752,1,10.793098248541355,7.7388,5.740544,3.1927,14551,0.001024,0.385024,,0.063488,0.239872,0.000256,0.22169599999999998,0.0084479999999999989,0.040192,,0.002048,,1.392128,7128,514,0,
7129,80.8000202026644,1361481197140,1,13.336904346942902,9.3265,5.481216,3.401,14551,0.001024,0.382976,,0.063488,0.24012799999999998,0,0.222464,0.0063999999999999994,0.033535999999999996,,0.0025599999999999998,,1.3941759999999999,7129,515,0,
7130,80.806109899376409,1361481290405,1,6.0896966606378555,5.7037,5.526784,3.4092,14551,0.001024,0.385024,,0.063232,0.24345599999999998,0,0.225792,0.0076799999999999993,0.037632,,0.002304,,1.61536,7130,516,0,
7131,80.813092403628119,1361481347442,1,6.9825043901801109,18.3354,5.59232,3.4305,14551,0.001024,0.380416,,0.062208,0.24140799999999998,0.000256,0.225536,0.007936,0.041728,,0.002048,,1.622784,7131,517,0,
7132,80.8204411989796,1361481530796,1,7.3487954214215279,6.1038,6.208,3.1621,14551,0.001024,0.38118399999999997,,0.063488,0.246272,0,0.22860799999999998,0.0084479999999999989,0.041471999999999995,,0.002048,,2.152704,7132,518,0,
7133,80.827105803571428,1361481591834,1,6.664604414254427,6.2119,6.426112,3.3266,14551,0.001024,0.379648,,0.06912,0.24115199999999998,0,0.22195199999999998,0.003328,0.039168,,0.002816,,2.07872,7133,519,0,
7134,80.834101098356,1361481653953,1,6.9952947087585926,8.4762,6.062336,2.8209,14551,0.001024,0.472832,,0.063488,0.24831999999999999,0,0.2304,0.007424,0.038655999999999996,,0.002304,,1.639168,7134,520,0,
7135,80.846133503401362,1361481738715,1,12.032405473291874,5.2607,,3.3592,14746,0.001024,0.472832,,0.063488,0.24831999999999999,0,0.2304,0.007424,0.038655999999999996,,0.002304,,1.639168,7135,521,0,
7136,80.854344203514742,1361481791322,1,8.2107000052928925,8.0355,5.765888,3.2195,14551,0.001024,0.382976,,0.06297599999999999,0.24243199999999998,0,0.224768,0.004608,0.039424,,0.002304,,1.391104,7136,522,0,
7137,80.864492899659865,1361481871677,1,10.148696601390839,10.1804,5.301248,3.3761,14753,0.001024,0.39039999999999997,,0.06297599999999999,0.24140799999999998,0,0.22425599999999998,0.0038399999999999997,0.037632,,0.002304,,1.3957119999999998,7137,523,0,
7138,80.885287202380951,1361481973481,1,20.794302225112915,10.1273,5.372416,3.1598,14551,0.001024,0.39039999999999997,,0.06297599999999999,0.24140799999999998,0,0.22425599999999998,0.0038399999999999997,0.037632,,0.002304,,1.3957119999999998,7138,524,0,
7139,80.893512400793654,1361482074754,1,8.2251988351345062,8.7764,5.771008,3.4935,14551,0.001024,0.381696,,0.063488,0.24447999999999998,0,0.227328,0.0097279999999999988,0.039936,,0.002304,,1.61536,7139,525,0,
7140,80.905169401927438,1361482162518,1,11.657001450657845,20.5637,5.8304,3.4187,14551,0.0012799999999999999,0.379392,,0.062464,0.24371199999999998,0,0.228096,0.008192,0.03968,,0.002048,,1.6166399999999999,7140,526,0,
7141,80.913287599206342,1361482368155,1,8.1181973218917847,10.0816,5.988864,4.5798,14551,0.001792,0.385536,,0.06297599999999999,0.24243199999999998,0,0.224768,0.0063999999999999994,0.041471999999999995,,0.002048,,1.6048639999999998,7141,527,0,
7142,80.930133602607711,1361482468971,1,16.846003010869026,11.3453,6.086912,2.6814,14551,0.001024,0.473344,,0.063232,0.24012799999999998,0,0.22297599999999998,0.008192,0.038655999999999996,,0.002048,,1.606144,7142,528,0,
7143,80.937398504818589,1361482582424,1,7.2649023495614529,6.9121,6.008576,3.6707,20335,0.001024,0.378368,,0.061695999999999994,0.24575999999999998,0.000256,0.228096,0.007936,0.040704,,0.002048,,1.644544,7143,529,0,
7144,80.944131604308382,1361482651545,1,6.7330994643270969,18.0415,5.293824,2.9815,14551,0.001024,0.37990399999999996,,0.062208,0.237056,0,0.22144,0.0076799999999999993,0.036608,,0.002304,,1.408,7144,530,0,
7145,80.954217602040814,1361482831960,1,10.085998103022575,7.118,6.094336,3.1569,14603,0.001024,0.38783999999999996,,0.063744,0.237056,0,0.219904,0.008192,0.037888,,0.002048,,1.7571839999999999,7145,531,0,
7146,80.964850403911555,1361482903140,1,10.632801800966263,6.0951,5.43872,3.4486,38702,0.001024,0.380672,,0.061952,0.240896,0.000256,0.22323199999999999,0.0076799999999999993,0.0384,,0.002048,,2.003968,7146,532,0,
7147,80.97738340419501,1361482964091,1,12.53300067037344,9.8585,5.957888,3.4595,21308,0.001024,0.380672,,0.061952,0.240896,0.000256,0.22323199999999999,0.0076799999999999993,0.0384,,0.002048,,2.003968,7147,533,0,
7148,80.984660104875275,1361483062676,1,7.2767008095979691,11.5966,5.449728,2.9659,14551,0.001024,0.385536,,0.06297599999999999,0.240384,0,0.222464,0.005632,0.038144,,0.002048,,1.71264,7148,534,0,
7149,80.992100503117911,1361483178642,1,7.4403984472155571,11.2218,5.778944,3.6065,14551,0.001024,0.470784,,0.06297599999999999,0.23807999999999999,0,0.22067199999999998,0.007936,0.038144,,0.002048,,1.708032,7149,535,0,
7150,80.998878500566889,1361483290860,1,6.7779975943267345,8.8438,5.774336,3.3701,14746,0.001024,0.380416,,0.063232,0.241664,0,0.22399999999999998,0.007936,0.038655999999999996,,0.002048,,1.7820159999999998,7150,536,0,
7151,81.00588820153061,1361483379298,1,7.0097008720040321,6.1604,5.51808,3.2385,14551,0.001024,0.391936,,0.063488,0.24140799999999998,0.000256,0.22399999999999998,0.0038399999999999997,0.041215999999999996,,0.0025599999999999998,,1.388032,7151,537,0,
7152,81.01357470238095,1361483440902,1,7.6865009032189846,7.7601,5.728512,3.2127,14551,0.001024,0.391936,,0.063488,0.24140799999999998,0.000256,0.22399999999999998,0.0038399999999999997,0.041215999999999996,,0.0025599999999999998,,1.388032,7152,538,0,
7153,81.020466000566884,1361483518503,1,6.8912981078028679,7.5053,6.009344,3.2075,14551,0.001024,0.39500799999999997,,0.06297599999999999,0.24703999999999998,0,0.22912,0.012544,0.040959999999999996,,0.002304,,1.8170879999999998,7153,539,0,
7154,81.038939498299314,1361483593556,1,18.473498523235321,6.6954,5.559296,2.9883,19845,0.001024,0.38783999999999996,,0.063232,0.242944,0,0.22527999999999998,0.007936,0.038911999999999995,,0.002304,,1.60768,7154,540,0,
7155,81.049103004535141,1361483660510,1,10.163506492972374,7.7657,6.063104,3.1714,14551,0.0012799999999999999,0.38195199999999996,,0.063744,0.245504,0,0.228096,0.007936,0.036351999999999995,,0.002048,,1.78304,7155,541,0,
7156,81.055334800170058,1361483738167,1,6.2317955307662487,5.6843,6.377728,3.7757,14551,0.001024,0.38016,,0.062464,0.242176,0,0.22655999999999998,0.008192,0.040959999999999996,,0.002304,,1.408512,7156,542,0,
7157,81.064123200113372,1361483795010,1,8.7884003296494484,22.4783,5.358336,3.4049,14898,0.001024,0.38016,,0.062464,0.242176,0,0.22655999999999998,0.008192,0.040959999999999996,,0.002304,,1.408512,7157,543,0,
7158,81.084533900226759,1361484019793,1,20.410699769854546,6.7113,5.431296,3.2252,18002,0.001024,0.38195199999999996,,0.063488,0.24192,0,0.22425599999999998,0.003584,0.037376,,0.002304,,1.794816,7158,544,0,
7159,81.0942906037415,1361484086906,1,9.7567038610577583,7.7339,5.537792,3.7747,30086,0.001024,0.38195199999999996,,0.063488,0.24192,0,0.22425599999999998,0.003584,0.037376,,0.002304,,1.794816,7159,545,0,
7160,81.102024199263042,1361484164245,1,7.7335955575108528,20.8857,5.201408,3.6769,14551,0.001024,0.470528,,0.062208,0.247808,0.000256,0.22988799999999998,0.0084479999999999989,0.039168,,0.002304,,1.387008,7160,546,0,
7161,81.1087373015873,1361484373102,1,6.7131021060049534,9.2583,6.031872,2.9975,62861,0.001024,0.382976,,0.063488,0.2432,0,0.22527999999999998,0.003584,0.039936,,0.002304,,1.699072,7161,547,0,
7162,81.115888803854872,1361484465685,1,7.1515021845698357,8.6416,5.547008,3.2529,14551,0.001024,0.38451199999999996,,0.063744,0.24371199999999998,0.000256,0.225792,0.003584,0.035584,,0.002048,,1.816576,7162,548,0,
7163,81.122959502551012,1361484552101,1,7.0706987753510475,7.0252,6.136832,3.5203,14551,0.001024,0.380928,,0.061952,0.239616,0,0.22195199999999998,0.0076799999999999993,0.040192,,0.002048,,2.03008,7163,549,0,
7164,81.1370713010204,1361484622353,1,14.111798256635666,6.8093,5.451264,3.7849,15067,0.001024,0.48768,,0.063488,0.236032,0,0.217856,0.007936,0.0384,,0.0025599999999999998,,1.387008,7164,550,0,
7165,81.177363803854874,1361484690446,1,40.292501449584961,7.1059,,3.2004,15145,0.001024,0.48768,,0.063488,0.236032,0,0.217856,0.007936,0.0384,,0.0025599999999999998,,1.387008,7165,551,0,
7166,81.203376403061228,1361484761505,1,26.0125994682312,5.8189,5.882112,3.1871,14551,0.001024,0.379648,,0.063488,0.241664,0,0.224512,0.008192,0.039424,,0.002048,,1.3890559999999998,7166,552,0,
7167,81.209884998582766,1361484819694,1,6.508595310151577,33.6811,6.095104,4.3476,14551,0.001024,0.385024,,0.062464,0.23551999999999998,0,0.21964799999999998,0.003584,0.038911999999999995,,0.002048,,1.915136,7167,553,0,
7168,81.2169794005102,1361485156505,1,7.0944018661975861,40.5883,5.13024,3.3312,14551,0.001024,0.384768,,0.063488,0.242176,0,0.224512,0.007936,0.040448,,0.002304,,1.654528,7168,554,0,
7169,81.224168700396817,1361485562388,1,7.1892999112606049,6.6315,5.814784,3.1395,14551,0.001024,0.384,,0.063488,0.239616,0,0.222208,0.008192,0.040959999999999996,,0.002304,,1.821952,7169,555,0,
7170,81.246865901360536,1361485628703,1,22.697200998663902,7.2923,6.006528,3.5392,14551,0.001024,0.384,,0.063488,0.239616,0,0.222208,0.008192,0.040959999999999996,,0.002304,,1.821952,7170,556,0,
7171,81.264625899943312,1361485701626,1,17.759999260306358,6.5679,5.349888,4.1666,14551,0.001024,0.47027199999999997,,0.061695999999999994,0.24601599999999998,0,0.228096,0.0076799999999999993,0.038911999999999995,,0.002304,,1.382912,7171,557,0,
7172,81.2719580994898,1361485767305,1,7.3321997188031673,21.8237,5.560064,4.0388,14753,0.001024,0.380416,,0.062208,0.24115199999999998,0.000256,0.225536,0.0076799999999999993,0.036864,,0.002048,,1.8242559999999999,7172,558,0,
7173,81.29802840136054,1361485985542,1,26.070302352309227,18.8288,,3.7097,14551,0.001024,0.380416,,0.062208,0.24115199999999998,0.000256,0.225536,0.0076799999999999993,0.036864,,0.002048,,1.8242559999999999,7173,559,0,
7174,81.308886798469388,1361486173830,1,10.858396999537945,7.6033,5.954816,3.0697,14551,0.001024,0.379648,,0.061695999999999994,0.24064,0,0.22272,0.007424,0.04224,,0.002304,,1.888256,7174,560,0,
7175,81.317300800736959,1361486249863,1,8.4140021353960037,22.9266,5.159168,3.7662,14746,0.001024,0.468736,,0.061439999999999995,0.237312,0,0.219392,0.003072,0.041728,,0.002304,,1.3859839999999999,7175,561,0,
7176,81.324227104591827,1361486479129,1,6.92630372941494,14.0262,5.682944,3.524,14551,0.001024,0.379648,,0.065279999999999991,0.243968,0,0.22758399999999998,0.007424,0.040704,,0.002304,,1.4090239999999998,7176,562,0,
7177,81.332743098072555,1361486619391,1,8.515993133187294,8.2502,5.981952,2.9179,14551,0.001024,0.387328,,0.063232,0.24575999999999998,0.000256,0.22784,0.0076799999999999993,0.038911999999999995,,0.002304,,1.402112,7177,563,0,
7178,81.340589604591827,1361486701893,1,7.84650631248951,7.1889,5.350144,3.4706,14551,0.001024,0.387328,,0.063232,0.24575999999999998,0.000256,0.22784,0.0076799999999999993,0.038911999999999995,,0.002304,,1.402112,7178,564,0,
7179,81.346410303287982,1361486773782,1,5.8206985704600811,6.9964,6.022144,2.7915,14551,0.001024,0.38144,,0.062208,0.24473599999999998,0,0.227328,0.007424,0.037376,,0.002048,,2.067456,7179,565,0,
7180,81.353058099489786,1361486843746,1,6.6477963700890541,8.7976,6.009088,2.5669,14551,0.000768,0.383488,,0.063744,0.24140799999999998,0.000256,0.223488,0.00896,0.039424,,0.002048,,1.406208,7180,566,0,
7181,81.362195797902487,1361486931722,1,9.1376984491944313,6.6274,5.648384,3.4131,14551,0.000768,0.383488,,0.063744,0.24140799999999998,0.000256,0.223488,0.00896,0.039424,,0.002048,,1.406208,7181,567,0,
7182,81.36919050453514,1361486997996,1,6.9947065785527229,6.5676,5.970688,2.5201,14603,0.001024,0.377088,,0.061439999999999995,0.24192,0.000256,0.224768,0.007424,0.038655999999999996,,0.002048,,1.7571839999999999,7182,568,0,
7183,81.376801700680275,1361487063672,1,7.6111960224807262,5.6932,5.484544,3.2301,14551,0.001024,0.3776,,0.061952,0.24140799999999998,0,0.223488,0.0076799999999999993,0.0384,,0.002048,,1.587712,7183,569,0,
7184,81.38320670351473,1361487120604,1,6.4050029031932354,10.3203,6.29376,3.3338,14753,0.001024,0.380928,,0.062208,0.23936,0,0.22297599999999998,0.007936,0.036608,,0.002304,,2.1457919999999997,7184,570,0,
7185,81.389834700963718,1361487223807,1,6.6279973834753036,6.4402,5.500672,3.2055,14551,0.001024,0.384768,,0.063744,0.235264,0,0.2176,0.0076799999999999993,0.0384,,0.002048,,1.721088,7185,571,0,
7186,81.398295301870746,1361487288209,1,8.46060086041689,7.8101,5.512448,2.757,14551,0.0012799999999999999,0.38707199999999997,,0.063488,0.245248,0.000256,0.22758399999999998,0.0076799999999999993,0.041728,,0.002048,,1.4090239999999998,7186,572,0,
7187,81.404998901643992,1361487366310,1,6.7035998217761517,6.3183,6.020096,2.7038,14551,0.001024,0.384768,,0.063488,0.24371199999999998,0,0.22630399999999998,0.0076799999999999993,0.040192,,0.002304,,1.391872,7187,573,0,
7188,81.411443204365071,1361487429493,1,6.4443028531968594,5.7047,6.176256,3.1535,14551,0.001024,0.38579199999999997,,0.062464,0.2432,0,0.225536,0.0076799999999999993,0.039936,,0.002048,,1.9560959999999998,7188,574,0,
7189,81.422608198696139,1361487486540,1,11.164993979036808,9.3941,5.527808,3.2892,14551,0.001024,0.48128,,0.063232,0.246272,0.000256,0.228352,0.0084479999999999989,0.039424,,0.002048,,1.4090239999999998,7189,575,0,
7190,81.430788598356,1361487580481,1,8.1803994253277779,6.3491,5.739776,2.9462,14551,0.001024,0.48128,,0.063232,0.246272,0.000256,0.228352,0.0084479999999999989,0.039424,,0.002048,,1.4090239999999998,7190,576,0,
7191,81.439126700680262,1361487643972,1,8.3381021395325661,6.473,5.58208,3.537,14551,0.001024,0.384,,0.06272,0.242688,0,0.225024,0.007424,0.039936,,0.002048,,1.392128,7191,577,0,
7192,81.45108280187074,1361487708702,1,11.956101283431053,11.7422,5.886976,3.1909,14551,0.001024,0.491008,,0.064,0.244992,0,0.22758399999999998,0.0076799999999999993,0.040192,,0.002048,,1.81632,7192,578,0,
7193,81.461675,1361487826124,1,10.592197999358177,9.8122,5.686528,3.332,14551,0.001024,0.38451199999999996,,0.062208,0.24806399999999998,0.000256,0.230144,0.0076799999999999993,0.0384,,0.002048,,1.9548159999999999,7193,579,0,
7194,81.475364703798178,1361487924246,1,13.689704239368439,7.1685,5.993728,3.8116,14746,0.001024,0.39424,,0.06297599999999999,0.23936,0,0.221184,0.008192,0.03968,,0.002048,,1.3875199999999999,7194,580,0,
7195,81.486836004818585,1361487995931,1,11.471301317214966,14.1508,5.403648,3.7439,21163,0.001024,0.38195199999999996,,0.06297599999999999,0.24473599999999998,0,0.227328,0.003328,0.037632,,0.002048,,1.39008,7195,581,0,
7196,81.4937610048186,1361488137439,1,6.9249998778104782,13.9898,5.510656,3.7386,14551,0.001024,0.38195199999999996,,0.06297599999999999,0.24473599999999998,0,0.227328,0.003328,0.037632,,0.002048,,1.39008,7196,582,0,
7197,81.502359601757362,1361488277337,1,8.5985967889428139,10.7989,6.192896,2.8355,14551,0.001024,0.380928,,0.06297599999999999,0.238592,0,0.22092799999999999,0.003328,0.037632,,0.002304,,1.834496,7197,583,0,
7198,81.508309800170068,1361488385326,1,5.9501985087990761,7.5973,5.68064,2.9552,14551,0.001024,0.38144,,0.063232,0.24447999999999998,0,0.22655999999999998,0.007936,0.037376,,0.002048,,1.606912,7198,584,0,
7199,81.5157582979025,1361488461299,1,7.4484976939857006,9.4687,5.541376,3.0238,14551,0.001024,0.380416,,0.063232,0.238336,0,0.22092799999999999,0.011264,0.037632,,0.0025599999999999998,,1.816832,7199,585,0,
7200,81.530076403061216,1361488555986,1,14.318104833364487,6.1514,5.701632,4.0123,14551,0.001024,0.378112,,0.063488,0.24012799999999998,0,0.222464,0.007936,0.038144,,0.002816,,1.7354239999999999,7200,586,0,
7201,81.537422704081635,1361488617500,1,7.34630087390542,7.2988,6.131968,2.7191,14551,0.001024,0.38246399999999997,,0.063488,0.24371199999999998,0,0.22527999999999998,0.007936,0.040704,,0.002048,,1.785088,7201,587,0,
7202,81.544127104591837,1361488690488,1,6.7044002935290337,5.7719,5.82528,3.383,14551,0.001024,0.375552,,0.257536,0.246272,0,0.223488,0.0076799999999999993,0.040959999999999996,,0.002048,,1.3875199999999999,7202,588,0,
7203,81.552380803571424,1361488748207,1,8.2536991685628891,15.7414,5.676544,3.3899,14551,0.001024,0.38272,,0.06272,0.24703999999999998,0,0.22912,0.0076799999999999993,0.038655999999999996,,0.002048,,1.596928,7203,589,0,
7204,81.56654440192743,1361488905621,1,14.163598418235779,6.9778,5.481728,2.7959,14551,0.001024,0.39424,,0.063488,0.242944,0,0.22527999999999998,0.007936,0.038655999999999996,,0.002048,,1.711104,7204,590,0,
7205,81.57393360260771,1361488975399,1,7.38920085132122,5.3196,5.537792,3.4499,14603,0.001024,0.383744,,0.06272,0.241664,0,0.223744,0.008192,0.040448,,0.002048,,1.6081919999999998,7205,591,0,
7206,81.579856604308389,1361489028595,1,5.9230015613138676,16.6217,5.32864,3.0171,14753,0.001024,0.38246399999999997,,0.062464,0.245504,0.000256,0.228096,0.0076799999999999993,0.03968,,0.002048,,1.388032,7206,592,0,
7207,81.589107603458046,1361489194812,1,9.250999428331852,6.4685,5.43232,3.0832,14551,0.001024,0.386048,,0.064,0.23679999999999998,0,0.21862399999999999,0.007424,0.039424,,0.002048,,1.389568,7207,593,0,
7208,81.59615199829932,1361489259497,1,7.0443949662148952,7.2575,5.379584,3.1043,14551,0.001024,0.37888,,0.061952,0.26239999999999997,0,0.22758399999999998,0.008192,0.0384,,0.003072,,1.389824,7208,594,0,
7209,81.60789250283446,1361489332072,1,11.740504764020443,9.2552,6.059008,3.3913,14551,0.001024,0.37888,,0.061695999999999994,0.239872,0,0.22272,0.0076799999999999993,0.039168,,0.002048,,1.964032,7209,595,0,
7210,81.615649199263032,1361489424624,1,7.7566965483129025,6.2674,6.397952,3.4552,14551,0.001024,0.380928,,0.063488,0.23936,0.000256,0.22144,0.003584,0.038144,,0.002048,,2.231808,7210,596,0,
7211,81.623449199263035,1361489487298,1,7.799999788403511,12.3293,5.666816,3.5069,14551,0.001024,0.470016,,0.06272,0.23551999999999998,0,0.22016,0.0076799999999999993,0.039424,,0.002304,,1.8342399999999999,7211,597,0,
7212,81.637523200113378,1361489610591,1,14.074000529944897,7.887,5.801216,3.4035,14746,0.001024,0.386816,,0.063744,0.24575999999999998,0.000256,0.228096,0.0076799999999999993,0.041984,,0.002048,,1.6576,7212,598,0,
7213,81.645467403628118,1361489689461,1,7.9442039132118225,7.688,5.906176,3.4551,14551,0.001024,0.397312,,0.063744,0.24064,0,0.223488,0.0076799999999999993,0.037632,,0.0025599999999999998,,1.8457599999999998,7213,599,0,
7214,81.652268402777779,1361489766341,1,6.8009989336133,6.9464,5.380608,3.3702,14922,0.000768,0.386048,,0.062208,0.238592,0,0.22092799999999999,0.007424,0.040192,,0.002048,,1.391104,7214,600,0,
7215,81.658743998015865,1361489835805,1,6.4755952917039394,14.9471,5.554176,3.3823,14551,0.001024,0.37862399999999996,,0.063488,0.244992,0,0.227328,0.008192,0.038144,,0.002048,,1.8140159999999999,7215,601,0,
7216,81.671274100056692,1361489985276,1,12.530102394521236,7.1195,,3.0265,14551,0.001024,0.37862399999999996,,0.063488,0.244992,0,0.227328,0.008192,0.038144,,0.002048,,1.8140159999999999,7216,602,0,
7217,81.6779255031179,1361490056471,1,6.6514029167592525,5.2862,5.9072,3.2672,14551,0.001024,0.38272,,0.063488,0.23782399999999998,0,0.220416,0.008192,0.041471999999999995,,0.002048,,2.1125119999999997,7217,603,0,
7218,81.686148901643989,1361490109333,1,8.2233985885977745,13.2392,5.612288,3.2979,14898,0.001024,0.382976,,0.06272,0.240896,0.000256,0.22425599999999998,0.007936,0.041471999999999995,,0.002048,,1.39136,7218,604,0,
7219,81.705163300736956,1361490241725,1,19.014399498701096,7.098,,3.0825,14551,0.001024,0.382976,,0.06272,0.240896,0.000256,0.22425599999999998,0.007936,0.041471999999999995,,0.002048,,1.39136,7219,605,0,
7220,81.712844501133787,1361490312705,1,7.6812002807855606,8.0274,5.5808,3.1958,14551,0.001024,0.38118399999999997,,0.062208,0.242944,0.000256,0.22527999999999998,0.0076799999999999993,0.037632,,0.002048,,1.39136,7220,606,0,
7221,81.720520599489788,1361490392979,1,7.676098495721817,16.9499,,3.6444,14551,0.001024,0.38118399999999997,,0.062208,0.242944,0.000256,0.22527999999999998,0.0076799999999999993,0.037632,,0.002048,,1.39136,7221,607,0,
7222,81.7260790036848,1361490562478,1,5.5584041401743889,10.0116,5.581568,3.5146,14551,0.001024,0.38246399999999997,,0.06272,0.24345599999999998,0,0.226048,0.0076799999999999993,0.038655999999999996,,0.002048,,1.7953279999999998,7222,608,0,
7223,81.734014604591835,1361490662594,1,7.9356012865900993,7.5346,6.451456,3.3447,14551,0.001024,0.38246399999999997,,0.063744,0.24703999999999998,0,0.22912,0.0076799999999999993,0.037376,,0.003072,,1.4059519999999999,7223,609,0,
7224,81.7466079010771,1361490737940,1,12.593296356499195,5.8305,5.478656,3.2498,14551,0.001024,0.38246399999999997,,0.063744,0.24703999999999998,0,0.22912,0.0076799999999999993,0.037376,,0.003072,,1.4059519999999999,7224,610,0,
7225,81.757798802437634,1361490796245,1,11.190901510417461,7.7778,5.796352,3.3999,14551,0.001024,0.38323199999999996,,0.063488,0.242688,0,0.225024,0.0076799999999999993,0.037888,,0.002048,,1.3926399999999999,7225,611,0,
7226,81.771632100340128,1361490874023,1,13.833298347890377,8.4154,5.279488,3.908,14551,0.001024,0.380416,,0.064,0.24447999999999998,0,0.227072,0.009216,0.039424,,0.002048,,1.6483839999999998,7226,612,0,
7227,81.78765920493197,1361490958177,1,16.027104109525681,14.9889,5.840128,3.257,15000,0.001024,0.37888,,0.06272,0.24473599999999998,0.000256,0.22655999999999998,0.0076799999999999993,0.036864,,0.002048,,1.814528,7227,613,0,
7228,81.8026623015873,1361491108066,1,15.00309631228447,13.0893,5.581824,3.8969,14551,0.001024,0.37888,,0.06272,0.24473599999999998,0.000256,0.22655999999999998,0.0076799999999999993,0.036864,,0.002048,,1.814528,7228,614,0,
7229,81.813403599773238,1361491238959,1,10.741298086941242,15.969,5.900288,3.5416,14551,0.001024,0.384256,,0.062464,0.23679999999999998,0,0.22016,0.003584,0.036351999999999995,,0.002304,,1.7855999999999999,7229,615,0,
7230,81.82353319869614,1361491398649,1,10.129598900675774,15.1196,5.95456,2.9672,14551,0.0012799999999999999,0.381696,,0.06297599999999999,0.238336,0,0.22092799999999999,0.007936,0.036864,,0.002304,,2.0121599999999997,7230,616,0,
7231,81.832018501984123,1361491549845,1,8.48530326038599,11.4055,5.804288,3.8542,14551,0.001024,0.384256,,0.063232,0.23910399999999998,0,0.22144,0.003584,0.041215999999999996,,0.002304,,1.401856,7231,617,0,
7232,81.842739101473924,1361491663900,1,10.720599442720413,9.8536,5.386496,2.8635,14551,0.001024,0.385024,,0.063488,0.242944,0,0.225024,0.0076799999999999993,0.038655999999999996,,0.002304,,1.386752,7232,618,0,
7233,81.85469770408163,1361491762436,1,11.95860281586647,8.2659,5.460992,3.3528,14551,0.001024,0.385024,,0.063488,0.242944,0,0.225024,0.0076799999999999993,0.038655999999999996,,0.002304,,1.386752,7233,619,0,
7234,81.862305201247167,1361491845095,1,7.6074972748756409,11.295,5.330176,3.8628999999999998,14551,0.001024,0.38195199999999996,,0.063744,0.23423999999999998,0,0.216576,0.007936,0.037632,,0.002304,,1.392128,7234,620,0,
7235,81.8690998015873,1361491958045,1,6.7946002818644047,10.6928,5.120256,3.2545,14551,0.001024,0.38016,,0.063232,0.24115199999999998,0,0.223488,0.007936,0.038911999999999995,,0.002048,,1.6163839999999998,7235,621,0,
7236,81.887879202097508,1361492064973,1,18.779400736093521,8.9979,5.513728,3.2665,14753,0.001024,0.38016,,0.063232,0.24115199999999998,0,0.223488,0.007936,0.038911999999999995,,0.002048,,1.6163839999999998,7236,622,0,
7237,81.895128500566884,1361492154952,1,7.2492985054850578,6.531,5.36192,3.9442,14551,0.001024,0.38016,,0.063232,0.24575999999999998,0,0.225792,0.007936,0.037376,,0.002048,,1.386752,7237,623,0,
7238,81.903781001984129,1361492220262,1,8.6525017395615578,17.9956,5.298176,3.1449,14551,0.001024,0.382976,,0.063232,0.244992,0,0.227072,0.0076799999999999993,0.039936,,0.002304,,1.637376,7238,624,0,
7239,81.917443898809523,1361492400218,1,13.662897050380707,8.2923,6.107904,3.2297,14551,0.001024,0.382976,,0.063232,0.244992,0,0.227072,0.0076799999999999993,0.039936,,0.002304,,1.637376,7239,625,0,
7240,81.925818303571418,1361492483141,1,8.3744050934910774,7.9494,5.917952,3.6004,14551,0.001024,0.381696,,0.063488,0.23782399999999998,0,0.219904,0.003584,0.040192,,0.002048,,1.80096,7240,626,0,
7241,81.932673901644,1361492562635,1,6.85559818521142,11.7776,6.05696,4.3143,14551,0.001024,0.38527999999999996,,0.063488,0.24345599999999998,0,0.225536,0.0076799999999999993,0.035328,,0.002304,,1.82528,7241,627,0,
7242,81.939253004535146,1361492680411,1,6.579102948307991,10.5409,5.471488,3.5934,14746,0.0012799999999999999,0.39372799999999997,,0.06297599999999999,0.23296,0,0.215296,0.007936,0.03456,,0.002304,,1.7303039999999998,7242,628,0,
7243,81.946121598639451,1361492785820,1,6.8685943260788918,7.4108,5.956096,3.1857,14551,0.001024,0.38144,,0.063744,0.24601599999999998,0.000256,0.228096,0.007936,0.039168,,0.002048,,1.6417279999999999,7243,629,0,
7244,81.977410898526074,1361492859928,1,31.289298087358475,6.4117,5.594112,3.1546,14551,0.001024,0.383488,,0.063488,0.237056,0,0.21964799999999998,0.0063999999999999994,0.038911999999999995,,0.002048,,2.033408,7244,630,0,
7245,81.986430102040813,1361492924045,1,9.01920348405838,6.9674,5.824,4.1613,21163,0.001024,0.379648,,0.063488,0.41856,0,0.22425599999999998,0.0097279999999999988,0.039936,,0.002048,,1.404672,7245,631,0,
7246,81.996062400793647,1361492993719,1,9.6322987228631973,30.6684,5.300736,3.7118,14603,0.001024,0.38911999999999997,,0.063232,0.23782399999999998,0.000256,0.219904,0.007936,0.036864,,0.002048,,1.4074879999999999,7246,632,0,
7247,82.067636699263034,1361493300403,1,71.574300527572632,8.7732,,3.2244,14753,0.001024,0.385024,,0.063232,0.247296,0.000256,0.229632,0.0076799999999999993,0.041471999999999995,,0.002048,,1.9023359999999998,7247,633,0,
7248,82.10637030187074,1361493388135,1,38.733601570129395,9.0746,5.696768,3.9652,14746,0.001024,0.473856,,0.062208,0.237312,0,0.221184,0.0063999999999999994,0.038911999999999995,,0.002304,,1.72416,7248,634,0,
7249,82.151240504535139,1361493478881,1,44.870201498270035,72.2798,6.449152,3.8684,15269,0.001024,0.3776,,0.06272,0.243968,0,0.227072,0.007936,0.039936,,0.002048,,1.385472,7249,635,0,
7250,82.210492899659855,1361494201679,1,59.25239622592926,37.5759,5.325568,3.4823,14603,0.001024,0.379136,,0.06272,0.23936,0,0.22272,0.007936,0.0384,,0.002048,,1.6099839999999999,7250,636,0,
7251,82.277457603458046,1361494577438,1,66.964700818061829,10.3821,,4.5532,14948,0.001024,0.379136,,0.06272,0.23936,0,0.22272,0.007936,0.0384,,0.002048,,1.6099839999999999,7251,637,0,
7252,82.304353202947837,1361494681259,1,26.895599439740181,91.3014,5.792256,4.0845,14551,0.001024,0.470528,,0.062208,0.24012799999999998,0.000256,0.22297599999999998,0.0076799999999999993,0.040959999999999996,,0.002048,,1.3826559999999999,7252,638,0,
7253,82.332211500850335,1361495594273,1,27.858298271894455,51.573,5.382912,3.7294,14551,0.001024,0.470528,,0.062208,0.24012799999999998,0.000256,0.22297599999999998,0.0076799999999999993,0.040959999999999996,,0.002048,,1.3826559999999999,7253,639,0,
7254,82.3599830994898,1361496110003,1,27.7715977281332,45.7049,5.531648,4.5223,14551,0.001024,0.37862399999999996,,0.063488,0.24345599999999998,0,0.226048,0.007936,0.03584,,0.0025599999999999998,,1.391616,7254,640,0,
7255,82.368164002267577,1361496567052,1,8.18090233951807,26.5639,5.780736,3.0341,14551,0.001024,0.375808,,0.06272,0.233728,0,0.21606399999999998,0.0076799999999999993,0.039168,,0.002048,,1.6701439999999999,7255,641,0,
7256,82.374703599773241,1361496832691,1,6.5395976416766644,9.0796,5.623808,3.8902,14551,0.001024,0.37888,,0.061952,0.243968,0,0.226048,0.0076799999999999993,0.041215999999999996,,0.002048,,1.631232,7256,642,0,
7257,82.3816501984127,1361496923487,1,6.9465986452996731,28.6138,5.420288,3.9338,14551,0.0012799999999999999,0.472064,,0.061952,0.23936,0,0.22195199999999998,0.007424,0.03968,,0.002048,,1.405184,7257,643,0,
7258,82.387614200680275,1361497209625,1,5.9640021063387394,7.0984,5.699584,3.1094,32324,0.001024,0.37785599999999997,,0.063488,0.242688,0.000256,0.225024,0.007936,0.039424,,0.002304,,1.741056,7258,644,0,
7259,82.403086500850335,1361497280609,1,15.472300350666046,5.6653,5.695232,5.6653,28936,0.001024,0.37785599999999997,,0.063488,0.242688,0.000256,0.225024,0.007936,0.039424,,0.002304,,1.741056,7259,645,0,
7260,82.413400099206342,1361497337262,1,10.313598439097404,6.9775,5.904896,2.8735,14798,0.001024,0.379648,,0.062464,0.240384,0.000256,0.22272,0.007424,0.039424,,0.002048,,1.9596799999999999,7260,646,0,
7261,82.431978401360539,1361497407037,1,18.57830211520195,11.8789,5.279232,3.8603,20335,0.001024,0.38527999999999996,,0.064256,0.23782399999999998,0,0.22016,0.008192,0.040704,,0.002304,,1.386752,7261,647,0,
7262,82.45037120181405,1361497525826,1,18.392801284790039,10.6055,5.916672,2.9802,14551,0.001024,0.37504,,0.062208,0.242176,0.000256,0.22425599999999998,0.0076799999999999993,0.041215999999999996,,0.002048,,1.609216,7262,648,0,
7263,82.469765901360546,1361497631881,1,19.394699484109879,11.2823,5.758464,4.0505,50288,0.0012799999999999999,0.3776,,0.062208,0.23551999999999998,0,0.21964799999999998,0.007424,0.039168,,0.001792,,1.389568,7263,649,0,
7264,82.486863499149663,1361497744704,1,17.097597941756248,19.3257,5.089536,3.9499,28107,0.0012799999999999999,0.37990399999999996,,0.06272,0.23782399999999998,0,0.221184,0.0076799999999999993,0.036864,,0.002304,,2.1493759999999997,7264,650,0,
7265,82.509705102040812,1361497937961,1,22.841602563858032,22.4346,5.872384,3.9764,280819,0.001024,0.470016,,0.06272,0.23551999999999998,0,0.21964799999999998,0.007936,0.041215999999999996,,0.002048,,1.811712,7265,651,0,
7266,82.539091602891148,1361498162307,1,29.386501759290695,19.5262,6.071296,3.2285,196305,0.001024,0.470016,,0.06272,0.23551999999999998,0,0.21964799999999998,0.007936,0.041215999999999996,,0.002048,,1.811712,7266,652,0,
7267,82.546202898242626,1361498357569,1,7.1112951263785362,11.8972,5.49504,3.4736,30861,0.001024,0.37888,,0.062208,0.24115199999999998,0,0.223744,0.009472,0.040959999999999996,,0.002304,,1.60128,7267,653,0,
7268,82.55289270124716,1361498476541,1,6.689803209155798,43.6746,5.647872,4.1007,14551,0.001024,0.380928,,0.06297599999999999,0.24345599999999998,0,0.225536,0.008192,0.038144,,0.002048,,1.575168,7268,654,0,
7269,82.558611004818587,1361498913287,1,5.7183033786714077,8.2107,5.270016,3.1529,14551,0.001024,0.380416,,0.062208,0.237312,0,0.21964799999999998,0.007424,0.040192,,0.002048,,1.385216,7269,655,0,
7270,82.566320301870746,1361498995394,1,7.7092968858778477,5.5796,5.432832,3.822,17660,0.001024,0.38118399999999997,,0.064256,0.239872,0,0.222208,0.0076799999999999993,0.038655999999999996,,0.002304,,1.4090239999999998,7270,656,0,
7271,82.572567800453513,1361499051190,1,6.24749856069684,6.6831,5.941248,3.1043,17465,0.001024,0.380672,,0.061439999999999995,0.23910399999999998,0,0.221184,0.0084479999999999989,0.037888,,0.002048,,1.782784,7271,657,0,
7272,82.57868470096372,1361499118021,1,6.1169005930423737,6.9579,5.479424,2.8965,38640,0.001024,0.379136,,0.061183999999999995,0.247296,0,0.22886399999999998,0.007424,0.040959999999999996,,0.002304,,1.41184,7272,658,0,
7273,82.5861494047619,1361499187600,1,7.4647036381065845,6.2236,5.39008,3.9519,14551,0.001024,0.386304,,0.063232,0.240896,0,0.22297599999999998,0.007936,0.041471999999999995,,0.002048,,1.404672,7273,659,0,
7274,82.5927,1361499249836,1,6.5505951642990112,6.8166,5.30816,3.1396,30188,0.001024,0.38323199999999996,,0.061183999999999995,0.238336,0.000256,0.220416,0.0076799999999999993,0.039168,,0.002304,,1.40672,7274,660,0,
7275,82.599181299603174,1361499318002,1,6.4812996424734592,7.6983,5.559808,3.4075,14551,0.001024,0.37785599999999997,,0.063744,0.24192,0,0.22425599999999998,0.0076799999999999993,0.037632,,0.002048,,1.4056959999999998,7275,661,0,
7276,82.607224100056683,1361499394985,1,8.04280024021864,5.7253,5.727232,3.4183,46891,0.001024,0.37785599999999997,,0.063744,0.24192,0,0.22425599999999998,0.0076799999999999993,0.037632,,0.002048,,1.4056959999999998,7276,662,0,
7277,82.613741198979582,1361499452238,1,6.5170987509191036,7.3043,5.663744,2.882,34008,0.001024,0.47615999999999997,,0.063488,0.23910399999999998,0.000256,0.22169599999999998,0.007936,0.040448,,0.002048,,1.8242559999999999,7277,663,0,
7278,82.632665603741486,1361499525281,1,18.924403935670853,7.1637,,3.413,21850,0.001024,0.47615999999999997,,0.063488,0.23910399999999998,0.000256,0.22169599999999998,0.007936,0.040448,,0.002048,,1.8242559999999999,7278,664,0,
7279,82.640434998582762,1361499596918,1,7.7693946659564972,7.3676,5.828864,2.5693,14551,0.001024,0.378112,,0.063232,0.24447999999999998,0,0.227072,0.0076799999999999993,0.036864,,0.002304,,2.0671999999999997,7279,665,0,
7280,82.661569302721091,1361499670594,1,21.134303882718086,18.2168,5.943808,3.7967,15414,0.001024,0.382208,,0.061695999999999994,0.24192,0,0.22425599999999998,0.0076799999999999993,0.0384,,0.002048,,1.584384,7280,666,0,
7281,82.699091404478452,1361499852762,1,37.522099912166595,8.2574,5.373952,4.4187,14551,0.001024,0.38527999999999996,,0.064256,0.24371199999999998,0.000256,0.225792,0.0076799999999999993,0.038655999999999996,,0.002048,,1.387776,7281,667,0,
7282,82.7078329010771,1361499935336,1,8.7414970621466637,15.3763,5.693696,4.9873,14551,0.001024,0.38527999999999996,,0.06297599999999999,0.24140799999999998,0.000256,0.22425599999999998,0.003328,0.040192,,0.002304,,1.79456,7282,668,0,
7283,82.717418098072557,1361500089099,1,9.58519708365202,42.1645,5.466112,3.7432,14551,0.001024,0.379136,,0.062208,0.246272,0,0.22860799999999998,0.007936,0.039424,,0.003072,,1.406208,7283,669,0,
7284,82.726509304138318,1361500510744,1,9.091205894947052,9.9132,6.019328,2.9539,14746,0.001024,0.378112,,0.061183999999999995,0.23910399999999998,0.000256,0.22297599999999998,0.00896,0.037632,,0.001792,,1.633792,7284,670,0,
7285,82.734431901927437,1361500609876,1,7.922598160803318,6.3683,6.00192,3.2478,14551,0.001024,0.384768,,0.062208,0.237056,0,0.22144,0.007936,0.038655999999999996,,0.002304,,1.575936,7285,671,0,
7286,82.75119780328798,1361500673559,1,16.765901818871498,11.9918,5.764608,3.4999,14551,0.001024,0.37785599999999997,,0.061439999999999995,0.242688,0.000256,0.224768,0.006656,0.039936,,0.002048,,1.787648,7286,672,0,
7287,82.761001502267575,1361500793477,1,9.80369932949543,8.2015,5.68192,3.1853,14551,0.001024,0.37785599999999997,,0.061439999999999995,0.242688,0.000256,0.224768,0.006656,0.039936,,0.002048,,1.787648,7287,673,0,
7288,82.771012202380945,1361500875492,1,10.010699741542339,15.9724,5.343744,3.7822,14551,0.0012799999999999999,0.386816,,0.064,0.24831999999999999,0.000256,0.230144,0.0076799999999999993,0.040192,,0.002048,,1.4056959999999998,7288,674,0,
7289,82.78528200113378,1361501035216,1,14.269798994064331,9.779,,3.0105,14551,0.0012799999999999999,0.386816,,0.064,0.24831999999999999,0.000256,0.230144,0.0076799999999999993,0.040192,,0.002048,,1.4056959999999998,7289,675,0,
7290,82.791640702947845,1361501133006,1,6.35870173573494,9.1712,6.30016,2.965,14753,0.001024,0.386048,,0.06297599999999999,0.240896,0.000256,0.22323199999999999,0.0084479999999999989,0.040192,,0.002048,,1.818368,7290,676,0,
7291,82.79795070153061,1361501224718,1,6.30999868735671,15.6846,5.521408,3.1985,14551,0.0012799999999999999,0.37632,,0.06272,0.24192,0.000256,0.22425599999999998,0.0076799999999999993,0.042496,,0.002048,,1.6151039999999999,7291,677,0,
7292,82.804127203798188,1361501381564,1,6.17650244385004,6.6207,5.304576,3.912,14551,0.001024,0.39116799999999996,,0.063488,0.236288,0,0.21888,0.003328,0.038655999999999996,,0.002048,,1.386752,7292,678,0,
7293,82.8239464994331,1361501447771,1,19.819295033812523,6.1868,5.26464,3.1685,14603,0.001024,0.39116799999999996,,0.063488,0.236288,0,0.21888,0.003328,0.038655999999999996,,0.002048,,1.386752,7293,679,0,
7294,82.832408198696143,1361501509639,1,8.46169888973236,5.7588,5.27488,4.1604,14551,0.000768,0.38246399999999997,,0.063744,0.24447999999999998,0,0.22655999999999998,0.0038399999999999997,0.038655999999999996,,0.002304,,1.3952,7294,680,0,
7295,82.840316801303857,1361501567227,1,7.9086022451519966,18.9565,5.8920959999999996,3.4927,14551,0.001024,0.378112,,0.06272,0.245248,0,0.22758399999999998,0.003328,0.040959999999999996,,0.002048,,1.794304,7295,681,0,
7296,82.8477336026077,1361501756792,1,7.4168015271425247,9.7901,5.991936,3.4894,14551,0.001024,0.38118399999999997,,0.063232,0.237056,0.000256,0.219136,0.004096,0.040704,,0.002048,,1.6015359999999998,7296,682,0,
7297,82.853637400793644,1361501854693,1,5.9037981554865837,8.1619,5.84576,3.0344,14551,0.0012799999999999999,0.38527999999999996,,0.063232,0.245504,0,0.22758399999999998,0.0076799999999999993,0.037632,,0.002048,,1.8004479999999998,7297,683,0,
7298,82.879556001984128,1361501936312,1,25.918601080775261,5.8485,6.000384,3.3722,14551,0.001024,0.378112,,0.061695999999999994,0.41881599999999997,0,0.224768,0.009216,0.04224,,0.002048,,2.04032,7298,684,0,
7299,82.893094401927428,1361501994797,1,13.538399711251259,7.3489,5.974016,2.7037,14948,0.001024,0.468736,,0.062208,0.242944,0.000256,0.225536,0.003328,0.042496,,0.002048,,1.3905919999999998,7299,685,0,
7300,82.920320500283438,1361502068286,1,27.226097881793976,5.7373,5.769216,4.1988,14551,0.001024,0.468736,,0.062208,0.242944,0.000256,0.225536,0.003328,0.042496,,0.002048,,1.3905919999999998,7300,686,0,
7301,82.9281667020975,1361502125659,1,7.84620177000761,33.1633,5.320704,3.7825,14551,0.001024,0.37990399999999996,,0.063232,0.24192,0.000256,0.223744,0.007936,0.039936,,0.002048,,1.392128,7301,687,0,
7302,82.935102104591834,1361502457292,1,6.9354022853076458,27.2284,5.534464,3.5947,14551,0.001024,0.38246399999999997,,0.062208,0.233984,0,0.217856,0.007936,0.037888,,0.002304,,1.810176,7302,688,0,
7303,82.942285402494335,1361502729576,1,7.1832980029284954,8.2852,5.905664,3.5799,14551,0.001024,0.38195199999999996,,0.06272,0.23679999999999998,0,0.22144,0.008192,0.040704,,0.002048,,1.962496,7303,689,0,
7304,82.955686104024934,1361502812428,1,13.400701805949211,6.9363,5.32864,3.5438,14551,0.001024,0.37632,,0.061952,0.24140799999999998,0,0.223488,0.007936,0.03968,,0.002304,,1.403392,7304,690,0,
7305,82.964032603458051,1361502881791,1,8.3464998751878738,7.3312,5.94688,3.2415,14551,0.001024,0.38655999999999996,,0.06272,0.24064,0,0.22272,0.007424,0.038911999999999995,,0.002048,,1.660672,7305,691,0,
7306,82.976134304138313,1361502955103,1,12.101700529456139,6.5681,6.058496,4.3043,14551,0.0012799999999999999,0.379136,,0.062464,0.24140799999999998,0,0.22399999999999998,0.007424,0.038144,,0.002048,,1.598976,7306,692,0,
7307,82.988029903628117,1361503020784,1,11.895599775016308,15.0449,5.851648,3.1157,14753,0.001024,0.393216,,0.063744,0.40064,0,0.225792,0.0051199999999999996,0.036864,,0.002048,,1.70624,7307,693,0,
7308,83.0243963010204,1361503171233,1,36.366395652294159,6.6838,5.627392,2.8874,21013,0.001024,0.393216,,0.063744,0.40064,0,0.225792,0.0051199999999999996,0.036864,,0.002048,,1.70624,7308,694,0,
7309,83.032009601757366,1361503238071,1,7.6133008114993572,16.6277,5.593344,5.0793,14551,0.001024,0.38195199999999996,,0.063488,0.23910399999999998,0,0.22144,0.0076799999999999993,0.0384,,0.002304,,1.5746559999999998,7309,695,0,
7310,83.038531901927428,1361503404348,1,6.5223001874983311,35.3984,5.934592,3.5526,14551,0.001024,0.37785599999999997,,0.062208,0.236288,0,0.22016,0.0076799999999999993,0.041984,,0.002304,,1.938176,7310,696,0,
7311,83.045120103458046,1361503758332,1,6.5882015042006969,9.5259,5.88928,3.0434,14746,0.001024,0.386816,,0.06272,0.242688,0,0.22527999999999998,0.003584,0.035328,,0.0025599999999999998,,1.60256,7311,697,0,
7312,83.051754903628108,1361503853591,1,6.6348002292215824,6.5134,5.450496,3.2549,14551,0.001024,0.382976,,0.063232,0.244992,0.000256,0.22784,0.007936,0.039936,,0.002048,,1.404928,7312,698,0,
7313,83.063666801303853,1361503918725,1,11.911897920072079,6.4449,6.082048,3.0341,14551,0.003328,0.37529599999999996,,0.061439999999999995,0.242688,0,0.225024,0.007424,0.040448,,0.002304,,1.633792,7313,699,0,
7314,83.071286798469387,1361503983174,1,7.6199970208108425,6.4292,6.022912,3.0876,14551,0.001024,0.386048,,0.063232,0.23219199999999998,0,0.214784,0.0038399999999999997,0.034816,,0.002048,,1.6117759999999999,7314,700,0,
7315,83.0772792020975,1361504047466,1,5.992403719574213,6.1385,6.111744,3.0899,14551,0.001024,0.376832,,0.06272,0.246528,0.000256,0.22886399999999998,0.007424,0.039168,,0.002048,,1.606144,7315,701,0,
7316,83.086104499716555,1361504108851,1,8.8252974674105644,13.4067,6.045184,3.2148,14551,0.001024,0.47615999999999997,,0.063488,0.242176,0,0.225024,0.003584,0.040959999999999996,,0.002048,,1.740032,7316,702,0,
7317,83.094243098072553,1361504242918,1,8.1385979428887367,6.0777,6.511104,3.2685,14753,0.001024,0.47615999999999997,,0.063488,0.242176,0,0.225024,0.003584,0.040959999999999996,,0.002048,,1.740032,7317,703,0,
7318,83.100507001133778,1361504303695,1,6.2639028765261173,9.0053,5.46688,2.7138,14551,0.001024,0.386816,,0.063488,0.24140799999999998,0.000256,0.223744,0.005632,0.040192,,0.002048,,1.7172479999999999,7318,704,0,
7319,83.145813201530615,1361504393748,1,45.30620202422142,8.3161,5.665792,3.1037,14551,0.001024,0.386816,,0.063488,0.24140799999999998,0.000256,0.223744,0.005632,0.040192,,0.002048,,1.7172479999999999,7319,705,0,
7320,83.1578461026077,1361504476909,1,12.032900936901569,6.1546,5.999616,2.9809,14922,0.001024,0.38579199999999997,,0.063488,0.247808,0.000256,0.2304,0.007936,0.040704,,0.002048,,2.207232,7320,706,0,
7321,83.166885104875277,1361504538455,1,9.03900247067213,10.4782,5.329664,3.8069,14551,0.0012799999999999999,0.38246399999999997,,0.06297599999999999,0.245504,0.000256,0.22784,0.004352,0.037888,,0.002048,,1.3890559999999998,7321,707,0,
7322,83.173247902494325,1361504643237,1,6.3627976924180984,46.0947,5.801984,3.6212,14551,0.001024,0.475904,,0.063744,0.24064,0,0.22272,0.007936,0.040959999999999996,,0.002304,,1.4092799999999999,7322,708,0,
7323,83.186616099773232,1361505104184,1,13.368197716772556,9.6048,5.83936,3.5219,14898,0.001024,0.37632,,0.063232,0.23910399999999998,0,0.22144,0.0076799999999999993,0.042496,,0.002304,,1.6181759999999998,7323,709,0,
7324,83.199551403061221,1361505200232,1,12.935303151607513,6.5356,5.437696,3.4976,14746,0.001024,0.390144,,0.063232,0.24831999999999999,0,0.22988799999999998,0.0076799999999999993,0.0384,,0.002304,,1.3890559999999998,7324,710,0,
7325,83.205585600907028,1361505265588,1,6.0341977514326572,5.7343,5.282816,3.5071,14551,0.001024,0.38246399999999997,,0.063488,0.242176,0,0.22425599999999998,0.008192,0.039168,,0.002048,,1.3859839999999999,7325,711,0,
7326,83.212505498866207,1361505322931,1,6.9198980927467346,20.1005,5.546496,3.6745,14551,0.001024,0.380416,,0.063744,0.245248,0,0.22758399999999998,0.0076799999999999993,0.040448,,0.002048,,1.3893119999999999,7326,712,0,
7327,83.2207461026077,1361505523936,1,8.24060384184122,6.5492,5.496064,3.2217,14551,0.001024,0.379648,,0.062464,0.236032,0,0.21862399999999999,0.007424,0.040704,,0.002048,,1.408256,7327,713,0,
7328,83.242507397959187,1361505589428,1,21.761294454336166,5.4611,,3.534,14603,0.001024,0.38118399999999997,,0.061439999999999995,0.241664,0,0.223744,0.007424,0.037888,,0.002304,,1.81632,7328,714,0,
7329,83.25099260204081,1361505644039,1,8.4852045401930809,9.6814,5.542656,4.4406,14551,0.001024,0.37862399999999996,,0.061695999999999994,0.239616,0,0.22195199999999998,0.0076799999999999993,0.038144,,0.002048,,1.655808,7329,715,0,
7330,83.264572604875283,1361505740853,1,13.580002821981907,21.0548,5.592832,3.6986,14551,0.001024,0.37862399999999996,,0.061695999999999994,0.239616,0,0.22195199999999998,0.0076799999999999993,0.038144,,0.002048,,1.655808,7330,716,0,
7331,83.272620698696144,1361505951401,1,8.0480938777327538,8.9258,5.821696,2.9833,14551,0.001024,0.379392,,0.062464,0.238336,0.000256,0.22067199999999998,0.007936,0.041215999999999996,,0.002048,,1.80352,7331,717,0,
7332,83.2800244047619,1361506040659,1,7.4037062004208565,12.908,5.595392,3.6353,14551,0.001024,0.384768,,0.06297599999999999,0.24447999999999998,0,0.227072,0.007936,0.041471999999999995,,0.002048,,1.82528,7332,718,0,
7333,83.287103599773246,1361506169739,1,7.0791952311992645,8.1122,5.62432,3.041,14551,0.001024,0.384768,,0.06297599999999999,0.24447999999999998,0,0.227072,0.007936,0.041471999999999995,,0.002048,,1.82528,7333,719,0,
7334,83.293370904195,1361506250861,1,6.2673045322299,8.1939,5.32736,3.562,14753,0.001024,0.388096,,0.063232,0.23936,0,0.22144,0.0084479999999999989,0.0384,,0.002304,,1.407232,7334,720,0,
7335,83.301077799036278,1361506332800,1,7.7068950049579144,6.9089,5.50656,3.0916,14551,0.001024,0.389632,,0.063488,0.235008,0.000256,0.217088,0.005888,0.0384,,0.002048,,1.3875199999999999,7335,721,0,
7336,83.313290001417229,1361506401889,1,12.212201952934265,6.4926,6.282752,3.007,14551,0.001024,0.397568,,0.063488,0.24703999999999998,0,0.22886399999999998,0.008704,0.039424,,0.002048,,1.7855999999999999,7336,722,0,
7337,83.321140001417234,1361506466815,1,7.8499997034668922,5.8053,5.547776,3.4049,14551,0.001024,0.397568,,0.063488,0.24703999999999998,0,0.22886399999999998,0.008704,0.039424,,0.002048,,1.7855999999999999,7337,723,0,
7338,83.333760104875282,1361506524868,1,12.620103545486927,13.8819,5.986816,2.4777,14551,0.0012799999999999999,0.379648,,0.063232,0.234752,0.000256,0.217088,0.008192,0.037888,,0.002048,,1.83168,7338,724,0,
7339,83.344186203231288,1361506663687,1,10.426098480820656,6.8516,5.782016,3.0762,14551,0.001024,0.382208,,0.063744,0.24012799999999998,0,0.222464,0.008192,0.038655999999999996,,0.002048,,1.811968,7339,725,0,
7340,83.351986004818585,1361506732203,1,7.799801416695118,13.6321,5.9712,3.7702,14746,0.001024,0.38195199999999996,,0.06272,0.245504,0,0.227328,0.007936,0.03712,,0.002304,,1.975552,7340,726,0,
7341,83.361347399376413,1361506868524,1,9.3613946810364723,10.4349,5.550336,3.4908,14551,0.0012799999999999999,0.384,,0.063232,0.24447999999999998,0,0.22860799999999998,0.007936,0.040704,,0.002048,,1.6268799999999999,7341,727,0,
7342,83.369426601473918,1361506972873,1,8.07920191437006,7.957,5.906944,3.5107,14753,0.001024,0.390912,,0.063488,0.242944,0,0.22527999999999998,0.007936,0.040192,,0.002048,,1.8792959999999999,7342,728,0,
7343,83.41127930130385,1361507052443,1,41.852701455354691,9.2527,,3.3185,14551,0.001024,0.390912,,0.063488,0.242944,0,0.22527999999999998,0.007936,0.040192,,0.002048,,1.8792959999999999,7343,729,0,
7344,83.420035898526081,1361507144970,1,8.756597526371479,8.1991,5.554176,4.159,14551,0.001024,0.390912,,0.064,0.24447999999999998,0,0.227072,0.007936,0.037376,,0.0025599999999999998,,1.6151039999999999,7344,730,0,
7345,83.42917149943311,1361507226961,1,9.1356011107563972,40.4612,5.51936,3.7081,14551,0.001024,0.379392,,0.06272,0.239872,0,0.222208,0.010752,0.036095999999999996,,0.002048,,2.0592639999999998,7345,731,0,
7346,83.441487903911565,1361507631573,1,12.316404841840267,9.907,6.198272,3.7811,14753,0.001024,0.38272,,0.063744,0.247552,0,0.229632,0.008192,0.03968,,0.002304,,1.388032,7346,732,0,
7347,83.501284098639459,1361507730643,1,59.796195477247238,7.8991,5.437184,2.766,14603,0.001024,0.38272,,0.063744,0.247552,0,0.229632,0.008192,0.03968,,0.002304,,1.388032,7347,733,0,
7348,83.5111700042517,1361507809634,1,9.8859053105115891,12.7946,5.755904,4.3168,14746,0.001024,0.47103999999999996,,0.06297599999999999,0.24192,0.000256,0.224512,0.0076799999999999993,0.039168,,0.002048,,1.388288,7348,734,0,
7349,83.5172700042517,1361507937580,1,6.0999998822808266,58.4171,5.274368,4.1242,14551,0.001024,0.38272,,0.062464,0.23910399999999998,0,0.22144,0.007936,0.03968,,0.002048,,1.4041599999999999,7349,735,0,
7350,83.529183900226755,1361508521751,1,11.913895606994629,11.414,5.390592,3.3751,20961,0.001024,0.38272,,0.062464,0.23910399999999998,0,0.22144,0.007936,0.03968,,0.002048,,1.4041599999999999,7350,736,0,
7351,83.536110303287984,1361508635891,1,6.9264029152691364,6.9156,5.334784,3.0468,14551,0.001024,0.391936,,0.063232,0.23807999999999999,0.000256,0.21964799999999998,0.007936,0.040959999999999996,,0.002048,,1.38496,7351,737,0,
7352,83.543623100907027,1361508705047,1,7.5127976015210152,10.4076,5.986816,2.9802,14551,0.001024,0.379392,,0.062208,0.246272,0,0.22860799999999998,0.00896,0.040959999999999996,,0.002304,,1.883136,7352,738,0,
7353,83.56400870181406,1361508809123,1,20.385600626468658,8.7052,5.535232,3.0849,14551,0.001024,0.48614399999999997,,0.063744,0.24064,0,0.223744,0.007936,0.039936,,0.002048,,1.393664,7353,739,0,
7354,83.572771903344673,1361508896175,1,8.7632015347480774,6.262,5.504256,3.7297,14551,0.001024,0.385024,,0.063232,0.24447999999999998,0,0.22655999999999998,0.0076799999999999993,0.037888,,0.002304,,1.39392,7354,740,0,
7355,83.5808792020975,1361508958795,1,8.1072989851236343,20.8857,5.966848,3.5831,14551,0.001024,0.383488,,0.06297599999999999,0.24140799999999998,0,0.223488,0.0084479999999999989,0.035584,,0.002048,,1.623808,7355,741,0,
7356,83.5882170989229,1361509167652,1,7.33789661899209,9.2039,5.363456,3.6555,14551,0.001024,0.379136,,0.063232,0.238592,0,0.22016,0.0084479999999999989,0.041471999999999995,,0.002304,,1.408,7356,742,0,
7357,83.595046201814057,1361509259691,1,6.8291029892861843,7.9915,6.28736,3.3668,14753,0.001024,0.37862399999999996,,0.062464,0.235264,0,0.2176,0.007936,0.039936,,0.002048,,1.403136,7357,743,0,
7358,83.6086450042517,1361509339606,1,13.598802499473095,7.3661,5.8432,3.1679,14551,0.001024,0.383488,,0.063488,0.244224,0,0.227328,0.007936,0.039936,,0.002048,,1.879552,7358,744,0,
7359,83.615827699829936,1361509413267,1,7.1826954372227192,6.9727,5.661952,3.6069,14551,0.001024,0.3776,,0.062464,0.24806399999999998,0.000256,0.230656,0.007424,0.040448,,0.002048,,1.571072,7359,745,0,
7360,83.637507603458047,1361509482994,1,21.67990431189537,13.2726,5.922048,3.3747,14551,0.001024,0.38016,,0.062464,0.234752,0,0.21888,0.007936,0.038144,,0.002048,,2.1143039999999997,7360,746,0,
7361,83.646060104875275,1361509615720,1,8.55250097811222,7.3795,6.173696,3.5536,14551,0.001024,0.386304,,0.063744,0.24831999999999999,0,0.230656,0.007936,0.040192,,0.002304,,1.993472,7361,747,0,
7362,83.666383198696138,1361509689515,1,20.323093980550766,15.0191,5.737216,3.4769,15117,0.001024,0.380416,,0.06272,0.2432,0.000256,0.225792,0.008192,0.03968,,0.002048,,1.986816,7362,748,0,
7363,83.6763678004535,1361509839706,1,9.9846022203564644,15.0869,5.987072,4.1126,14551,0.001024,0.37734399999999996,,0.06297599999999999,0.246528,0,0.22860799999999998,0.004096,0.038911999999999995,,0.002048,,1.386496,7363,749,0,
7364,83.683929102891156,1361509990575,1,7.5613022781908512,16.0618,5.710336,3.5332,14551,0.001024,0.37734399999999996,,0.06272,0.23423999999999998,0,0.2176,0.003328,0.037632,,0.002048,,1.6266239999999998,7364,750,0,
7365,83.698176098356,1361510151193,1,14.246995560824871,14.0897,5.437696,3.8724,14898,0.001024,0.384768,,0.063232,0.230656,0.000256,0.214272,0.004096,0.033535999999999996,,0.002048,,1.72928,7365,751,0,
7366,83.705927303004529,1361510292090,1,7.751204539090395,7.7204,6.062336,3.9385,14603,0.001024,0.379648,,0.063488,0.245248,0,0.227072,0.0076799999999999993,0.0384,,0.002304,,1.407232,7366,752,0,
7367,83.72544950396825,1361510369294,1,19.522201269865036,14.0993,5.31712,3.4283,14551,0.001024,0.379648,,0.063488,0.245248,0,0.227072,0.0076799999999999993,0.0384,,0.002304,,1.407232,7367,753,0,
7368,83.73885199829931,1361510510287,1,13.402494601905346,8.0579,5.588736,3.7001,14551,0.001024,0.379392,,0.061952,0.24575999999999998,0,0.2304,0.0076799999999999993,0.041471999999999995,,0.002048,,1.835008,7368,754,0,
7369,83.757864902210883,1361510590866,1,19.012903794646263,16.2861,5.576448,3.1668,14551,0.001024,0.379392,,0.061952,0.24575999999999998,0,0.2304,0.0076799999999999993,0.041471999999999995,,0.002048,,1.835008,7369,755,0,
7370,83.765200899943309,1361510753727,1,7.3359976522624493,15.1919,5.42976,3.6111,14551,0.001024,0.380672,,0.06272,0.233984,0,0.217856,0.007936,0.037632,,0.002304,,1.7136639999999999,7370,756,0,
7371,83.772384204931967,1361510905646,1,7.183304987847805,19.3413,5.624064,2.9569,14551,0.001024,0.378112,,0.06272,0.237312,0,0.220416,0.0076799999999999993,0.041728,,0.002048,,1.605632,7371,757,0,
7372,83.779361302437636,1361511099059,1,6.9770975969731808,8.5084,6.0864,3.5264,14551,0.001024,0.37990399999999996,,0.063488,0.23910399999999998,0,0.22169599999999998,0.0076799999999999993,0.0384,,0.002304,,1.8321919999999998,7372,758,0,
7373,83.794083503401353,1361511184143,1,14.72220104187727,6.9475,5.355008,3.3801,14753,0.000768,0.38323199999999996,,0.063232,0.248576,0,0.23091199999999998,0.0076799999999999993,0.040192,,0.002048,,1.388288,7373,759,0,
7374,83.801798604024938,1361511253618,1,7.715100422501564,7.2185,5.877248,3.493,14551,0.001024,0.390656,,0.063488,0.243968,0,0.22630399999999998,0.007936,0.038655999999999996,,0.002048,,1.581824,7374,760,0,
7375,83.81688870464852,1361511325803,1,15.090100467205048,14.4188,5.574912,3.4482,14551,0.001024,0.391936,,0.06297599999999999,0.241664,0,0.224512,0.0076799999999999993,0.041984,,0.002304,,1.6192,7375,761,0,
7376,83.8257751984127,1361511469991,1,8.8864937424659729,7.264,5.9640319999999996,3.4651,14746,0.001024,0.385536,,0.063488,0.243968,0.000256,0.22655999999999998,0.007936,0.039424,,0.002048,,1.8828799999999999,7376,762,0,
7377,83.8332873015873,1361511542631,1,7.5121033005416393,10.4318,5.977344,3.3253,14551,0.001024,0.385536,,0.063488,0.243968,0.000256,0.22655999999999998,0.007936,0.039424,,0.002048,,1.8828799999999999,7377,763,0,
7378,83.841133404195,1361511646949,1,7.8461030498147011,13.8587,5.944064,3.1173,14551,0.001024,0.47487999999999997,,0.06297599999999999,0.243968,0,0.22655999999999998,0.0076799999999999993,0.03968,,0.002304,,1.7151999999999998,7378,764,0,
7379,83.8482825042517,1361511785536,1,7.149099837988615,7.4166,5.451264,3.5647,14551,0.001024,0.37862399999999996,,0.06297599999999999,0.246272,0,0.22886399999999998,0.0038399999999999997,0.040448,,0.002048,,1.387008,7379,765,0,
7380,83.8590507015306,1361511859702,1,10.768197476863861,8.3666,5.288448,4.2876,14551,0.001024,0.38144,,0.063488,0.239872,0,0.22169599999999998,0.007936,0.039936,,0.002048,,1.408512,7380,766,0,
7381,83.866930002834465,1361511943368,1,7.8793009743094444,7.1149,5.339392,2.6732,14551,0.001024,0.387584,,0.063232,0.235008,0,0.218112,0.0076799999999999993,0.039424,,0.002304,,2.116864,7381,767,0,
7382,83.8752794005102,1361512014517,1,8.3493972197175026,10.6035,5.885696,3.8775,14551,0.001024,0.387584,,0.063232,0.235008,0,0.218112,0.0076799999999999993,0.039424,,0.002304,,2.116864,7382,768,0,
7383,83.88275989937641,1361512120552,1,7.4804988689720631,7.4672,5.993216,3.1518,14551,0.001024,0.385024,,0.063232,0.241664,0,0.22425599999999998,0.0076799999999999993,0.039424,,0.002048,,1.808384,7383,769,0,
7384,83.8977917020975,1361512195224,1,15.031802468001842,7.5998,5.381376,3.4169,14753,0.001024,0.384768,,0.063232,0.241664,0.000256,0.22399999999999998,0.007936,0.039424,,0.002048,,1.39008,7384,770,0,
7385,83.90620980017006,1361512271222,1,8.4180980920791626,8.6634,5.90208,3.4807,14603,0.001024,0.47436799999999996,,0.063488,0.235008,0,0.21734399999999998,0.0076799999999999993,0.03968,,0.002304,,1.815296,7385,771,0,
7386,83.919939002267569,1361512357856,1,13.729202561080456,14.7211,,3.5635,14551,0.001024,0.47436799999999996,,0.063488,0.235008,0,0.21734399999999998,0.0076799999999999993,0.03968,,0.002304,,1.815296,7386,772,0,
7387,83.939002799036274,1361512505067,1,19.0637968480587,8.8257,5.600768,3.5188,20335,0.001024,0.47615999999999997,,0.06272,0.242688,0,0.225792,0.008192,0.043008,,0.002048,,1.714176,7387,773,0,
7388,83.9514339994331,1361512593324,1,12.431200593709946,13.1249,5.75616,5.2097,14551,0.001024,0.380672,,0.063232,0.240896,0.000256,0.22323199999999999,0.0076799999999999993,0.037376,,0.002048,,2.001664,7388,774,0,
7389,83.9622044005102,1361512724573,1,10.770400986075401,18.9392,5.31584,3.1915,14551,0.001024,0.38272,,0.063232,0.24447999999999998,0,0.226816,0.005376,0.037376,,0.002304,,1.3872639999999998,7389,775,0,
7390,83.973927501417236,1361512913965,1,11.723101139068604,7.7449,5.472768,6.485,14551,0.001024,0.37990399999999996,,0.218112,0.24473599999999998,0,0.225536,0.007424,0.039936,,0.002048,,1.39648,7390,776,0,
7391,83.983451601473917,1361512991414,1,9.5241004601120949,15.8238,5.574144,2.8519,14746,0.001024,0.382976,,0.06297599999999999,0.237056,0.000256,0.21888,0.008192,0.039168,,0.002048,,1.60384,7391,777,0,
7392,83.992744501133785,1361513149652,1,9.2928996309638023,7.5841,5.51168,3.2615,14551,0.001024,0.378112,,0.061952,0.242176,0,0.22425599999999998,0.007424,0.036351999999999995,,0.002304,,1.3890559999999998,7392,778,0,
7393,84.001046598639448,1361513225493,1,8.3020972087979317,13.6959,5.77408,3.2949,41800,0.001024,0.379648,,0.062464,0.242944,0,0.227072,0.0076799999999999993,0.038655999999999996,,0.002304,,1.386496,7393,779,0,
7394,84.014872803287972,1361513362452,1,13.826204463839531,9.5834,5.966848,3.3914,14551,0.001024,0.38527999999999996,,0.063488,0.239872,0,0.222464,0.0084479999999999989,0.037376,,0.002048,,1.4108159999999998,7394,780,0,
7395,84.023301601473918,1361513458286,1,8.42879805713892,8.0943,5.682432,3.2838,14551,0.001024,0.378112,,0.219392,0.240896,0,0.223744,0.011776,0.0384,,0.002304,,1.4090239999999998,7395,781,0,
7396,84.0330169005102,1361513539229,1,9.7152991220355034,13.8431,5.955328,3.3463,20961,0.001024,0.384768,,0.063488,0.2432,0.000256,0.22527999999999998,0.003328,0.041471999999999995,,0.002304,,1.968384,7396,782,0,
