pool,physical_page,virtual_page,clipmap,occupied_slots,nonempty_texels,empty_texels,last_layer_nonempty,max_occupied_layers,slot_fraction,last_layer_fraction,layer_counts,occupancy_histogram
static,0,2439,9,4504,806,15578,21,16,0.017181396484375,0.00128173828125,806 792 786 436 330 245 235 214 206 131 118 67 63 28 26 21,15578 14 6 350 106 85 10 21 8 75 13 51 4 35 2 5 21
static,1,2440,9,4792,844,15540,33,16,0.018280029296875,0.00201416015625,844 790 790 482 404 301 280 253 235 102 84 61 48 45 40 33,15540 54 0 308 78 103 21 27 18 133 18 23 13 3 5 7 33
static,2,1146,4,148500,16384,0,12,16,0.5664825439453125,0.000732421875,16384 16384 16384 16384 16384 16213 16213 15738 15356 1720 635 436 163 76 18 12,0 0 0 0 0 171 0 475 382 13636 1085 199 273 87 58 6 12
static,3,1157,4,112390,16384,0,0,13,0.42873382568359375,0.0,16384 16384 16384 16384 14633 8691 8210 7253 7040 840 173 13 1 0 0 0,0 0 0 0 1751 5942 481 957 213 6200 667 160 12 1 0 0 0
static,4,1158,4,182853,16384,0,105,16,0.6975288391113281,0.00640869140625,16384 16384 16384 16384 16384 16384 16384 16384 16384 11931 11931 5602 5602 116 110 105,0 0 0 0 0 0 0 0 0 4453 0 6329 0 5486 6 5 105
static,5,1160,4,68436,16384,0,0,8,0.2610626220703125,0.0,16384 16384 16384 16384 949 949 501 501 0 0 0 0 0 0 0 0,0 0 0 0 15435 0 448 0 501 0 0 0 0 0 0 0 0
static,6,1161,4,199733,16384,0,6554,16,0.7619209289550781,0.4000244140625,16384 16384 16384 16384 16384 16384 16337 16337 15494 8781 8606 7834 7574 7097 6815 6554,0 0 0 0 0 0 47 0 843 6713 175 772 260 477 282 261 6554
static,7,1162,4,149440,16384,0,0,15,0.570068359375,0.0,16384 16384 16384 16384 16384 16384 16384 16361 16324 1189 488 280 96 13 1 0,0 0 0 0 0 0 0 23 37 15135 701 208 184 83 12 1 0
static,8,1163,4,64052,16384,0,10,16,0.2443389892578125,0.0006103515625,16384 16384 16384 3941 3941 1877 1876 1150 781 590 284 223 117 92 18 10,0 0 0 12443 0 2064 1 726 369 191 306 61 106 25 74 8 10
static,9,1173,4,103473,16384,0,0,15,0.3947181701660156,0.0,16384 16384 16384 16384 12864 6838 6428 5206 5012 1030 362 138 43 15 1 0,0 0 0 0 3520 6026 410 1222 194 3982 668 224 95 28 14 1 0
static,10,1174,4,188996,16384,0,1163,16,0.7209625244140625,0.07098388671875,16384 16384 16384 16384 16384 16384 16384 16384 16384 10553 10553 7089 6693 3274 2215 1163,0 0 0 0 0 0 0 0 0 5831 0 3464 396 3419 1059 1052 1163
static,11,1175,4,166433,16384,0,3154,16,0.6348915100097656,0.1925048828125,16384 16384 16384 16384 14779 14779 13098 12639 9835 7976 6832 5271 4947 3927 3660 3154,0 0 0 0 1605 0 1681 459 2804 1859 1144 1561 324 1020 267 506 3154
static,12,1176,4,112090,16384,0,2,16,0.42758941650390625,0.0001220703125,16384 16384 16384 16384 11141 11141 8555 8019 4755 1964 708 148 82 28 11 2,0 0 0 0 5243 0 2586 536 3264 2791 1256 560 66 54 17 9 2
static,13,1177,4,203426,16384,0,6240,16,0.7760086059570312,0.380859375,16384 16384 16384 16384 16342 16342 15927 15910 15346 10028 9583 9063 8587 7539 6983 6240,0 0 0 0 42 0 415 17 564 5318 445 520 476 1048 556 743 6240
static,14,1178,4,164398,16384,0,93,16,0.6271286010742188,0.00567626953125,16384 16384 16384 16384 16384 16384 16384 16384 16384 6846 5716 2256 1290 507 234 93,0 0 0 0 0 0 0 0 0 9538 1130 3460 966 783 273 141 93
static,15,1179,4,75848,16384,0,1,16,0.289337158203125,6.103515625e-05,16384 16384 16384 5681 5681 3646 3646 2838 2241 1611 703 480 137 27 4 1,0 0 0 10703 0 2035 0 808 597 630 908 223 343 110 23 3 1
static,16,1189,4,94776,16384,0,0,13,0.361541748046875,0.0,16384 16384 16384 16384 11103 5000 4635 3824 3518 882 259 16 3 0 0 0,0 0 0 0 5281 6103 365 811 306 2636 623 243 13 3 0 0 0
static,17,1190,4,178118,16384,0,123,16,0.6794662475585938,0.00750732421875,16384 16384 16384 16384 16384 16384 16384 16384 16384 8839 8547 5506 5355 1233 1059 123,0 0 0 0 0 0 0 0 0 7545 292 3041 151 4122 174 936 123
static,18,1191,4,177529,16384,0,983,16,0.6772193908691406,0.05999755859375,16384 16384 16384 16384 16384 16384 14308 14072 13626 11895 11130 5841 4144 1872 1354 983,0 0 0 0 0 0 2076 236 446 1731 765 5289 1697 2272 518 371 983
static,19,1192,4,169438,16384,0,384,16,0.6463546752929688,0.0234375,16384 16384 16384 16384 16384 16384 13074 12599 12187 11440 8183 6525 4447 1402 893 384,0 0 0 0 0 0 3310 475 412 747 3257 1658 2078 3045 509 509 384
static,20,1193,4,199642,16384,0,3600,16,0.7615737915039062,0.2197265625,16384 16384 16384 16384 16384 16384 15965 15869 15190 12158 10865 9914 7198 5776 4803 3600,0 0 0 0 0 0 419 96 679 3032 1293 951 2716 1422 973 1203 3600
static,21,1194,4,145467,16384,0,0,11,0.5549125671386719,0.0,16384 16384 16384 16384 16384 16384 16384 16001 14257 519 2 0 0 0 0 0,0 0 0 0 0 0 0 383 1744 13738 517 2 0 0 0 0 0
static,22,1195,4,79605,16384,0,1,16,0.3036689758300781,6.103515625e-05,16384 16384 16384 6305 6305 4566 4553 3888 3005 1124 432 215 45 13 1 1,0 0 0 10079 0 1739 13 665 883 1881 692 217 170 32 12 0 1
static,23,1205,4,81654,16384,0,0,11,0.31148529052734375,0.0,16384 16384 16384 15656 9326 3413 2904 919 220 63 1 0 0 0 0 0,0 0 0 728 6330 5913 509 1985 699 157 62 1 0 0 0 0 0
static,24,1206,4,145743,16384,0,0,13,0.5559654235839844,0.0,16384 16384 16384 16384 16384 16384 16384 9648 8286 5502 5258 1373 988 0 0 0,0 0 0 0 0 0 0 6736 1362 2784 244 3885 385 988 0 0 0
static,25,1207,4,154944,16384,0,0,14,0.591064453125,0.0,16384 16384 16384 16384 16384 16384 16317 16221 14316 6082 2949 609 144 2 0 0,0 0 0 0 0 0 67 96 1905 8234 3133 2340 465 142 2 0 0
static,26,1208,4,150210,16384,0,1,16,0.5730056762695312,6.103515625e-05,16384 16384 16384 16384 16384 16384 16384 15048 11418 5143 2944 718 204 23 23 1,0 0 0 0 0 0 0 1336 3630 6275 2199 2226 514 181 0 22 1
static,27,1209,4,149327,16384,0,0,15,0.5696372985839844,0.0,16384 16384 16384 16384 16384 16384 14453 11751 10596 7036 5529 1337 300 17 4 0,0 0 0 0 0 0 1931 2702 1155 3560 1507 4192 1037 283 13 4 0
static,28,1210,4,113791,16384,0,0,8,0.4340782165527344,0.0,16384 16384 16384 16384 16384 16164 15589 118 0 0 0 0 0 0 0 0,0 0 0 0 0 220 575 15471 118 0 0 0 0 0 0 0 0
static,29,1211,4,72029,16384,0,0,11,0.2747688293457031,0.0,16384 16384 16384 6438 6438 5364 3886 588 137 22 4 0 0 0 0 0,0 0 0 9946 0 1074 1478 3298 451 115 18 4 0 0 0 0 0
static,30,888,3,66185,16384,0,0,6,0.2524757385253906,0.0,16384 16384 16384 16384 325 324 0 0 0 0 0 0 0 0 0 0,0 0 0 0 16059 1 324 0 0 0 0 0 0 0 0 0 0
static,31,889,3,84503,16384,0,0,13,0.3223533630371094,0.0,16384 16384 16384 16384 5040 5040 3582 3582 612 571 446 47 47 0 0 0,0 0 0 0 11344 0 1458 0 2970 41 125 399 0 47 0 0 0
static,32,890,3,247376,16384,0,12883,16,0.94366455078125,0.78631591796875,16384 16384 16384 16384 16384 16384 16384 16384 16326 16219 16219 14045 13998 13480 13134 12883,0 0 0 0 0 0 0 0 58 107 0 2174 47 518 346 251 12883
static,33,902,3,198573,16384,0,8102,16,0.7574958801269531,0.4945068359375,16384 16384 16384 16384 13130 12997 12341 12340 11438 11431 10923 10661 10293 9947 9434 8102,0 0 0 0 3254 133 656 1 902 7 508 262 368 346 513 1332 8102
static,34,903,3,67657,16384,0,0,14,0.2580909729003906,0.0,16384 16384 16384 16384 881 607 193 193 117 116 4 4 3 3 0 0,0 0 0 0 15503 274 414 0 76 1 112 0 1 0 3 0 0
static,35,904,3,65536,16384,0,0,4,0.25,0.0,16384 16384 16384 16384 0 0 0 0 0 0 0 0 0 0 0 0,0 0 0 0 16384 0 0 0 0 0 0 0 0 0 0 0 0
static,36,905,3,74552,16384,0,0,8,0.284393310546875,0.0,16384 16384 16384 16384 2733 2733 1775 1775 0 0 0 0 0 0 0 0,0 0 0 0 13651 0 958 0 1775 0 0 0 0 0 0 0 0
static,37,906,3,241198,16384,0,12140,16,0.9200973510742188,0.740966796875,16384 16384 16384 16384 16384 16384 16384 16384 15441 15397 15210 13724 13124 12757 12333 12140,0 0 0 0 0 0 0 0 943 44 187 1486 600 367 424 193 12140
static,38,907,3,156729,16384,0,709,16,0.5978736877441406,0.04327392578125,16384 16384 16384 16384 16384 16384 16384 16384 16384 1893 1753 1496 1442 1207 773 709,0 0 0 0 0 0 0 0 0 14491 140 257 54 235 434 64 709
static,39,916,3,172589,16384,0,0,13,0.6583747863769531,0.0,16384 16384 16384 16384 16384 16384 16384 16384 16384 6592 6591 5975 5975 0 0 0,0 0 0 0 0 0 0 0 0 9792 1 616 0 5975 0 0 0
static,40,918,3,221387,16384,0,9565,16,0.8445243835449219,0.58380126953125,16384 16384 16384 16384 16249 15462 14757 14505 13965 13621 13325 11992 11464 10709 10237 9565,0 0 0 0 135 787 705 252 540 344 296 1333 528 755 472 672 9565
static,41,919,3,77736,16384,0,0,15,0.296539306640625,0.0,16384 16384 16384 16384 3534 3191 1669 1445 1067 686 361 156 61 26 4 0,0 0 0 0 12850 343 1522 224 378 381 325 205 95 35 22 4 0
static,42,920,3,65536,16384,0,0,4,0.25,0.0,16384 16384 16384 16384 0 0 0 0 0 0 0 0 0 0 0 0,0 0 0 0 16384 0 0 0 0 0 0 0 0 0 0 0 0
static,43,921,3,68110,16384,0,0,8,0.25981903076171875,0.0,16384 16384 16384 16384 1049 1049 238 238 0 0 0 0 0 0 0 0,0 0 0 0 15335 0 811 0 238 0 0 0 0 0 0 0 0
static,44,922,3,229131,16384,0,10544,16,0.8740653991699219,0.6435546875,16384 16384 16384 16384 16384 16384 16192 16192 13751 13705 13399 12491 12145 11313 11095 10544,0 0 0 0 0 0 192 0 2441 46 306 908 346 832 218 551 10544
static,45,923,3,171948,16384,0,2851,16,0.6559295654296875,0.17401123046875,16384 16384 16384 16384 16384 16384 16384 16384 16384 4104 4059 3617 3597 3163 3101 2851,0 0 0 0 0 0 0 0 0 12280 45 442 20 434 62 250 2851
static,46,932,3,165514,16384,0,0,13,0.6313858032226562,0.0,16384 16384 16384 16384 16384 16384 16384 16384 16384 4822 4822 4207 4207 0 0 0,0 0 0 0 0 0 0 0 0 11562 0 615 0 4207 0 0 0
static,47,934,3,213587,16384,0,6964,16,0.8147697448730469,0.425048828125,16384 16384 16384 16384 16384 16384 16067 15486 14300 13608 12782 10535 9916 7985 7640 6964,0 0 0 0 0 0 317 581 1186 692 826 2247 619 1931 345 676 6964
static,48,935,3,102353,16384,0,0,14,0.3904457092285156,0.0,16384 16384 16384 16384 9969 9969 7680 6622 1524 823 128 87 9 6 0 0,0 0 0 0 6415 0 2289 1058 5098 701 695 41 78 3 6 0 0
static,49,936,3,81088,16384,0,0,9,0.309326171875,0.0,16384 16384 16384 16384 4563 4563 3598 2549 279 0 0 0 0 0 0 0,0 0 0 0 11821 0 965 1049 2270 279 0 0 0 0 0 0 0
static,50,937,3,91142,16384,0,0,9,0.34767913818359375,0.0,16384 16384 16384 16384 7263 7263 5838 4787 455 0 0 0 0 0 0 0,0 0 0 0 9121 0 1425 1051 4332 455 0 0 0 0 0 0 0
static,51,938,3,224119,16384,0,8964,16,0.8549461364746094,0.547119140625,16384 16384 16384 16384 16211 16211 15784 15723 14116 14024 13082 12629 11279 10379 10181 8964,0 0 0 0 173 0 427 61 1607 92 942 453 1350 900 198 1217 8964
static,52,939,3,178333,16384,0,2216,16,0.6802864074707031,0.13525390625,16384 16384 16384 16384 16384 16384 16384 16384 16384 5538 5538 4908 4908 4531 3238 2216,0 0 0 0 0 0 0 0 0 10846 0 630 0 377 1293 1022 2216
static,53,948,3,168487,16384,0,1045,16,0.6427268981933594,0.06378173828125,16384 16384 16384 16384 16384 16384 16384 16384 16384 4619 4619 3457 3457 2011 1823 1045,0 0 0 0 0 0 0 0 0 11765 0 1162 0 1446 188 778 1045
static,54,949,3,230366,16384,0,3613,16,0.8787765502929688,0.22052001953125,16384 16384 16384 16384 16384 16384 16384 16384 16384 16384 16384 15043 13758 10673 7055 3613,0 0 0 0 0 0 0 0 0 0 0 1341 1285 3085 3618 3442 3613
static,55,950,3,215366,16384,0,5630,16,0.8215560913085938,0.3436279296875,16384 16384 16384 16384 16384 16384 16313 16117 15393 14909 13811 10322 9825 7715 7027 5630,0 0 0 0 0 0 71 196 724 484 1098 3489 497 2110 688 1397 5630
static,56,951,3,134441,16384,0,0,14,0.5128517150878906,0.0,16384 16384 16384 16384 16384 16384 12321 12321 8138 2576 620 127 20 14 0 0,0 0 0 0 0 0 4063 0 4183 5562 1956 493 107 6 14 0 0
static,57,952,3,143758,16384,0,28,16,0.5483932495117188,0.001708984375,16384 16384 16384 16384 16384 16384 13629 13629 9508 5273 2246 596 331 135 79 28,0 0 0 0 0 0 2755 0 4121 4235 3027 1650 265 196 56 51 28
static,58,953,3,132606,16384,0,0,13,0.5058517456054688,0.0,16384 16384 16384 16384 16384 16384 11182 11181 8795 2532 595 14 3 0 0 0,0 0 0 0 0 0 5202 1 2386 6263 1937 581 11 3 0 0 0
static,59,954,3,223155,16384,0,9599,16,0.8512687683105469,0.58587646484375,16384 16384 16384 16384 16384 16384 15168 15168 14498 13488 12640 12268 11722 10449 9851 9599,0 0 0 0 0 0 1216 0 670 1010 848 372 546 1273 598 252 9599
static,60,955,3,188091,16384,0,4178,16,0.7175102233886719,0.2550048828125,16384 16384 16384 16384 16384 16384 16384 16384 16384 7065 7065 6442 6442 4792 4651 4178,0 0 0 0 0 0 0 0 0 9319 0 623 0 1650 141 473 4178
static,61,967,3,125212,16384,0,1,16,0.4776458740234375,6.103515625e-05,16384 16384 16384 16384 16384 16384 8099 7152 5722 3211 2152 474 84 12 1 1,0 0 0 0 0 0 8285 947 1430 2511 1059 1678 390 72 11 0 1
static,62,635,2,232976,16384,0,10174,16,0.88873291015625,0.6209716796875,16384 16384 16384 16384 16384 16384 16384 16384 16150 16082 16082 11235 11149 10794 10238 10174,0 0 0 0 0 0 0 0 234 68 0 4847 86 355 556 64 10174
static,63,643,2,259914,16384,0,14673,16,0.9914932250976562,0.89556884765625,16384 16384 16384 16384 16384 16384 16384 16384 16384 16384 16384 16384 16384 16358 15891 14673,0 0 0 0 0 0 0 0 0 0 0 0 0 26 467 1218 14673
static,64,644,2,128791,16384,0,1283,16,0.4912986755371094,0.07830810546875,16384 16384 16384 16384 8846 8846 7925 7925 6202 6176 4632 3833 3148 2536 1903 1283,0 0 0 0 7538 0 921 0 1723 26 1544 799 685 612 633 620 1283
static,65,651,2,215631,16384,0,7727,16,0.8225669860839844,0.47161865234375,16384 16384 16384 16384 16384 16384 16384 16384 14589 14466 14307 9039 8333 8275 7823 7727,0 0 0 0 0 0 0 0 1795 123 159 5268 706 58 452 96 7727
static,66,652,2,260394,16384,0,15509,16,0.9933242797851562,0.94659423828125,16384 16384 16384 16384 16384 16384 16384 16384 16384 16384 16384 16384 16384 16384 15509 15509,0 0 0 0 0 0 0 0 0 0 0 0 0 0 875 0 15509
static,67,659,2,257596,16384,0,12775,16,0.9826507568359375,0.77972412109375,16384 16384 16384 16384 16384 16384 16384 16384 16384 16384 16384 16384 16384 15947 15882 12775,0 0 0 0 0 0 0 0 0 0 0 0 0 437 65 3107 12775
static,68,660,2,148105,16384,0,3660,16,0.5649757385253906,0.223388671875,16384 16384 16384 16384 10910 10383 8772 8767 6867 6860 6226 5985 5201 4885 4053 3660,0 0 0 0 5474 527 1611 5 1900 7 634 241 784 316 832 393 3660
static,69,661,2,73985,16384,0,0,14,0.2822303771972656,0.0,16384 16384 16384 16384 3521 2435 773 768 456 456 11 11 9 9 0 0,0 0 0 0 12863 1086 1662 5 312 0 445 0 2 0 9 0 0
static,70,667,2,226490,16384,0,8904,16,0.8639907836914062,0.54345703125,16384 16384 16384 16384 16384 16384 16384 16384 14423 14371 13767 13046 11356 9967 9584 8904,0 0 0 0 0 0 0 0 1961 52 604 721 1690 1389 383 680 8904
static,71,668,2,262144,16384,0,16384,16,1.0,1.0,16384 16384 16384 16384 16384 16384 16384 16384 16384 16384 16384 16384 16384 16384 16384 16384,0 0 0 0 0 0 0 0 0 0 0 0 0 0 0 0 16384
static,72,675,2,258062,16384,0,14702,16,0.9844284057617188,0.8973388671875,16384 16384 16384 16384 16384 16384 16384 16384 16384 16384 16384 16118 16118 15450 15450 14702,0 0 0 0 0 0 0 0 0 0 0 266 0 668 0 748 14702
static,73,676,2,183178,16384,0,5039,16,0.6987686157226562,0.30755615234375,16384 16384 16384 16384 15839 13259 12819 11957 11627 10365 9883 7473 7075 6701 5605 5039,0 0 0 0 545 2580 440 862 330 1262 482 2410 398 374 1096 566 5039
static,74,677,2,103522,16384,0,1,16,0.39490509033203125,6.103515625e-05,16384 16384 16384 16384 8642 7485 6701 5751 4241 2716 1441 637 253 102 16 1,0 0 0 0 7742 1157 784 950 1510 1525 1275 804 384 151 86 15 1
static,75,683,2,213439,16384,0,6886,16,0.8142051696777344,0.4202880859375,16384 16384 16384 16384 16384 16384 16384 16384 12456 12389 11775 11446 10321 8710 8384 6886,0 0 0 0 0 0 0 0 3928 67 614 329 1125 1611 326 1498 6886
static,76,684,2,262144,16384,0,16384,16,1.0,1.0,16384 16384 16384 16384 16384 16384 16384 16384 16384 16384 16384 16384 16384 16384 16384 16384,0 0 0 0 0 0 0 0 0 0 0 0 0 0 0 0 16384
static,77,691,2,249333,16384,0,12574,16,0.9511299133300781,0.7674560546875,16384 16384 16384 16384 16384 16384 16384 16384 16384 16384 16384 14756 14756 13545 13478 12574,0 0 0 0 0 0 0 0 0 0 0 1628 0 1211 67 904 12574
static,78,692,2,195243,16384,0,5981,16,0.7447929382324219,0.36505126953125,16384 16384 16384 16384 16384 15802 13444 13308 11491 11424 10684 9628 7949 7199 6413 5981,0 0 0 0 0 582 2358 136 1817 67 740 1056 1679 750 786 432 5981
static,79,693,2,76367,16384,0,0,6,0.2913169860839844,0.0,16384 16384 16384 16384 5512 5319 0 0 0 0 0 0 0 0 0 0,0 0 0 0 10872 193 5319 0 0 0 0 0 0 0 0 0 0
static,80,699,2,178711,16384,0,2530,16,0.6817283630371094,0.1544189453125,16384 16384 16384 16384 16384 16384 15618 15618 9779 9667 9047 5736 5464 3744 3204 2530,0 0 0 0 0 0 766 0 5839 112 620 3311 272 1720 540 674 2530
static,81,700,2,262144,16384,0,16384,16,1.0,1.0,16384 16384 16384 16384 16384 16384 16384 16384 16384 16384 16384 16384 16384 16384 16384 16384,0 0 0 0 0 0 0 0 0 0 0 0 0 0 0 0 16384
static,82,708,2,195565,16384,0,4829,16,0.7460212707519531,0.29473876953125,16384 16384 16384 16384 16384 16384 15718 14944 13577 12076 10042 8394 6641 5814 5226 4829,0 0 0 0 0 0 666 774 1367 1501 2034 1648 1753 827 588 397 4829
static,83,709,2,101104,16384,0,0,14,0.38568115234375,0.0,16384 16384 16384 16384 10217 10217 6934 5216 1732 887 167 146 26 26 0 0,0 0 0 0 6167 0 3283 1718 3484 845 720 21 120 0 26 0 0
static,84,715,2,183082,16384,0,3224,16,0.6984024047851562,0.19677734375,16384 16384 16384 16384 15686 15686 14372 14322 10440 10166 9128 7347 6722 5431 5022 3224,0 0 0 0 698 0 1314 50 3882 274 1038 1781 625 1291 409 1798 3224
static,85,716,2,262072,16384,0,16312,16,0.999725341796875,0.99560546875,16384 16384 16384 16384 16384 16384 16384 16384 16384 16384 16384 16384 16384 16384 16384 16312,0 0 0 0 0 0 0 0 0 0 0 0 0 0 0 72 16312
static,86,2183,8,18074,3221,13163,99,16,0.06894683837890625,0.00604248046875,3221 3169 3151 1752 1314 995 927 851 813 510 471 289 269 124 119 99,13163 52 18 1399 438 319 68 76 38 303 39 182 20 145 5 20 99
static,87,2184,8,19095,3388,12996,138,16,0.07284164428710938,0.0084228515625,3388 3167 3167 1907 1590 1184 1127 1002 926 389 321 251 210 172 156 138,12996 221 0 1260 317 406 57 125 76 537 68 70 41 38 16 18 138
static,88,1927,7,64165,10237,6147,376,16,0.24477005004882812,0.02294921875,10237 10237 10180 6607 5107 3962 3735 3405 3251 2047 1879 1136 1052 504 450 376,6147 0 57 3573 1500 1145 227 330 154 1204 168 743 84 548 54 74 376
static,89,1928,7,68438,10721,5663,572,16,0.26107025146484375,0.034912109375,10721 10306 10306 7264 6292 4736 4500 4039 3718 1558 1291 996 829 684 626 572,5663 415 0 3042 972 1556 236 461 321 2160 267 295 167 145 58 54 572
static,90,1671,6,123399,16384,0,1169,16,0.4707298278808594,0.07135009765625,16384 16384 16384 14099 9770 8193 7920 7629 7480 4898 4684 2913 2836 1360 1296 1169,0 0 0 2285 4329 1577 273 291 149 2582 214 1771 77 1476 64 127 1169
static,91,1672,6,120037,16384,0,1639,16,0.4579048156738281,0.10003662109375,16384 16384 16384 12610 9422 8997 8839 8679 8226 2658 2340 2060 1923 1787 1705 1639,0 0 0 3774 3188 425 158 160 453 5568 318 280 137 136 82 66 1639
static,92,1687,6,108952,16384,0,332,16,0.415618896484375,0.020263671875,16384 16384 16384 12330 10648 7626 7018 5987 5516 3316 2880 1620 1390 632 505 332,0 0 0 4054 1682 3022 608 1031 471 2200 436 1260 230 758 127 173 332
static,93,1688,6,121548,16384,0,642,16,0.4636688232421875,0.0391845703125,16384 16384 16384 13901 13221 10001 9174 7434 6591 3625 2777 1899 1380 948 803 642,0 0 0 2483 680 3220 827 1740 843 2966 848 878 519 432 145 161 642
static,94,1414,5,85864,16384,0,0,14,0.327545166015625,0.0,16384 16384 16384 10929 7762 4767 4540 4069 3963 481 152 36 11 2 0 0,0 0 0 5455 3167 2995 227 471 106 3482 329 116 25 9 2 0 0
static,95,1415,5,160068,16384,0,2359,16,0.6106109619140625,0.14398193359375,16384 16384 16384 16384 11922 11752 11300 11246 11040 9186 9067 5744 5633 2704 2579 2359,0 0 0 0 4462 170 452 54 206 1854 119 3323 111 2929 125 220 2359
static,96,1416,5,136292,16384,0,3329,16,0.5199127197265625,0.20318603515625,16384 16384 16384 16384 9153 9153 8863 8863 8162 4336 4278 3859 3775 3558 3427 3329,0 0 0 0 7231 0 290 0 701 3826 58 419 84 217 131 98 3329
static,97,1417,5,104043,16384,0,5,16,0.3968925476074219,0.00030517578125,16384 16384 16384 9721 9721 8687 8687 8344 8106 881 344 233 98 53 11 5,0 0 0 6663 0 1034 0 343 238 7225 537 111 135 45 42 6 5
static,98,1430,5,75103,16384,0,0,14,0.2864952087402344,0.0,16384 16384 16384 9158 5993 2959 2772 2263 2133 470 155 36 8 4 0 0,0 0 0 7226 3165 3034 187 509 130 1663 315 119 28 4 4 0 0
static,99,1431,5,177738,16384,0,1343,16,0.6780166625976562,0.08197021484375,16384 16384 16384 16384 15984 15984 15047 14876 14059 9819 9263 5909 5276 2577 2065 1343,0 0 0 0 400 0 937 171 817 4240 556 3354 633 2699 512 722 1343
static,100,1432,5,171160,16384,0,2545,16,0.652923583984375,0.15533447265625,16384 16384 16384 16384 15056 15056 13394 13114 11873 8891 7348 6424 5077 3685 3161 2545,0 0 0 0 1328 0 1662 280 1241 2982 1543 924 1347 1392 524 616 2545
static,101,1433,5,116332,16384,0,20,16,0.4437713623046875,0.001220703125,16384 16384 16384 11189 11189 10253 10253 9772 8981 2520 1715 727 353 144 64 20,0 0 0 5195 0 936 0 481 791 6461 805 988 374 209 80 44 20
static,102,1446,5,62893,16384,0,0,11,0.23991775512695312,0.0,16384 16384 16384 7389 4222 1055 766 237 53 17 2 0 0 0 0 0,0 0 0 8995 3167 3167 289 529 184 36 15 2 0 0 0 0 0
static,103,1447,5,120111,16384,0,0,13,0.4581871032714844,0.0,16384 16384 16384 16384 16384 10486 9499 6590 5764 2955 2115 496 286 0 0 0,0 0 0 0 0 5898 987 2909 826 2809 840 1619 210 286 0 0 0
static,104,1448,5,116988,16384,0,0,15,0.4462738037109375,0.0,16384 16384 16384 16384 16084 9144 8213 6698 5502 3039 2103 516 129 13 11 0,0 0 0 0 300 6940 931 1515 1196 2463 936 1587 387 116 2 11 0
static,105,1449,5,82042,16384,0,0,11,0.31296539306640625,0.0,16384 16384 16384 11657 10561 5548 4888 192 35 7 2 0 0 0 0 0,0 0 0 4727 1096 5013 660 4696 157 28 5 2 0 0 0 0 0
static,106,1144,4,79568,16384,0,108,16,0.30352783203125,0.006591796875,16384 16384 16384 16384 2894 2894 2226 2226 789 768 692 485 430 280 240 108,0 0 0 0 13490 0 668 0 1437 21 76 207 55 150 40 132 108
static,107,1145,4,197425,16384,0,6564,16,0.7531166076660156,0.400634765625,16384 16384 16384 16384 16384 16384 16384 16384 16369 7815 7808 7115 7063 6875 6744 6564,0 0 0 0 0 0 0 0 15 8554 7 693 52 188 131 180 6564
static,108,1159,4,141324,16384,0,4413,16,0.5391082763671875,0.26934814453125,16384 16384 16384 16384 8459 8082 7246 7123 6646 6469 6151 5696 5440 5157 4906 4413,0 0 0 0 7925 377 836 123 477 177 318 455 256 283 251 493 4413
static,109,892,3,147456,16384,0,0,9,0.5625,0.0,16384 16384 16384 16384 16384 16384 16384 16384 16384 0 0 0 0 0 0 0,0 0 0 0 0 0 0 0 0 16384 0 0 0 0 0 0 0
static,110,893,3,148833,16384,0,0,14,0.5677528381347656,0.0,16384 16384 16384 16384 16384 16384 16384 15418 14640 2825 666 543 43 10 0 0,0 0 0 0 0 0 0 966 778 11815 2159 123 500 33 10 0 0
static,111,899,3,145513,16384,0,0,11,0.5550880432128906,0.0,16384 16384 16384 16384 16384 16384 16384 14806 14455 1403 161 0 0 0 0 0,0 0 0 0 0 0 0 1578 351 13052 1242 161 0 0 0 0 0
static,112,900,3,179672,16384,0,0,13,0.685394287109375,0.0,16384 16384 16384 16384 16384 16384 16384 16384 16384 8362 8362 7746 7746 0 0 0,0 0 0 0 0 0 0 0 0 8022 0 616 0 7746 0 0 0
static,113,908,3,147456,16384,0,0,9,0.5625,0.0,16384 16384 16384 16384 16384 16384 16384 16384 16384 0 0 0 0 0 0 0,0 0 0 0 0 0 0 0 0 16384 0 0 0 0 0 0 0
static,114,909,3,153108,16384,0,0,15,0.5840606689453125,0.0,16384 16384 16384 16384 16384 16384 16384 16292 16135 3120 1501 979 338 52 3 0,0 0 0 0 0 0 0 92 157 13015 1619 522 641 286 49 3 0
static,115,915,3,143756,16384,0,0,14,0.5483856201171875,0.0,16384 16384 16384 16384 16384 15931 15497 14182 13702 1943 523 50 7 1 0 0,0 0 0 0 0 453 434 1315 480 11759 1420 473 43 6 1 0 0
static,116,924,3,147456,16384,0,0,9,0.5625,0.0,16384 16384 16384 16384 16384 16384 16384 16384 16384 0 0 0 0 0 0 0,0 0 0 0 0 0 0 0 0 16384 0 0 0 0 0 0 0
static,117,925,3,149740,16384,0,0,13,0.5712127685546875,0.0,16384 16384 16384 16384 16384 16384 16384 16384 16384 1638 444 149 53 0 0 0,0 0 0 0 0 0 0 0 0 14746 1194 295 96 53 0 0 0
static,118,926,3,87358,16384,0,46,16,0.33324432373046875,0.0028076171875,16384 16384 16384 8769 8769 4639 4638 3642 2846 2174 993 775 471 367 77 46,0 0 0 7615 0 4130 1 996 796 672 1181 218 304 104 290 31 46
static,119,931,3,136670,16384,0,1,16,0.5213546752929688,6.103515625e-05,16384 16384 16384 16384 16384 13946 13702 11309 10932 2754 1342 548 159 52 5 1,0 0 0 0 0 2438 244 2393 377 8178 1412 794 389 107 47 4 1
static,120,940,3,165146,16384,0,158,16,0.6299819946289062,0.0096435546875,16384 16384 16384 16384 16384 16384 16384 16384 16384 6984 4407 3633 1292 964 252 158,0 0 0 0 0 0 0 0 0 9400 2577 774 2341 328 712 94 158
static,121,941,3,159862,16384,0,185,16,0.6098251342773438,0.01129150390625,16384 16384 16384 16384 16384 16384 16384 16384 16384 4475 3267 2507 1016 665 291 185,0 0 0 0 0 0 0 0 0 11909 1208 760 1491 351 374 106 185
static,122,942,3,95746,16384,0,0,15,0.36524200439453125,0.0,16384 16384 16384 10538 10538 6408 6407 5002 3622 2758 677 551 60 30 3 0,0 0 0 5846 0 4130 1 1405 1380 864 2081 126 491 30 27 3 0
static,123,947,3,126654,16384,0,0,11,0.48314666748046875,0.0,16384 16384 16384 16384 16384 12665 11983 9497 9126 1370 93 0 0 0 0 0,0 0 0 0 0 3719 682 2486 371 7756 1277 93 0 0 0 0 0
static,124,957,3,163311,16384,0,1,16,0.6229820251464844,6.103515625e-05,16384 16384 16384 16384 16384 16384 16384 16384 16384 6719 6231 1291 1291 161 161 1,0 0 0 0 0 0 0 0 0 9665 488 4940 0 1130 0 160 1
static,125,958,3,109207,16384,0,0,15,0.4165916442871094,0.0,16384 16384 16384 12138 12138 8175 8175 6351 5360 3671 2107 1358 477 91 14 0,0 0 0 4246 0 3963 0 1824 991 1689 1564 749 881 386 77 14 0
static,126,963,3,122935,16384,0,0,14,0.4689598083496094,0.0,16384 16384 16384 16384 16384 10660 10152 9149 8406 2075 503 56 13 1 0 0,0 0 0 0 0 5724 508 1003 743 6331 1572 447 43 12 1 0 0
static,127,964,3,155289,16384,0,87,16,0.5923805236816406,0.00531005859375,16384 16384 16384 16384 16384 16384 16384 16384 16384 3072 1908 939 892 477 458 87,0 0 0 0 0 0 0 0 0 13312 1164 969 47 415 19 371 87
static,128,966,3,212400,16384,0,3804,16,0.81024169921875,0.232177734375,16384 16384 16384 16384 16384 16384 16384 16384 16058 15820 15430 10760 9195 5739 4522 3804,0 0 0 0 0 0 0 0 326 238 390 4670 1565 3456 1217 718 3804
static,129,968,3,141292,16384,0,67,16,0.5389862060546875,0.00408935546875,16384 16384 16384 16384 16384 16384 10300 9545 8608 6250 4559 2090 1044 362 163 67,0 0 0 0 0 0 6084 755 937 2358 1691 2469 1046 682 199 96 67
static,130,969,3,140931,16384,0,64,16,0.5376091003417969,0.00390625,16384 16384 16384 16384 16384 16384 9248 8092 7381 7068 4968 4036 1121 476 173 64,0 0 0 0 0 0 7136 1156 711 313 2100 932 2915 645 303 109 64
static,131,970,3,214121,16384,0,7621,16,0.8168067932128906,0.46514892578125,16384 16384 16384 16384 16384 16384 14699 14388 13953 13143 12205 10975 10435 9388 9010 7621,0 0 0 0 0 0 1685 311 435 810 938 1230 540 1047 378 1389 7621
static,132,971,3,194649,16384,0,3028,16,0.7425270080566406,0.184814453125,16384 16384 16384 16384 16384 16384 16384 16384 16384 9449 8837 8260 8211 4864 4544 3028,0 0 0 0 0 0 0 0 0 6935 612 577 49 3347 320 1516 3028
static,133,974,3,112829,16384,0,3,16,0.4304084777832031,0.00018310546875,16384 16384 16384 12537 12537 9015 9015 7553 7309 3489 1293 727 141 55 3 3,0 0 0 3847 0 3522 0 1462 244 3820 2196 566 586 86 52 0 3
static,134,979,3,112636,16384,0,0,13,0.4296722412109375,0.0,16384 16384 16384 16384 16384 8582 8373 6112 5673 1423 535 13 5 0 0 0,0 0 0 0 0 7802 209 2261 439 4250 888 522 8 5 0 0 0
static,135,982,3,195030,16384,0,106,16,0.7439804077148438,0.0064697265625,16384 16384 16384 16384 16384 16384 16384 16384 16384 16353 15839 7519 5311 1572 874 106,0 0 0 0 0 0 0 0 0 31 514 8320 2208 3739 698 768 106
static,136,983,3,177554,16384,0,1,16,0.6773147583007812,6.103515625e-05,16384 16384 16384 16384 16384 16384 16384 16384 16384 12247 11086 4606 1992 151 15 1,0 0 0 0 0 0 0 0 0 4137 1161 6480 2614 1841 136 14 1
static,137,984,3,196378,16384,0,645,16,0.7491226196289062,0.03936767578125,16384 16384 16384 16384 16384 16384 16384 16384 16384 16118 11723 9973 6777 2140 1546 645,0 0 0 0 0 0 0 0 0 266 4395 1750 3196 4637 594 901 645
static,138,985,3,198931,16384,0,760,16,0.7588615417480469,0.04638671875,16384 16384 16384 16384 16384 16384 16384 16384 16384 16305 11461 9970 8792 2571 1616 760,0 0 0 0 0 0 0 0 0 79 4844 1491 1178 6221 955 856 760
static,139,986,3,202249,16384,0,1845,16,0.7715187072753906,0.11260986328125,16384 16384 16384 16384 16384 16384 16384 16384 16384 15436 12222 10415 6299 5078 3498 1845,0 0 0 0 0 0 0 0 0 948 3214 1807 4116 1221 1580 1653 1845
static,140,990,3,107304,16384,0,1,16,0.409332275390625,6.103515625e-05,16384 16384 16384 12675 12675 9209 9193 8024 4727 1036 453 104 34 18 3 1,0 0 0 3709 0 3466 16 1169 3297 3691 583 349 70 16 15 2 1
static,141,995,3,100017,16384,0,0,10,0.3815345764160156,0.0,16384 16384 16384 16384 16384 7296 6676 3179 713 233 0 0 0 0 0 0,0 0 0 0 0 9088 620 3497 2466 480 233 0 0 0 0 0 0
static,142,997,3,177880,16384,0,0,13,0.678558349609375,0.0,16384 16384 16384 16384 16384 16384 16384 15316 14934 12251 11249 5490 3952 0 0 0,0 0 0 0 0 0 0 1068 382 2683 1002 5759 1538 3952 0 0 0
static,143,998,3,159713,16384,0,0,12,0.6092567443847656,0.0,16384 16384 16384 16384 16384 16384 16384 16384 16384 9345 2894 18 0 0 0 0,0 0 0 0 0 0 0 0 0 7039 6451 2876 18 0 0 0 0
static,144,999,3,143439,16384,0,0,14,0.5471763610839844,0.0,16384 16384 16384 16384 16384 16384 16384 16384 9302 2783 253 21 7 1 0 0,0 0 0 0 0 0 0 0 7082 6519 2530 232 14 6 1 0 0
static,145,1000,3,144297,16384,0,0,12,0.5504493713378906,0.0,16384 16384 16384 16384 16384 16384 16384 16384 8926 4219 46 34 0 0 0 0,0 0 0 0 0 0 0 0 7458 4707 4173 12 34 0 0 0 0
static,146,1001,3,144438,16384,0,0,12,0.5509872436523438,0.0,16384 16384 16384 16384 16384 16384 16384 16384 9301 3884 162 19 0 0 0 0,0 0 0 0 0 0 0 0 7083 5417 3722 143 19 0 0 0 0
static,147,1002,3,151974,16384,0,0,13,0.5797348022460938,0.0,16384 16384 16384 16384 16384 16384 16384 16384 12766 5998 1771 361 6 0 0 0,0 0 0 0 0 0 0 0 3618 6768 4227 1410 355 6 0 0 0
static,148,1003,3,159908,16384,0,0,12,0.6100006103515625,0.0,16384 16384 16384 16384 16384 16384 16384 11646 11251 10622 10579 1122 0 0 0 0,0 0 0 0 0 0 0 4738 395 629 43 9457 1122 0 0 0 0
static,149,1004,3,115163,16384,0,0,8,0.4393119812011719,0.0,16384 16384 16384 16384 16384 16384 16384 475 0 0 0 0 0 0 0 0,0 0 0 0 0 0 0 15909 475 0 0 0 0 0 0 0 0
static,150,1005,3,114688,16384,0,0,7,0.4375,0.0,16384 16384 16384 16384 16384 16384 16384 0 0 0 0 0 0 0 0 0,0 0 0 0 0 0 0 16384 0 0 0 0 0 0 0 0 0
static,151,1006,3,97436,16384,0,0,11,0.3716888427734375,0.0,16384 16384 16384 12809 12809 10494 10062 1798 231 68 13 0 0 0 0 0,0 0 0 3575 0 2315 432 8264 1567 163 55 13 0 0 0 0 0
static,152,1011,3,93078,16384,0,0,11,0.35506439208984375,0.0,16384 16384 16384 16384 16384 5610 4906 437 192 10 3 0 0 0 0 0,0 0 0 0 0 10774 704 4469 245 182 7 3 0 0 0 0 0
static,153,1013,3,158936,16384,0,0,11,0.606292724609375,0.0,16384 16384 16384 16384 16384 16384 16384 12357 12357 9767 9767 0 0 0 0 0,0 0 0 0 0 0 0 4027 0 2590 0 9767 0 0 0 0 0
static,154,1014,3,158010,16384,0,0,15,0.6027603149414062,0.0,16384 16384 16384 16384 16384 16384 16384 16384 16247 5317 4365 794 209 4 2 0,0 0 0 0 0 0 0 0 137 10930 952 3571 585 205 2 2 0
static,155,1015,3,158650,16384,0,0,15,0.6052017211914062,0.0,16384 16384 16384 16384 16384 16384 16118 15732 15322 6876 4320 1618 356 3 1 0,0 0 0 0 0 0 266 386 410 8446 2556 2702 1262 353 2 1 0
static,156,1016,3,155452,16384,0,1,16,0.5930023193359375,6.103515625e-05,16384 16384 16384 16384 16384 16384 16384 14384 14384 5779 5425 678 99 7 7 1,0 0 0 0 0 0 0 2000 0 8605 354 4747 579 92 0 6 1
static,157,1017,3,156545,16384,0,0,15,0.5971717834472656,0.0,16384 16384 16384 16384 16384 16384 16384 13040 13039 6701 6127 2093 691 83 83 0,0 0 0 0 0 0 0 3344 1 6338 574 4034 1402 608 0 83 0
static,158,632,2,65536,16384,0,0,4,0.25,0.0,16384 16384 16384 16384 0 0 0 0 0 0 0 0 0 0 0 0,0 0 0 0 16384 0 0 0 0 0 0 0 0 0 0 0 0
static,159,633,2,65536,16384,0,0,4,0.25,0.0,16384 16384 16384 16384 0 0 0 0 0 0 0 0 0 0 0 0,0 0 0 0 16384 0 0 0 0 0 0 0 0 0 0 0 0
static,160,634,2,95109,16384,0,0,11,0.3628120422363281,0.0,16384 16384 16384 16384 8316 8316 6214 6214 207 153 153 0 0 0 0 0,0 0 0 0 8068 0 2102 0 6007 54 0 153 0 0 0 0 0
static,161,636,2,259596,16384,0,15301,16,0.9902801513671875,0.93389892578125,16384 16384 16384 16384 16384 16384 16384 16384 16384 16384 16384 16280 16280 15884 15627 15301,0 0 0 0 0 0 0 0 0 0 0 104 0 396 257 326 15301
static,162,645,2,65536,16384,0,0,4,0.25,0.0,16384 16384 16384 16384 0 0 0 0 0 0 0 0 0 0 0 0,0 0 0 0 16384 0 0 0 0 0 0 0 0 0 0 0 0
static,163,646,2,65536,16384,0,0,4,0.25,0.0,16384 16384 16384 16384 0 0 0 0 0 0 0 0 0 0 0 0,0 0 0 0 16384 0 0 0 0 0 0 0 0 0 0 0 0
static,164,647,2,65536,16384,0,0,4,0.25,0.0,16384 16384 16384 16384 0 0 0 0 0 0 0 0 0 0 0 0,0 0 0 0 16384 0 0 0 0 0 0 0 0 0 0 0 0
static,165,648,2,65536,16384,0,0,4,0.25,0.0,16384 16384 16384 16384 0 0 0 0 0 0 0 0 0 0 0 0,0 0 0 0 16384 0 0 0 0 0 0 0 0 0 0 0 0
static,166,649,2,65536,16384,0,0,4,0.25,0.0,16384 16384 16384 16384 0 0 0 0 0 0 0 0 0 0 0 0,0 0 0 0 16384 0 0 0 0 0 0 0 0 0 0 0 0
static,167,650,2,87276,16384,0,0,8,0.3329315185546875,0.0,16384 16384 16384 16384 6436 6436 4434 4434 0 0 0 0 0 0 0 0,0 0 0 0 9948 0 2002 0 4434 0 0 0 0 0 0 0 0
static,168,662,2,65536,16384,0,0,4,0.25,0.0,16384 16384 16384 16384 0 0 0 0 0 0 0 0 0 0 0 0,0 0 0 0 16384 0 0 0 0 0 0 0 0 0 0 0 0
static,169,663,2,65536,16384,0,0,4,0.25,0.0,16384 16384 16384 16384 0 0 0 0 0 0 0 0 0 0 0 0,0 0 0 0 16384 0 0 0 0 0 0 0 0 0 0 0 0
static,170,664,2,65536,16384,0,0,4,0.25,0.0,16384 16384 16384 16384 0 0 0 0 0 0 0 0 0 0 0 0,0 0 0 0 16384 0 0 0 0 0 0 0 0 0 0 0 0
static,171,665,2,65536,16384,0,0,4,0.25,0.0,16384 16384 16384 16384 0 0 0 0 0 0 0 0 0 0 0 0,0 0 0 0 16384 0 0 0 0 0 0 0 0 0 0 0 0
static,172,666,2,79904,16384,0,0,8,0.3048095703125,0.0,16384 16384 16384 16384 4517 4517 2667 2667 0 0 0 0 0 0 0 0,0 0 0 0 11867 0 1850 0 2667 0 0 0 0 0 0 0 0
static,173,678,2,65536,16384,0,0,4,0.25,0.0,16384 16384 16384 16384 0 0 0 0 0 0 0 0 0 0 0 0,0 0 0 0 16384 0 0 0 0 0 0 0 0 0 0 0 0
static,174,679,2,65536,16384,0,0,4,0.25,0.0,16384 16384 16384 16384 0 0 0 0 0 0 0 0 0 0 0 0,0 0 0 0 16384 0 0 0 0 0 0 0 0 0 0 0 0
static,175,680,2,65536,16384,0,0,4,0.25,0.0,16384 16384 16384 16384 0 0 0 0 0 0 0 0 0 0 0 0,0 0 0 0 16384 0 0 0 0 0 0 0 0 0 0 0 0
static,176,681,2,65536,16384,0,0,4,0.25,0.0,16384 16384 16384 16384 0 0 0 0 0 0 0 0 0 0 0 0,0 0 0 0 16384 0 0 0 0 0 0 0 0 0 0 0 0
static,177,682,2,72709,16384,0,0,8,0.2773628234863281,0.0,16384 16384 16384 16384 2678 2677 909 909 0 0 0 0 0 0 0 0,0 0 0 0 13706 1 1768 0 909 0 0 0 0 0 0 0 0
static,178,685,2,189213,16384,0,4937,16,0.7217903137207031,0.30133056640625,16384 16384 16384 16384 16384 16384 16384 16384 16384 6844 6662 6201 6124 5620 5369 4937,0 0 0 0 0 0 0 0 0 9540 182 461 77 504 251 432 4937
static,179,688,2,194188,16384,0,0,13,0.7407684326171875,0.0,16384 16384 16384 16384 16384 16384 16384 16384 16384 12299 12299 11067 11067 0 0 0,0 0 0 0 0 0 0 0 0 4085 0 1232 0 11067 0 0 0
static,180,694,2,65536,16384,0,0,4,0.25,0.0,16384 16384 16384 16384 0 0 0 0 0 0 0 0 0 0 0 0,0 0 0 0 16384 0 0 0 0 0 0 0 0 0 0 0 0
static,181,695,2,65536,16384,0,0,4,0.25,0.0,16384 16384 16384 16384 0 0 0 0 0 0 0 0 0 0 0 0,0 0 0 0 16384 0 0 0 0 0 0 0 0 0 0 0 0
static,182,696,2,65536,16384,0,0,4,0.25,0.0,16384 16384 16384 16384 0 0 0 0 0 0 0 0 0 0 0 0,0 0 0 0 16384 0 0 0 0 0 0 0 0 0 0 0 0
static,183,697,2,65536,16384,0,0,4,0.25,0.0,16384 16384 16384 16384 0 0 0 0 0 0 0 0 0 0 0 0,0 0 0 0 16384 0 0 0 0 0 0 0 0 0 0 0 0
static,184,698,2,68646,16384,0,0,8,0.26186370849609375,0.0,16384 16384 16384 16384 1523 1523 32 32 0 0 0 0 0 0 0 0,0 0 0 0 14861 0 1491 0 32 0 0 0 0 0 0 0 0
static,185,701,2,203502,16384,0,6487,16,0.7762985229492188,0.39593505859375,16384 16384 16384 16384 16384 16384 16384 16384 16384 9544 9544 8230 8230 7006 7005 6487,0 0 0 0 0 0 0 0 0 6840 0 1314 0 1224 1 518 6487
static,186,704,2,187110,16384,0,0,13,0.7137680053710938,0.0,16384 16384 16384 16384 16384 16384 16384 16384 16384 10529 10529 9298 9298 0 0 0,0 0 0 0 0 0 0 0 0 5855 0 1231 0 9298 0 0 0
static,187,707,2,236708,16384,0,9444,16,0.9029693603515625,0.576416015625,16384 16384 16384 16384 16384 16384 16384 16384 16384 16384 16384 13185 13185 10511 10159 9444,0 0 0 0 0 0 0 0 0 0 0 3199 0 2674 352 715 9444
static,188,710,2,68436,16384,0,0,6,0.2610626220703125,0.0,16384 16384 16384 16384 1450 1450 0 0 0 0 0 0 0 0 0 0,0 0 0 0 14934 0 1450 0 0 0 0 0 0 0 0 0 0
static,189,711,2,66242,16384,0,0,6,0.25269317626953125,0.0,16384 16384 16384 16384 353 353 0 0 0 0 0 0 0 0 0 0,0 0 0 0 16031 0 353 0 0 0 0 0 0 0 0 0 0
static,190,712,2,66130,16384,0,0,6,0.25226593017578125,0.0,16384 16384 16384 16384 297 297 0 0 0 0 0 0 0 0 0 0,0 0 0 0 16087 0 297 0 0 0 0 0 0 0 0 0 0
static,191,713,2,68566,16384,0,0,6,0.26155853271484375,0.0,16384 16384 16384 16384 1515 1515 0 0 0 0 0 0 0 0 0 0,0 0 0 0 14869 0 1515 0 0 0 0 0 0 0 0 0 0
static,192,714,2,68194,16384,0,0,9,0.26013946533203125,0.0,16384 16384 16384 16384 1265 1265 74 27 27 0 0 0 0 0 0 0,0 0 0 0 15119 0 1191 47 0 27 0 0 0 0 0 0 0
static,193,717,2,207274,16384,0,4605,16,0.7906875610351562,0.28106689453125,16384 16384 16384 16384 16384 16384 16384 16384 16384 10680 10680 9402 9402 8318 6731 4605,0 0 0 0 0 0 0 0 0 5704 0 1278 0 1084 1587 2126 4605
static,194,720,2,180030,16384,0,0,13,0.6867599487304688,0.0,16384 16384 16384 16384 16384 16384 16384 16384 16384 8760 8760 7527 7527 0 0 0,0 0 0 0 0 0 0 0 0 7624 0 1233 0 7527 0 0 0
static,195,723,2,231928,16384,0,8327,16,0.884735107421875,0.50823974609375,16384 16384 16384 16384 16384 16384 16384 16384 16384 16384 16384 12506 12506 9351 9014 8327,0 0 0 0 0 0 0 0 0 0 0 3878 0 3155 337 687 8327
static,196,724,2,190051,16384,0,5235,16,0.7249870300292969,0.31951904296875,16384 16384 16384 16384 16384 16384 15790 14222 10841 9573 8308 8047 7338 6265 6128 5235,0 0 0 0 0 0 594 1568 3381 1268 1265 261 709 1073 137 893 5235
static,197,725,2,131617,16384,0,0,14,0.5020790100097656,0.0,16384 16384 16384 16384 16236 16236 13985 13431 3265 2389 322 200 15 2 0 0,0 0 0 0 148 0 2251 554 10166 876 2067 122 185 13 2 0 0
static,198,726,2,108190,16384,0,0,9,0.41271209716796875,0.0,16384 16384 16384 16384 11951 11951 9807 7845 1100 0 0 0 0 0 0 0,0 0 0 0 4433 0 2144 1962 6745 1100 0 0 0 0 0 0 0
static,199,727,2,96292,16384,0,0,9,0.3673248291015625,0.0,16384 16384 16384 16384 8882 8882 7144 5104 744 0 0 0 0 0 0 0,0 0 0 0 7502 0 1738 2040 4360 744 0 0 0 0 0 0 0
static,200,728,2,95569,16384,0,0,9,0.3645668029785156,0.0,16384 16384 16384 16384 8707 8706 7213 5043 364 0 0 0 0 0 0 0,0 0 0 0 7677 1 1493 2170 4679 364 0 0 0 0 0 0 0
static,201,729,2,104643,16384,0,0,9,0.3991813659667969,0.0,16384 16384 16384 16384 10965 10965 9389 7242 546 0 0 0 0 0 0 0,0 0 0 0 5419 0 1576 2147 6696 546 0 0 0 0 0 0 0
static,202,730,2,123157,16384,0,0,9,0.4698066711425781,0.0,16384 16384 16384 16384 15308 15308 13898 11869 1238 0 0 0 0 0 0 0,0 0 0 0 1076 0 1410 2029 10631 1238 0 0 0 0 0 0 0
static,203,731,2,190441,16384,0,489,16,0.7264747619628906,0.02984619140625,16384 16384 16384 16384 16384 16384 15999 15790 13251 13170 10440 10391 5698 3473 3436 489,0 0 0 0 0 0 385 209 2539 81 2730 49 4693 2225 37 2947 489
static,204,732,2,260843,16384,0,15832,16,0.9950370788574219,0.96630859375,16384 16384 16384 16384 16384 16384 16384 16384 16384 16384 16384 16384 16304 16219 15880 15832,0 0 0 0 0 0 0 0 0 0 0 0 80 85 339 48 15832
static,205,733,2,211120,16384,0,4242,16,0.80535888671875,0.2589111328125,16384 16384 16384 16384 16384 16384 16384 16384 16384 11475 11475 10227 10227 9803 6215 4242,0 0 0 0 0 0 0 0 0 4909 0 1248 0 424 3588 1973 4242
static,206,736,2,184560,16384,0,2309,16,0.70404052734375,0.14093017578125,16384 16384 16384 16384 16384 16384 16384 16384 16384 7897 7897 6207 6207 3662 2925 2309,0 0 0 0 0 0 0 0 0 8487 0 1690 0 2545 737 616 2309
static,207,737,2,245407,16384,0,9223,16,0.9361534118652344,0.56292724609375,16384 16384 16384 16384 16384 16384 16384 16384 16384 16384 16384 16384 15211 15141 9224 9223,0 0 0 0 0 0 0 0 0 0 0 0 1173 70 5917 1 9223
static,208,739,2,219787,16384,0,4625,16,0.8384208679199219,0.28228759765625,16384 16384 16384 16384 16384 16384 16384 16384 16384 16384 16384 10613 10613 7171 6541 4625,0 0 0 0 0 0 0 0 0 0 0 5771 0 3442 630 1916 4625
static,209,740,2,200790,16384,0,4166,16,0.7659530639648438,0.2542724609375,16384 16384 16384 16384 16384 16384 16106 15324 12860 11469 10266 9784 8555 7338 6618 4166,0 0 0 0 0 0 278 782 2464 1391 1203 482 1229 1217 720 2452 4166
static,210,741,2,127913,16384,0,0,14,0.4879493713378906,0.0,16384 16384 16384 16384 16384 16384 9725 9725 5793 3205 1050 87 22 2 0 0,0 0 0 0 0 0 6659 0 3932 2588 2155 963 65 20 2 0 0
static,211,742,2,139531,16384,0,0,11,0.5322685241699219,0.0,16384 16384 16384 16384 16384 16384 15436 15435 7384 2291 681 0 0 0 0 0,0 0 0 0 0 0 948 1 8051 5093 1610 681 0 0 0 0 0
static,212,743,2,148498,16384,0,0,11,0.5664749145507812,0.0,16384 16384 16384 16384 16384 16384 16384 16384 11230 5153 1043 0 0 0 0 0,0 0 0 0 0 0 0 0 5154 6077 4110 1043 0 0 0 0 0
static,213,744,2,160251,16384,0,0,15,0.6113090515136719,0.0,16384 16384 16384 16384 16384 16384 16384 16384 12863 10538 4757 726 164 66 65 0,0 0 0 0 0 0 0 0 3521 2325 5781 4031 562 98 1 65 0
static,214,745,2,153338,16384,0,0,12,0.5849380493164062,0.0,16384 16384 16384 16384 16384 16384 16384 16384 14207 6367 1656 36 0 0 0 0,0 0 0 0 0 0 0 0 2177 7840 4711 1620 36 0 0 0 0
static,215,746,2,148723,16384,0,0,11,0.5673332214355469,0.0,16384 16384 16384 16384 16384 16384 16345 16345 13767 3279 683 0 0 0 0 0,0 0 0 0 0 0 39 0 2578 10488 2596 683 0 0 0 0 0
static,216,747,2,202388,16384,0,3325,16,0.7720489501953125,0.20294189453125,16384 16384 16384 16384 16384 16384 16376 16376 15694 12309 11601 10344 9262 4674 4123 3325,0 0 0 0 0 0 8 0 682 3385 708 1257 1082 4588 551 798 3325
static,217,748,2,262024,16384,0,16287,16,0.999542236328125,0.99407958984375,16384 16384 16384 16384 16384 16384 16384 16384 16384 16384 16384 16384 16384 16384 16361 16287,0 0 0 0 0 0 0 0 0 0 0 0 0 0 23 74 16287
static,218,749,2,227551,16384,0,9423,16,0.8680381774902344,0.57513427734375,16384 16384 16384 16384 16384 16384 16384 16384 16384 13243 13243 11997 11997 10378 9814 9423,0 0 0 0 0 0 0 0 0 3141 0 1246 0 1619 564 391 9423
static,219,752,2,194500,16384,0,1853,16,0.7419586181640625,0.11309814453125,16384 16384 16384 16384 16384 16384 16384 16384 16384 10592 10592 7614 7614 4395 4384 1853,0 0 0 0 0 0 0 0 0 5792 0 2978 0 3219 11 2531 1853
static,220,755,2,213142,16384,0,4677,16,0.8130722045898438,0.28546142578125,16384 16384 16384 16384 16384 16384 16384 16384 16384 16384 16384 8895 8895 5300 5151 4677,0 0 0 0 0 0 0 0 0 0 0 7489 0 3595 149 474 4677
static,221,756,2,227834,16384,0,9086,16,0.8691177368164062,0.5545654296875,16384 16384 16384 16384 16384 16384 16384 16384 15937 15384 12234 12007 11243 11063 9808 9086,0 0 0 0 0 0 0 0 447 553 3150 227 764 180 1255 722 9086
static,222,757,2,142221,16384,0,0,14,0.5425300598144531,0.0,16384 16384 16384 16384 16384 16384 13372 13372 11047 4832 759 415 65 55 0 0,0 0 0 0 0 0 3012 0 2325 6215 4073 344 350 10 55 0 0
static,223,758,2,128056,16384,0,0,9,0.488494873046875,0.0,16384 16384 16384 16384 16384 16384 10716 10716 8320 0 0 0 0 0 0 0,0 0 0 0 0 0 5668 0 2396 8320 0 0 0 0 0 0 0
static,224,759,2,124010,16384,0,0,9,0.47306060791015625,0.0,16384 16384 16384 16384 16384 16384 9367 9366 6973 0 0 0 0 0 0 0,0 0 0 0 0 0 7017 1 2393 6973 0 0 0 0 0 0 0
static,225,760,2,142134,16384,0,112,16,0.5421981811523438,0.0068359375,16384 16384 16384 16384 16384 16384 12380 12380 6955 5393 3185 1640 1113 451 221 112,0 0 0 0 0 0 4004 0 5425 1562 2208 1545 527 662 230 109 112
static,226,761,2,116483,16384,0,0,13,0.4443473815917969,0.0,16384 16384 16384 16384 16384 16384 6672 6672 4278 495 49 8 5 0 0 0,0 0 0 0 0 0 9712 0 2394 3783 446 41 3 5 0 0 0
static,227,762,2,111891,16384,0,0,9,0.4268302917480469,0.0,16384 16384 16384 16384 16384 16384 5328 5327 2932 0 0 0 0 0 0 0,0 0 0 0 0 0 11056 1 2395 2932 0 0 0 0 0 0 0
static,228,763,2,166066,16384,0,2396,16,0.6334915161132812,0.146240234375,16384 16384 16384 16384 16384 16384 11523 11522 9528 8850 6169 5987 4898 4357 2532 2396,0 0 0 0 0 0 4861 1 1994 678 2681 182 1089 541 1825 136 2396
static,229,764,2,262144,16384,0,16384,16,1.0,1.0,16384 16384 16384 16384 16384 16384 16384 16384 16384 16384 16384 16384 16384 16384 16384 16384,0 0 0 0 0 0 0 0 0 0 0 0 0 0 0 0 16384
static,230,382,1,197381,16384,0,3336,16,0.7529487609863281,0.20361328125,16384 16384 16384 16384 16384 16384 16384 16384 15446 15204 15204 5045 4709 4028 3337 3336,0 0 0 0 0 0 0 0 938 242 0 10159 336 681 691 1 3336
static,231,383,1,262144,16384,0,16384,16,1.0,1.0,16384 16384 16384 16384 16384 16384 16384 16384 16384 16384 16384 16384 16384 16384 16384 16384,0 0 0 0 0 0 0 0 0 0 0 0 0 0 0 0 16384
static,232,399,1,261494,16384,0,16015,16,0.9975204467773438,0.97747802734375,16384 16384 16384 16384 16384 16384 16384 16384 16384 16384 16384 16384 16384 16384 16103 16015,0 0 0 0 0 0 0 0 0 0 0 0 0 0 281 88 16015
static,233,400,1,187273,16384,0,2942,16,0.7143898010253906,0.1795654296875,16384 16384 16384 16384 16255 16255 14420 14420 10927 10839 9629 8576 6974 6036 4464 2942,0 0 0 0 129 0 1835 0 3493 88 1210 1053 1602 938 1572 1522 2942
static,234,401,1,75580,16384,0,0,14,0.2883148193359375,0.0,16384 16384 16384 16384 2296 2296 1616 1616 1002 1002 106 106 2 2 0 0,0 0 0 0 14088 0 680 0 614 0 896 0 104 0 2 0 0
static,235,415,1,256769,16384,0,14288,16,0.9794960021972656,0.8720703125,16384 16384 16384 16384 16384 16384 16384 16384 16384 16384 16384 16384 15722 15559 14592 14288,0 0 0 0 0 0 0 0 0 0 0 0 662 163 967 304 14288
static,236,416,1,203973,16384,0,6633,16,0.7780952453613281,0.40484619140625,16384 16384 16384 16384 16371 16371 14561 14561 11700 11684 11197 11000 8861 8422 7076 6633,0 0 0 0 13 0 1810 0 2861 16 487 197 2139 439 1346 443 6633
static,237,417,1,78393,16384,0,0,14,0.2990455627441406,0.0,16384 16384 16384 16384 3244 3244 2249 2249 838 837 89 89 9 9 0 0,0 0 0 0 13140 0 995 0 1411 1 748 0 80 0 9 0 0
static,238,430,1,175836,16384,0,0,15,0.6707611083984375,0.0,16384 16384 16384 16384 16384 16384 16384 16384 10703 10490 9970 7355 4908 711 627 0,0 0 0 0 0 0 0 0 5681 213 520 2615 2447 4197 84 627 0
static,239,431,1,256998,16384,0,14515,16,0.9803695678710938,0.88592529296875,16384 16384 16384 16384 16384 16384 16384 16384 16384 16384 16384 16227 15952 15379 14701 14515,0 0 0 0 0 0 0 0 0 0 0 157 275 573 678 186 14515
static,240,432,1,225152,16384,0,7991,16,0.85888671875,0.48773193359375,16384 16384 16384 16384 16384 16384 16181 16181 14235 14235 13398 12601 11827 11072 9127 7991,0 0 0 0 0 0 203 0 1946 0 837 797 774 755 1945 1136 7991
static,241,433,1,84892,16384,0,4,16,0.3238372802734375,0.000244140625,16384 16384 16384 16384 7649 5539 2027 2013 741 731 230 230 100 78 14 4,0 0 0 0 8735 2110 3512 14 1272 10 501 0 130 22 64 10 4
static,242,434,1,98807,16384,0,0,14,0.3769187927246094,0.0,16384 16384 16384 16384 13583 9724 3080 3069 1826 1821 51 51 33 33 0 0,0 0 0 0 2801 3859 6644 11 1243 5 1770 0 18 0 33 0 0
static,243,435,1,66031,16384,0,0,5,0.2518882751464844,0.0,16384 16384 16384 16384 495 0 0 0 0 0 0 0 0 0 0 0,0 0 0 0 15889 495 0 0 0 0 0 0 0 0 0 0 0
static,244,446,1,211588,16384,0,5034,16,0.8071441650390625,0.3072509765625,16384 16384 16384 16384 16384 16384 16384 16384 14220 14218 12323 12254 8225 7404 6838 5034,0 0 0 0 0 0 0 0 2164 2 1895 69 4029 821 566 1804 5034
static,245,447,1,261498,16384,0,16115,16,0.9975357055664062,0.98358154296875,16384 16384 16384 16384 16384 16384 16384 16384 16384 16384 16384 16384 16330 16330 16115 16115,0 0 0 0 0 0 0 0 0 0 0 0 54 0 215 0 16115
static,246,448,1,241250,16384,0,9877,16,0.9202957153320312,0.60284423828125,16384 16384 16384 16384 16384 16384 16384 16384 16384 16384 16384 13654 13628 13226 10641 9877,0 0 0 0 0 0 0 0 0 0 0 2730 26 402 2585 764 9877
static,247,449,1,127715,16384,0,5,16,0.4871940612792969,0.00030517578125,16384 16384 16384 16384 14195 12119 10627 8544 7512 4320 2995 1010 592 167 93 5,0 0 0 0 2189 2076 1492 2083 1032 3192 1325 1985 418 425 74 88 5
static,248,450,1,158500,16384,0,2,16,0.6046295166015625,0.0001220703125,16384 16384 16384 16384 16384 16375 16151 14745 11948 8713 4854 2353 983 388 68 2,0 0 0 0 0 9 224 1406 2797 3235 3859 2501 1370 595 320 66 2
static,249,451,1,79302,16384,0,0,12,0.30251312255859375,0.0,16384 16384 16384 16384 4236 3966 2734 1636 928 196 58 12 0 0 0 0,0 0 0 0 12148 270 1232 1098 708 732 138 46 12 0 0 0 0
static,250,462,1,195586,16384,0,3595,16,0.7461013793945312,0.21942138671875,16384 16384 16384 16384 16384 16384 16384 16384 12223 12196 9755 9541 6280 5567 5357 3595,0 0 0 0 0 0 0 0 4161 27 2441 214 3261 713 210 1762 3595
static,251,463,1,257274,16384,0,13927,16,0.9814224243164062,0.85003662109375,16384 16384 16384 16384 16384 16384 16384 16384 16384 16384 16384 16384 16282 15682 14775 13927,0 0 0 0 0 0 0 0 0 0 0 0 102 600 907 848 13927
static,252,464,1,244714,16384,0,10305,16,0.9335098266601562,0.62896728515625,16384 16384 16384 16384 16384 16384 16384 16384 16384 16384 16384 15089 13958 13392 11746 10305,0 0 0 0 0 0 0 0 0 0 0 1295 1131 566 1646 1441 10305
static,253,465,1,118937,16384,0,0,15,0.4537086486816406,0.0,16384 16384 16384 16384 16384 8174 7904 6467 6205 4314 3785 83 79 3 3 0,0 0 0 0 0 8210 270 1437 262 1891 529 3702 4 76 0 3 0
static,254,466,1,108105,16384,0,0,15,0.4123878479003906,0.0,16384 16384 16384 16384 13104 8921 7268 6216 4024 1950 821 231 27 6 1 0,0 0 0 0 3280 4183 1653 1052 2192 2074 1129 590 204 21 5 1 0
static,255,467,1,68093,16384,0,0,9,0.2597541809082031,0.0,16384 16384 16384 16384 890 695 586 367 19 0 0 0 0 0 0 0,0 0 0 0 15494 195 109 219 348 19 0 0 0 0 0 0 0
dynamic,0,2439,9,0,0,16384,0,0,0.0,0.0,0 0 0 0 0 0 0 0 0 0 0 0 0 0 0 0,16384 0 0 0 0 0 0 0 0 0 0 0 0 0 0 0 0
dynamic,1,2440,9,0,0,16384,0,0,0.0,0.0,0 0 0 0 0 0 0 0 0 0 0 0 0 0 0 0,16384 0 0 0 0 0 0 0 0 0 0 0 0 0 0 0 0
dynamic,2,1146,4,0,0,16384,0,0,0.0,0.0,0 0 0 0 0 0 0 0 0 0 0 0 0 0 0 0,16384 0 0 0 0 0 0 0 0 0 0 0 0 0 0 0 0
dynamic,3,1157,4,0,0,16384,0,0,0.0,0.0,0 0 0 0 0 0 0 0 0 0 0 0 0 0 0 0,16384 0 0 0 0 0 0 0 0 0 0 0 0 0 0 0 0
dynamic,4,1158,4,0,0,16384,0,0,0.0,0.0,0 0 0 0 0 0 0 0 0 0 0 0 0 0 0 0,16384 0 0 0 0 0 0 0 0 0 0 0 0 0 0 0 0
dynamic,5,1160,4,0,0,16384,0,0,0.0,0.0,0 0 0 0 0 0 0 0 0 0 0 0 0 0 0 0,16384 0 0 0 0 0 0 0 0 0 0 0 0 0 0 0 0
dynamic,6,1161,4,0,0,16384,0,0,0.0,0.0,0 0 0 0 0 0 0 0 0 0 0 0 0 0 0 0,16384 0 0 0 0 0 0 0 0 0 0 0 0 0 0 0 0
dynamic,7,1162,4,0,0,16384,0,0,0.0,0.0,0 0 0 0 0 0 0 0 0 0 0 0 0 0 0 0,16384 0 0 0 0 0 0 0 0 0 0 0 0 0 0 0 0
dynamic,8,1163,4,0,0,16384,0,0,0.0,0.0,0 0 0 0 0 0 0 0 0 0 0 0 0 0 0 0,16384 0 0 0 0 0 0 0 0 0 0 0 0 0 0 0 0
dynamic,9,1173,4,0,0,16384,0,0,0.0,0.0,0 0 0 0 0 0 0 0 0 0 0 0 0 0 0 0,16384 0 0 0 0 0 0 0 0 0 0 0 0 0 0 0 0
dynamic,10,1174,4,0,0,16384,0,0,0.0,0.0,0 0 0 0 0 0 0 0 0 0 0 0 0 0 0 0,16384 0 0 0 0 0 0 0 0 0 0 0 0 0 0 0 0
dynamic,11,1175,4,0,0,16384,0,0,0.0,0.0,0 0 0 0 0 0 0 0 0 0 0 0 0 0 0 0,16384 0 0 0 0 0 0 0 0 0 0 0 0 0 0 0 0
dynamic,12,1176,4,0,0,16384,0,0,0.0,0.0,0 0 0 0 0 0 0 0 0 0 0 0 0 0 0 0,16384 0 0 0 0 0 0 0 0 0 0 0 0 0 0 0 0
dynamic,13,1177,4,0,0,16384,0,0,0.0,0.0,0 0 0 0 0 0 0 0 0 0 0 0 0 0 0 0,16384 0 0 0 0 0 0 0 0 0 0 0 0 0 0 0 0
dynamic,14,1178,4,0,0,16384,0,0,0.0,0.0,0 0 0 0 0 0 0 0 0 0 0 0 0 0 0 0,16384 0 0 0 0 0 0 0 0 0 0 0 0 0 0 0 0
dynamic,15,1179,4,0,0,16384,0,0,0.0,0.0,0 0 0 0 0 0 0 0 0 0 0 0 0 0 0 0,16384 0 0 0 0 0 0 0 0 0 0 0 0 0 0 0 0
dynamic,16,1189,4,0,0,16384,0,0,0.0,0.0,0 0 0 0 0 0 0 0 0 0 0 0 0 0 0 0,16384 0 0 0 0 0 0 0 0 0 0 0 0 0 0 0 0
dynamic,17,1190,4,0,0,16384,0,0,0.0,0.0,0 0 0 0 0 0 0 0 0 0 0 0 0 0 0 0,16384 0 0 0 0 0 0 0 0 0 0 0 0 0 0 0 0
dynamic,18,1191,4,0,0,16384,0,0,0.0,0.0,0 0 0 0 0 0 0 0 0 0 0 0 0 0 0 0,16384 0 0 0 0 0 0 0 0 0 0 0 0 0 0 0 0
dynamic,19,1192,4,0,0,16384,0,0,0.0,0.0,0 0 0 0 0 0 0 0 0 0 0 0 0 0 0 0,16384 0 0 0 0 0 0 0 0 0 0 0 0 0 0 0 0
dynamic,20,1193,4,0,0,16384,0,0,0.0,0.0,0 0 0 0 0 0 0 0 0 0 0 0 0 0 0 0,16384 0 0 0 0 0 0 0 0 0 0 0 0 0 0 0 0
dynamic,21,1194,4,0,0,16384,0,0,0.0,0.0,0 0 0 0 0 0 0 0 0 0 0 0 0 0 0 0,16384 0 0 0 0 0 0 0 0 0 0 0 0 0 0 0 0
dynamic,22,1195,4,0,0,16384,0,0,0.0,0.0,0 0 0 0 0 0 0 0 0 0 0 0 0 0 0 0,16384 0 0 0 0 0 0 0 0 0 0 0 0 0 0 0 0
dynamic,23,1205,4,0,0,16384,0,0,0.0,0.0,0 0 0 0 0 0 0 0 0 0 0 0 0 0 0 0,16384 0 0 0 0 0 0 0 0 0 0 0 0 0 0 0 0
dynamic,24,1206,4,0,0,16384,0,0,0.0,0.0,0 0 0 0 0 0 0 0 0 0 0 0 0 0 0 0,16384 0 0 0 0 0 0 0 0 0 0 0 0 0 0 0 0
dynamic,25,1207,4,0,0,16384,0,0,0.0,0.0,0 0 0 0 0 0 0 0 0 0 0 0 0 0 0 0,16384 0 0 0 0 0 0 0 0 0 0 0 0 0 0 0 0
dynamic,26,1208,4,0,0,16384,0,0,0.0,0.0,0 0 0 0 0 0 0 0 0 0 0 0 0 0 0 0,16384 0 0 0 0 0 0 0 0 0 0 0 0 0 0 0 0
dynamic,27,1209,4,0,0,16384,0,0,0.0,0.0,0 0 0 0 0 0 0 0 0 0 0 0 0 0 0 0,16384 0 0 0 0 0 0 0 0 0 0 0 0 0 0 0 0
dynamic,28,1210,4,0,0,16384,0,0,0.0,0.0,0 0 0 0 0 0 0 0 0 0 0 0 0 0 0 0,16384 0 0 0 0 0 0 0 0 0 0 0 0 0 0 0 0
dynamic,29,1211,4,0,0,16384,0,0,0.0,0.0,0 0 0 0 0 0 0 0 0 0 0 0 0 0 0 0,16384 0 0 0 0 0 0 0 0 0 0 0 0 0 0 0 0
dynamic,30,888,3,0,0,16384,0,0,0.0,0.0,0 0 0 0 0 0 0 0 0 0 0 0 0 0 0 0,16384 0 0 0 0 0 0 0 0 0 0 0 0 0 0 0 0
dynamic,31,889,3,0,0,16384,0,0,0.0,0.0,0 0 0 0 0 0 0 0 0 0 0 0 0 0 0 0,16384 0 0 0 0 0 0 0 0 0 0 0 0 0 0 0 0
dynamic,32,890,3,0,0,16384,0,0,0.0,0.0,0 0 0 0 0 0 0 0 0 0 0 0 0 0 0 0,16384 0 0 0 0 0 0 0 0 0 0 0 0 0 0 0 0
dynamic,33,902,3,0,0,16384,0,0,0.0,0.0,0 0 0 0 0 0 0 0 0 0 0 0 0 0 0 0,16384 0 0 0 0 0 0 0 0 0 0 0 0 0 0 0 0
dynamic,34,903,3,0,0,16384,0,0,0.0,0.0,0 0 0 0 0 0 0 0 0 0 0 0 0 0 0 0,16384 0 0 0 0 0 0 0 0 0 0 0 0 0 0 0 0
dynamic,35,904,3,0,0,16384,0,0,0.0,0.0,0 0 0 0 0 0 0 0 0 0 0 0 0 0 0 0,16384 0 0 0 0 0 0 0 0 0 0 0 0 0 0 0 0
dynamic,36,905,3,0,0,16384,0,0,0.0,0.0,0 0 0 0 0 0 0 0 0 0 0 0 0 0 0 0,16384 0 0 0 0 0 0 0 0 0 0 0 0 0 0 0 0
dynamic,37,906,3,0,0,16384,0,0,0.0,0.0,0 0 0 0 0 0 0 0 0 0 0 0 0 0 0 0,16384 0 0 0 0 0 0 0 0 0 0 0 0 0 0 0 0
dynamic,38,907,3,0,0,16384,0,0,0.0,0.0,0 0 0 0 0 0 0 0 0 0 0 0 0 0 0 0,16384 0 0 0 0 0 0 0 0 0 0 0 0 0 0 0 0
dynamic,39,916,3,0,0,16384,0,0,0.0,0.0,0 0 0 0 0 0 0 0 0 0 0 0 0 0 0 0,16384 0 0 0 0 0 0 0 0 0 0 0 0 0 0 0 0
dynamic,40,918,3,0,0,16384,0,0,0.0,0.0,0 0 0 0 0 0 0 0 0 0 0 0 0 0 0 0,16384 0 0 0 0 0 0 0 0 0 0 0 0 0 0 0 0
dynamic,41,919,3,0,0,16384,0,0,0.0,0.0,0 0 0 0 0 0 0 0 0 0 0 0 0 0 0 0,16384 0 0 0 0 0 0 0 0 0 0 0 0 0 0 0 0
dynamic,42,920,3,0,0,16384,0,0,0.0,0.0,0 0 0 0 0 0 0 0 0 0 0 0 0 0 0 0,16384 0 0 0 0 0 0 0 0 0 0 0 0 0 0 0 0
dynamic,43,921,3,0,0,16384,0,0,0.0,0.0,0 0 0 0 0 0 0 0 0 0 0 0 0 0 0 0,16384 0 0 0 0 0 0 0 0 0 0 0 0 0 0 0 0
dynamic,44,922,3,0,0,16384,0,0,0.0,0.0,0 0 0 0 0 0 0 0 0 0 0 0 0 0 0 0,16384 0 0 0 0 0 0 0 0 0 0 0 0 0 0 0 0
dynamic,45,923,3,0,0,16384,0,0,0.0,0.0,0 0 0 0 0 0 0 0 0 0 0 0 0 0 0 0,16384 0 0 0 0 0 0 0 0 0 0 0 0 0 0 0 0
dynamic,46,932,3,0,0,16384,0,0,0.0,0.0,0 0 0 0 0 0 0 0 0 0 0 0 0 0 0 0,16384 0 0 0 0 0 0 0 0 0 0 0 0 0 0 0 0
dynamic,47,934,3,0,0,16384,0,0,0.0,0.0,0 0 0 0 0 0 0 0 0 0 0 0 0 0 0 0,16384 0 0 0 0 0 0 0 0 0 0 0 0 0 0 0 0
dynamic,48,935,3,0,0,16384,0,0,0.0,0.0,0 0 0 0 0 0 0 0 0 0 0 0 0 0 0 0,16384 0 0 0 0 0 0 0 0 0 0 0 0 0 0 0 0
dynamic,49,936,3,0,0,16384,0,0,0.0,0.0,0 0 0 0 0 0 0 0 0 0 0 0 0 0 0 0,16384 0 0 0 0 0 0 0 0 0 0 0 0 0 0 0 0
dynamic,50,937,3,0,0,16384,0,0,0.0,0.0,0 0 0 0 0 0 0 0 0 0 0 0 0 0 0 0,16384 0 0 0 0 0 0 0 0 0 0 0 0 0 0 0 0
dynamic,51,938,3,0,0,16384,0,0,0.0,0.0,0 0 0 0 0 0 0 0 0 0 0 0 0 0 0 0,16384 0 0 0 0 0 0 0 0 0 0 0 0 0 0 0 0
dynamic,52,939,3,0,0,16384,0,0,0.0,0.0,0 0 0 0 0 0 0 0 0 0 0 0 0 0 0 0,16384 0 0 0 0 0 0 0 0 0 0 0 0 0 0 0 0
dynamic,53,948,3,0,0,16384,0,0,0.0,0.0,0 0 0 0 0 0 0 0 0 0 0 0 0 0 0 0,16384 0 0 0 0 0 0 0 0 0 0 0 0 0 0 0 0
dynamic,54,949,3,0,0,16384,0,0,0.0,0.0,0 0 0 0 0 0 0 0 0 0 0 0 0 0 0 0,16384 0 0 0 0 0 0 0 0 0 0 0 0 0 0 0 0
dynamic,55,950,3,0,0,16384,0,0,0.0,0.0,0 0 0 0 0 0 0 0 0 0 0 0 0 0 0 0,16384 0 0 0 0 0 0 0 0 0 0 0 0 0 0 0 0
dynamic,56,951,3,0,0,16384,0,0,0.0,0.0,0 0 0 0 0 0 0 0 0 0 0 0 0 0 0 0,16384 0 0 0 0 0 0 0 0 0 0 0 0 0 0 0 0
dynamic,57,952,3,0,0,16384,0,0,0.0,0.0,0 0 0 0 0 0 0 0 0 0 0 0 0 0 0 0,16384 0 0 0 0 0 0 0 0 0 0 0 0 0 0 0 0
dynamic,58,953,3,0,0,16384,0,0,0.0,0.0,0 0 0 0 0 0 0 0 0 0 0 0 0 0 0 0,16384 0 0 0 0 0 0 0 0 0 0 0 0 0 0 0 0
dynamic,59,954,3,0,0,16384,0,0,0.0,0.0,0 0 0 0 0 0 0 0 0 0 0 0 0 0 0 0,16384 0 0 0 0 0 0 0 0 0 0 0 0 0 0 0 0
dynamic,60,955,3,0,0,16384,0,0,0.0,0.0,0 0 0 0 0 0 0 0 0 0 0 0 0 0 0 0,16384 0 0 0 0 0 0 0 0 0 0 0 0 0 0 0 0
dynamic,61,967,3,0,0,16384,0,0,0.0,0.0,0 0 0 0 0 0 0 0 0 0 0 0 0 0 0 0,16384 0 0 0 0 0 0 0 0 0 0 0 0 0 0 0 0
dynamic,62,635,2,0,0,16384,0,0,0.0,0.0,0 0 0 0 0 0 0 0 0 0 0 0 0 0 0 0,16384 0 0 0 0 0 0 0 0 0 0 0 0 0 0 0 0
dynamic,63,643,2,0,0,16384,0,0,0.0,0.0,0 0 0 0 0 0 0 0 0 0 0 0 0 0 0 0,16384 0 0 0 0 0 0 0 0 0 0 0 0 0 0 0 0
dynamic,64,644,2,0,0,16384,0,0,0.0,0.0,0 0 0 0 0 0 0 0 0 0 0 0 0 0 0 0,16384 0 0 0 0 0 0 0 0 0 0 0 0 0 0 0 0
dynamic,65,651,2,0,0,16384,0,0,0.0,0.0,0 0 0 0 0 0 0 0 0 0 0 0 0 0 0 0,16384 0 0 0 0 0 0 0 0 0 0 0 0 0 0 0 0
dynamic,66,652,2,0,0,16384,0,0,0.0,0.0,0 0 0 0 0 0 0 0 0 0 0 0 0 0 0 0,16384 0 0 0 0 0 0 0 0 0 0 0 0 0 0 0 0
dynamic,67,659,2,0,0,16384,0,0,0.0,0.0,0 0 0 0 0 0 0 0 0 0 0 0 0 0 0 0,16384 0 0 0 0 0 0 0 0 0 0 0 0 0 0 0 0
dynamic,68,660,2,0,0,16384,0,0,0.0,0.0,0 0 0 0 0 0 0 0 0 0 0 0 0 0 0 0,16384 0 0 0 0 0 0 0 0 0 0 0 0 0 0 0 0
dynamic,69,661,2,0,0,16384,0,0,0.0,0.0,0 0 0 0 0 0 0 0 0 0 0 0 0 0 0 0,16384 0 0 0 0 0 0 0 0 0 0 0 0 0 0 0 0
dynamic,70,667,2,0,0,16384,0,0,0.0,0.0,0 0 0 0 0 0 0 0 0 0 0 0 0 0 0 0,16384 0 0 0 0 0 0 0 0 0 0 0 0 0 0 0 0
dynamic,71,668,2,0,0,16384,0,0,0.0,0.0,0 0 0 0 0 0 0 0 0 0 0 0 0 0 0 0,16384 0 0 0 0 0 0 0 0 0 0 0 0 0 0 0 0
dynamic,72,675,2,0,0,16384,0,0,0.0,0.0,0 0 0 0 0 0 0 0 0 0 0 0 0 0 0 0,16384 0 0 0 0 0 0 0 0 0 0 0 0 0 0 0 0
dynamic,73,676,2,0,0,16384,0,0,0.0,0.0,0 0 0 0 0 0 0 0 0 0 0 0 0 0 0 0,16384 0 0 0 0 0 0 0 0 0 0 0 0 0 0 0 0
dynamic,74,677,2,0,0,16384,0,0,0.0,0.0,0 0 0 0 0 0 0 0 0 0 0 0 0 0 0 0,16384 0 0 0 0 0 0 0 0 0 0 0 0 0 0 0 0
dynamic,75,683,2,0,0,16384,0,0,0.0,0.0,0 0 0 0 0 0 0 0 0 0 0 0 0 0 0 0,16384 0 0 0 0 0 0 0 0 0 0 0 0 0 0 0 0
dynamic,76,684,2,0,0,16384,0,0,0.0,0.0,0 0 0 0 0 0 0 0 0 0 0 0 0 0 0 0,16384 0 0 0 0 0 0 0 0 0 0 0 0 0 0 0 0
dynamic,77,691,2,0,0,16384,0,0,0.0,0.0,0 0 0 0 0 0 0 0 0 0 0 0 0 0 0 0,16384 0 0 0 0 0 0 0 0 0 0 0 0 0 0 0 0
dynamic,78,692,2,0,0,16384,0,0,0.0,0.0,0 0 0 0 0 0 0 0 0 0 0 0 0 0 0 0,16384 0 0 0 0 0 0 0 0 0 0 0 0 0 0 0 0
dynamic,79,693,2,0,0,16384,0,0,0.0,0.0,0 0 0 0 0 0 0 0 0 0 0 0 0 0 0 0,16384 0 0 0 0 0 0 0 0 0 0 0 0 0 0 0 0
dynamic,80,699,2,0,0,16384,0,0,0.0,0.0,0 0 0 0 0 0 0 0 0 0 0 0 0 0 0 0,16384 0 0 0 0 0 0 0 0 0 0 0 0 0 0 0 0
dynamic,81,700,2,0,0,16384,0,0,0.0,0.0,0 0 0 0 0 0 0 0 0 0 0 0 0 0 0 0,16384 0 0 0 0 0 0 0 0 0 0 0 0 0 0 0 0
dynamic,82,708,2,0,0,16384,0,0,0.0,0.0,0 0 0 0 0 0 0 0 0 0 0 0 0 0 0 0,16384 0 0 0 0 0 0 0 0 0 0 0 0 0 0 0 0
dynamic,83,709,2,0,0,16384,0,0,0.0,0.0,0 0 0 0 0 0 0 0 0 0 0 0 0 0 0 0,16384 0 0 0 0 0 0 0 0 0 0 0 0 0 0 0 0
dynamic,84,715,2,0,0,16384,0,0,0.0,0.0,0 0 0 0 0 0 0 0 0 0 0 0 0 0 0 0,16384 0 0 0 0 0 0 0 0 0 0 0 0 0 0 0 0
dynamic,85,716,2,0,0,16384,0,0,0.0,0.0,0 0 0 0 0 0 0 0 0 0 0 0 0 0 0 0,16384 0 0 0 0 0 0 0 0 0 0 0 0 0 0 0 0
dynamic,86,2183,8,0,0,16384,0,0,0.0,0.0,0 0 0 0 0 0 0 0 0 0 0 0 0 0 0 0,16384 0 0 0 0 0 0 0 0 0 0 0 0 0 0 0 0
dynamic,87,2184,8,0,0,16384,0,0,0.0,0.0,0 0 0 0 0 0 0 0 0 0 0 0 0 0 0 0,16384 0 0 0 0 0 0 0 0 0 0 0 0 0 0 0 0
dynamic,88,1927,7,0,0,16384,0,0,0.0,0.0,0 0 0 0 0 0 0 0 0 0 0 0 0 0 0 0,16384 0 0 0 0 0 0 0 0 0 0 0 0 0 0 0 0
dynamic,89,1928,7,0,0,16384,0,0,0.0,0.0,0 0 0 0 0 0 0 0 0 0 0 0 0 0 0 0,16384 0 0 0 0 0 0 0 0 0 0 0 0 0 0 0 0
dynamic,90,1671,6,0,0,16384,0,0,0.0,0.0,0 0 0 0 0 0 0 0 0 0 0 0 0 0 0 0,16384 0 0 0 0 0 0 0 0 0 0 0 0 0 0 0 0
dynamic,91,1672,6,0,0,16384,0,0,0.0,0.0,0 0 0 0 0 0 0 0 0 0 0 0 0 0 0 0,16384 0 0 0 0 0 0 0 0 0 0 0 0 0 0 0 0
dynamic,92,1687,6,0,0,16384,0,0,0.0,0.0,0 0 0 0 0 0 0 0 0 0 0 0 0 0 0 0,16384 0 0 0 0 0 0 0 0 0 0 0 0 0 0 0 0
dynamic,93,1688,6,0,0,16384,0,0,0.0,0.0,0 0 0 0 0 0 0 0 0 0 0 0 0 0 0 0,16384 0 0 0 0 0 0 0 0 0 0 0 0 0 0 0 0
dynamic,94,1414,5,0,0,16384,0,0,0.0,0.0,0 0 0 0 0 0 0 0 0 0 0 0 0 0 0 0,16384 0 0 0 0 0 0 0 0 0 0 0 0 0 0 0 0
dynamic,95,1415,5,0,0,16384,0,0,0.0,0.0,0 0 0 0 0 0 0 0 0 0 0 0 0 0 0 0,16384 0 0 0 0 0 0 0 0 0 0 0 0 0 0 0 0
dynamic,96,1416,5,0,0,16384,0,0,0.0,0.0,0 0 0 0 0 0 0 0 0 0 0 0 0 0 0 0,16384 0 0 0 0 0 0 0 0 0 0 0 0 0 0 0 0
dynamic,97,1417,5,0,0,16384,0,0,0.0,0.0,0 0 0 0 0 0 0 0 0 0 0 0 0 0 0 0,16384 0 0 0 0 0 0 0 0 0 0 0 0 0 0 0 0
dynamic,98,1430,5,0,0,16384,0,0,0.0,0.0,0 0 0 0 0 0 0 0 0 0 0 0 0 0 0 0,16384 0 0 0 0 0 0 0 0 0 0 0 0 0 0 0 0
dynamic,99,1431,5,0,0,16384,0,0,0.0,0.0,0 0 0 0 0 0 0 0 0 0 0 0 0 0 0 0,16384 0 0 0 0 0 0 0 0 0 0 0 0 0 0 0 0
dynamic,100,1432,5,0,0,16384,0,0,0.0,0.0,0 0 0 0 0 0 0 0 0 0 0 0 0 0 0 0,16384 0 0 0 0 0 0 0 0 0 0 0 0 0 0 0 0
dynamic,101,1433,5,0,0,16384,0,0,0.0,0.0,0 0 0 0 0 0 0 0 0 0 0 0 0 0 0 0,16384 0 0 0 0 0 0 0 0 0 0 0 0 0 0 0 0
dynamic,102,1446,5,0,0,16384,0,0,0.0,0.0,0 0 0 0 0 0 0 0 0 0 0 0 0 0 0 0,16384 0 0 0 0 0 0 0 0 0 0 0 0 0 0 0 0
dynamic,103,1447,5,0,0,16384,0,0,0.0,0.0,0 0 0 0 0 0 0 0 0 0 0 0 0 0 0 0,16384 0 0 0 0 0 0 0 0 0 0 0 0 0 0 0 0
dynamic,104,1448,5,0,0,16384,0,0,0.0,0.0,0 0 0 0 0 0 0 0 0 0 0 0 0 0 0 0,16384 0 0 0 0 0 0 0 0 0 0 0 0 0 0 0 0
dynamic,105,1449,5,0,0,16384,0,0,0.0,0.0,0 0 0 0 0 0 0 0 0 0 0 0 0 0 0 0,16384 0 0 0 0 0 0 0 0 0 0 0 0 0 0 0 0
dynamic,106,1144,4,0,0,16384,0,0,0.0,0.0,0 0 0 0 0 0 0 0 0 0 0 0 0 0 0 0,16384 0 0 0 0 0 0 0 0 0 0 0 0 0 0 0 0
dynamic,107,1145,4,0,0,16384,0,0,0.0,0.0,0 0 0 0 0 0 0 0 0 0 0 0 0 0 0 0,16384 0 0 0 0 0 0 0 0 0 0 0 0 0 0 0 0
dynamic,108,1159,4,0,0,16384,0,0,0.0,0.0,0 0 0 0 0 0 0 0 0 0 0 0 0 0 0 0,16384 0 0 0 0 0 0 0 0 0 0 0 0 0 0 0 0
dynamic,109,892,3,0,0,16384,0,0,0.0,0.0,0 0 0 0 0 0 0 0 0 0 0 0 0 0 0 0,16384 0 0 0 0 0 0 0 0 0 0 0 0 0 0 0 0
dynamic,110,893,3,0,0,16384,0,0,0.0,0.0,0 0 0 0 0 0 0 0 0 0 0 0 0 0 0 0,16384 0 0 0 0 0 0 0 0 0 0 0 0 0 0 0 0
dynamic,111,899,3,0,0,16384,0,0,0.0,0.0,0 0 0 0 0 0 0 0 0 0 0 0 0 0 0 0,16384 0 0 0 0 0 0 0 0 0 0 0 0 0 0 0 0
dynamic,112,900,3,0,0,16384,0,0,0.0,0.0,0 0 0 0 0 0 0 0 0 0 0 0 0 0 0 0,16384 0 0 0 0 0 0 0 0 0 0 0 0 0 0 0 0
dynamic,113,908,3,0,0,16384,0,0,0.0,0.0,0 0 0 0 0 0 0 0 0 0 0 0 0 0 0 0,16384 0 0 0 0 0 0 0 0 0 0 0 0 0 0 0 0
dynamic,114,909,3,0,0,16384,0,0,0.0,0.0,0 0 0 0 0 0 0 0 0 0 0 0 0 0 0 0,16384 0 0 0 0 0 0 0 0 0 0 0 0 0 0 0 0
dynamic,115,915,3,0,0,16384,0,0,0.0,0.0,0 0 0 0 0 0 0 0 0 0 0 0 0 0 0 0,16384 0 0 0 0 0 0 0 0 0 0 0 0 0 0 0 0
dynamic,116,924,3,0,0,16384,0,0,0.0,0.0,0 0 0 0 0 0 0 0 0 0 0 0 0 0 0 0,16384 0 0 0 0 0 0 0 0 0 0 0 0 0 0 0 0
dynamic,117,925,3,0,0,16384,0,0,0.0,0.0,0 0 0 0 0 0 0 0 0 0 0 0 0 0 0 0,16384 0 0 0 0 0 0 0 0 0 0 0 0 0 0 0 0
dynamic,118,926,3,0,0,16384,0,0,0.0,0.0,0 0 0 0 0 0 0 0 0 0 0 0 0 0 0 0,16384 0 0 0 0 0 0 0 0 0 0 0 0 0 0 0 0
dynamic,119,931,3,0,0,16384,0,0,0.0,0.0,0 0 0 0 0 0 0 0 0 0 0 0 0 0 0 0,16384 0 0 0 0 0 0 0 0 0 0 0 0 0 0 0 0
dynamic,120,940,3,0,0,16384,0,0,0.0,0.0,0 0 0 0 0 0 0 0 0 0 0 0 0 0 0 0,16384 0 0 0 0 0 0 0 0 0 0 0 0 0 0 0 0
dynamic,121,941,3,0,0,16384,0,0,0.0,0.0,0 0 0 0 0 0 0 0 0 0 0 0 0 0 0 0,16384 0 0 0 0 0 0 0 0 0 0 0 0 0 0 0 0
dynamic,122,942,3,0,0,16384,0,0,0.0,0.0,0 0 0 0 0 0 0 0 0 0 0 0 0 0 0 0,16384 0 0 0 0 0 0 0 0 0 0 0 0 0 0 0 0
dynamic,123,947,3,0,0,16384,0,0,0.0,0.0,0 0 0 0 0 0 0 0 0 0 0 0 0 0 0 0,16384 0 0 0 0 0 0 0 0 0 0 0 0 0 0 0 0
dynamic,124,957,3,0,0,16384,0,0,0.0,0.0,0 0 0 0 0 0 0 0 0 0 0 0 0 0 0 0,16384 0 0 0 0 0 0 0 0 0 0 0 0 0 0 0 0
dynamic,125,958,3,0,0,16384,0,0,0.0,0.0,0 0 0 0 0 0 0 0 0 0 0 0 0 0 0 0,16384 0 0 0 0 0 0 0 0 0 0 0 0 0 0 0 0
dynamic,126,963,3,0,0,16384,0,0,0.0,0.0,0 0 0 0 0 0 0 0 0 0 0 0 0 0 0 0,16384 0 0 0 0 0 0 0 0 0 0 0 0 0 0 0 0
dynamic,127,964,3,0,0,16384,0,0,0.0,0.0,0 0 0 0 0 0 0 0 0 0 0 0 0 0 0 0,16384 0 0 0 0 0 0 0 0 0 0 0 0 0 0 0 0
dynamic,128,966,3,0,0,16384,0,0,0.0,0.0,0 0 0 0 0 0 0 0 0 0 0 0 0 0 0 0,16384 0 0 0 0 0 0 0 0 0 0 0 0 0 0 0 0
dynamic,129,968,3,0,0,16384,0,0,0.0,0.0,0 0 0 0 0 0 0 0 0 0 0 0 0 0 0 0,16384 0 0 0 0 0 0 0 0 0 0 0 0 0 0 0 0
dynamic,130,969,3,0,0,16384,0,0,0.0,0.0,0 0 0 0 0 0 0 0 0 0 0 0 0 0 0 0,16384 0 0 0 0 0 0 0 0 0 0 0 0 0 0 0 0
dynamic,131,970,3,0,0,16384,0,0,0.0,0.0,0 0 0 0 0 0 0 0 0 0 0 0 0 0 0 0,16384 0 0 0 0 0 0 0 0 0 0 0 0 0 0 0 0
dynamic,132,971,3,0,0,16384,0,0,0.0,0.0,0 0 0 0 0 0 0 0 0 0 0 0 0 0 0 0,16384 0 0 0 0 0 0 0 0 0 0 0 0 0 0 0 0
dynamic,133,974,3,0,0,16384,0,0,0.0,0.0,0 0 0 0 0 0 0 0 0 0 0 0 0 0 0 0,16384 0 0 0 0 0 0 0 0 0 0 0 0 0 0 0 0
dynamic,134,979,3,0,0,16384,0,0,0.0,0.0,0 0 0 0 0 0 0 0 0 0 0 0 0 0 0 0,16384 0 0 0 0 0 0 0 0 0 0 0 0 0 0 0 0
dynamic,135,982,3,0,0,16384,0,0,0.0,0.0,0 0 0 0 0 0 0 0 0 0 0 0 0 0 0 0,16384 0 0 0 0 0 0 0 0 0 0 0 0 0 0 0 0
dynamic,136,983,3,0,0,16384,0,0,0.0,0.0,0 0 0 0 0 0 0 0 0 0 0 0 0 0 0 0,16384 0 0 0 0 0 0 0 0 0 0 0 0 0 0 0 0
dynamic,137,984,3,0,0,16384,0,0,0.0,0.0,0 0 0 0 0 0 0 0 0 0 0 0 0 0 0 0,16384 0 0 0 0 0 0 0 0 0 0 0 0 0 0 0 0
dynamic,138,985,3,0,0,16384,0,0,0.0,0.0,0 0 0 0 0 0 0 0 0 0 0 0 0 0 0 0,16384 0 0 0 0 0 0 0 0 0 0 0 0 0 0 0 0
dynamic,139,986,3,0,0,16384,0,0,0.0,0.0,0 0 0 0 0 0 0 0 0 0 0 0 0 0 0 0,16384 0 0 0 0 0 0 0 0 0 0 0 0 0 0 0 0
dynamic,140,990,3,0,0,16384,0,0,0.0,0.0,0 0 0 0 0 0 0 0 0 0 0 0 0 0 0 0,16384 0 0 0 0 0 0 0 0 0 0 0 0 0 0 0 0
dynamic,141,995,3,0,0,16384,0,0,0.0,0.0,0 0 0 0 0 0 0 0 0 0 0 0 0 0 0 0,16384 0 0 0 0 0 0 0 0 0 0 0 0 0 0 0 0
dynamic,142,997,3,0,0,16384,0,0,0.0,0.0,0 0 0 0 0 0 0 0 0 0 0 0 0 0 0 0,16384 0 0 0 0 0 0 0 0 0 0 0 0 0 0 0 0
dynamic,143,998,3,0,0,16384,0,0,0.0,0.0,0 0 0 0 0 0 0 0 0 0 0 0 0 0 0 0,16384 0 0 0 0 0 0 0 0 0 0 0 0 0 0 0 0
dynamic,144,999,3,0,0,16384,0,0,0.0,0.0,0 0 0 0 0 0 0 0 0 0 0 0 0 0 0 0,16384 0 0 0 0 0 0 0 0 0 0 0 0 0 0 0 0
dynamic,145,1000,3,0,0,16384,0,0,0.0,0.0,0 0 0 0 0 0 0 0 0 0 0 0 0 0 0 0,16384 0 0 0 0 0 0 0 0 0 0 0 0 0 0 0 0
dynamic,146,1001,3,0,0,16384,0,0,0.0,0.0,0 0 0 0 0 0 0 0 0 0 0 0 0 0 0 0,16384 0 0 0 0 0 0 0 0 0 0 0 0 0 0 0 0
dynamic,147,1002,3,0,0,16384,0,0,0.0,0.0,0 0 0 0 0 0 0 0 0 0 0 0 0 0 0 0,16384 0 0 0 0 0 0 0 0 0 0 0 0 0 0 0 0
dynamic,148,1003,3,0,0,16384,0,0,0.0,0.0,0 0 0 0 0 0 0 0 0 0 0 0 0 0 0 0,16384 0 0 0 0 0 0 0 0 0 0 0 0 0 0 0 0
dynamic,149,1004,3,0,0,16384,0,0,0.0,0.0,0 0 0 0 0 0 0 0 0 0 0 0 0 0 0 0,16384 0 0 0 0 0 0 0 0 0 0 0 0 0 0 0 0
dynamic,150,1005,3,0,0,16384,0,0,0.0,0.0,0 0 0 0 0 0 0 0 0 0 0 0 0 0 0 0,16384 0 0 0 0 0 0 0 0 0 0 0 0 0 0 0 0
dynamic,151,1006,3,0,0,16384,0,0,0.0,0.0,0 0 0 0 0 0 0 0 0 0 0 0 0 0 0 0,16384 0 0 0 0 0 0 0 0 0 0 0 0 0 0 0 0
dynamic,152,1011,3,0,0,16384,0,0,0.0,0.0,0 0 0 0 0 0 0 0 0 0 0 0 0 0 0 0,16384 0 0 0 0 0 0 0 0 0 0 0 0 0 0 0 0
dynamic,153,1013,3,0,0,16384,0,0,0.0,0.0,0 0 0 0 0 0 0 0 0 0 0 0 0 0 0 0,16384 0 0 0 0 0 0 0 0 0 0 0 0 0 0 0 0
dynamic,154,1014,3,0,0,16384,0,0,0.0,0.0,0 0 0 0 0 0 0 0 0 0 0 0 0 0 0 0,16384 0 0 0 0 0 0 0 0 0 0 0 0 0 0 0 0
dynamic,155,1015,3,0,0,16384,0,0,0.0,0.0,0 0 0 0 0 0 0 0 0 0 0 0 0 0 0 0,16384 0 0 0 0 0 0 0 0 0 0 0 0 0 0 0 0
dynamic,156,1016,3,0,0,16384,0,0,0.0,0.0,0 0 0 0 0 0 0 0 0 0 0 0 0 0 0 0,16384 0 0 0 0 0 0 0 0 0 0 0 0 0 0 0 0
dynamic,157,1017,3,0,0,16384,0,0,0.0,0.0,0 0 0 0 0 0 0 0 0 0 0 0 0 0 0 0,16384 0 0 0 0 0 0 0 0 0 0 0 0 0 0 0 0
dynamic,158,632,2,0,0,16384,0,0,0.0,0.0,0 0 0 0 0 0 0 0 0 0 0 0 0 0 0 0,16384 0 0 0 0 0 0 0 0 0 0 0 0 0 0 0 0
dynamic,159,633,2,0,0,16384,0,0,0.0,0.0,0 0 0 0 0 0 0 0 0 0 0 0 0 0 0 0,16384 0 0 0 0 0 0 0 0 0 0 0 0 0 0 0 0
dynamic,160,634,2,0,0,16384,0,0,0.0,0.0,0 0 0 0 0 0 0 0 0 0 0 0 0 0 0 0,16384 0 0 0 0 0 0 0 0 0 0 0 0 0 0 0 0
dynamic,161,636,2,0,0,16384,0,0,0.0,0.0,0 0 0 0 0 0 0 0 0 0 0 0 0 0 0 0,16384 0 0 0 0 0 0 0 0 0 0 0 0 0 0 0 0
dynamic,162,645,2,0,0,16384,0,0,0.0,0.0,0 0 0 0 0 0 0 0 0 0 0 0 0 0 0 0,16384 0 0 0 0 0 0 0 0 0 0 0 0 0 0 0 0
dynamic,163,646,2,0,0,16384,0,0,0.0,0.0,0 0 0 0 0 0 0 0 0 0 0 0 0 0 0 0,16384 0 0 0 0 0 0 0 0 0 0 0 0 0 0 0 0
dynamic,164,647,2,0,0,16384,0,0,0.0,0.0,0 0 0 0 0 0 0 0 0 0 0 0 0 0 0 0,16384 0 0 0 0 0 0 0 0 0 0 0 0 0 0 0 0
dynamic,165,648,2,0,0,16384,0,0,0.0,0.0,0 0 0 0 0 0 0 0 0 0 0 0 0 0 0 0,16384 0 0 0 0 0 0 0 0 0 0 0 0 0 0 0 0
dynamic,166,649,2,0,0,16384,0,0,0.0,0.0,0 0 0 0 0 0 0 0 0 0 0 0 0 0 0 0,16384 0 0 0 0 0 0 0 0 0 0 0 0 0 0 0 0
dynamic,167,650,2,0,0,16384,0,0,0.0,0.0,0 0 0 0 0 0 0 0 0 0 0 0 0 0 0 0,16384 0 0 0 0 0 0 0 0 0 0 0 0 0 0 0 0
dynamic,168,662,2,0,0,16384,0,0,0.0,0.0,0 0 0 0 0 0 0 0 0 0 0 0 0 0 0 0,16384 0 0 0 0 0 0 0 0 0 0 0 0 0 0 0 0
dynamic,169,663,2,0,0,16384,0,0,0.0,0.0,0 0 0 0 0 0 0 0 0 0 0 0 0 0 0 0,16384 0 0 0 0 0 0 0 0 0 0 0 0 0 0 0 0
dynamic,170,664,2,0,0,16384,0,0,0.0,0.0,0 0 0 0 0 0 0 0 0 0 0 0 0 0 0 0,16384 0 0 0 0 0 0 0 0 0 0 0 0 0 0 0 0
dynamic,171,665,2,0,0,16384,0,0,0.0,0.0,0 0 0 0 0 0 0 0 0 0 0 0 0 0 0 0,16384 0 0 0 0 0 0 0 0 0 0 0 0 0 0 0 0
dynamic,172,666,2,0,0,16384,0,0,0.0,0.0,0 0 0 0 0 0 0 0 0 0 0 0 0 0 0 0,16384 0 0 0 0 0 0 0 0 0 0 0 0 0 0 0 0
dynamic,173,678,2,0,0,16384,0,0,0.0,0.0,0 0 0 0 0 0 0 0 0 0 0 0 0 0 0 0,16384 0 0 0 0 0 0 0 0 0 0 0 0 0 0 0 0
dynamic,174,679,2,0,0,16384,0,0,0.0,0.0,0 0 0 0 0 0 0 0 0 0 0 0 0 0 0 0,16384 0 0 0 0 0 0 0 0 0 0 0 0 0 0 0 0
dynamic,175,680,2,0,0,16384,0,0,0.0,0.0,0 0 0 0 0 0 0 0 0 0 0 0 0 0 0 0,16384 0 0 0 0 0 0 0 0 0 0 0 0 0 0 0 0
dynamic,176,681,2,0,0,16384,0,0,0.0,0.0,0 0 0 0 0 0 0 0 0 0 0 0 0 0 0 0,16384 0 0 0 0 0 0 0 0 0 0 0 0 0 0 0 0
dynamic,177,682,2,0,0,16384,0,0,0.0,0.0,0 0 0 0 0 0 0 0 0 0 0 0 0 0 0 0,16384 0 0 0 0 0 0 0 0 0 0 0 0 0 0 0 0
dynamic,178,685,2,0,0,16384,0,0,0.0,0.0,0 0 0 0 0 0 0 0 0 0 0 0 0 0 0 0,16384 0 0 0 0 0 0 0 0 0 0 0 0 0 0 0 0
dynamic,179,688,2,0,0,16384,0,0,0.0,0.0,0 0 0 0 0 0 0 0 0 0 0 0 0 0 0 0,16384 0 0 0 0 0 0 0 0 0 0 0 0 0 0 0 0
dynamic,180,694,2,0,0,16384,0,0,0.0,0.0,0 0 0 0 0 0 0 0 0 0 0 0 0 0 0 0,16384 0 0 0 0 0 0 0 0 0 0 0 0 0 0 0 0
dynamic,181,695,2,0,0,16384,0,0,0.0,0.0,0 0 0 0 0 0 0 0 0 0 0 0 0 0 0 0,16384 0 0 0 0 0 0 0 0 0 0 0 0 0 0 0 0
dynamic,182,696,2,0,0,16384,0,0,0.0,0.0,0 0 0 0 0 0 0 0 0 0 0 0 0 0 0 0,16384 0 0 0 0 0 0 0 0 0 0 0 0 0 0 0 0
dynamic,183,697,2,0,0,16384,0,0,0.0,0.0,0 0 0 0 0 0 0 0 0 0 0 0 0 0 0 0,16384 0 0 0 0 0 0 0 0 0 0 0 0 0 0 0 0
dynamic,184,698,2,0,0,16384,0,0,0.0,0.0,0 0 0 0 0 0 0 0 0 0 0 0 0 0 0 0,16384 0 0 0 0 0 0 0 0 0 0 0 0 0 0 0 0
dynamic,185,701,2,0,0,16384,0,0,0.0,0.0,0 0 0 0 0 0 0 0 0 0 0 0 0 0 0 0,16384 0 0 0 0 0 0 0 0 0 0 0 0 0 0 0 0
dynamic,186,704,2,0,0,16384,0,0,0.0,0.0,0 0 0 0 0 0 0 0 0 0 0 0 0 0 0 0,16384 0 0 0 0 0 0 0 0 0 0 0 0 0 0 0 0
dynamic,187,707,2,0,0,16384,0,0,0.0,0.0,0 0 0 0 0 0 0 0 0 0 0 0 0 0 0 0,16384 0 0 0 0 0 0 0 0 0 0 0 0 0 0 0 0
dynamic,188,710,2,0,0,16384,0,0,0.0,0.0,0 0 0 0 0 0 0 0 0 0 0 0 0 0 0 0,16384 0 0 0 0 0 0 0 0 0 0 0 0 0 0 0 0
dynamic,189,711,2,0,0,16384,0,0,0.0,0.0,0 0 0 0 0 0 0 0 0 0 0 0 0 0 0 0,16384 0 0 0 0 0 0 0 0 0 0 0 0 0 0 0 0
dynamic,190,712,2,0,0,16384,0,0,0.0,0.0,0 0 0 0 0 0 0 0 0 0 0 0 0 0 0 0,16384 0 0 0 0 0 0 0 0 0 0 0 0 0 0 0 0
dynamic,191,713,2,0,0,16384,0,0,0.0,0.0,0 0 0 0 0 0 0 0 0 0 0 0 0 0 0 0,16384 0 0 0 0 0 0 0 0 0 0 0 0 0 0 0 0
dynamic,192,714,2,0,0,16384,0,0,0.0,0.0,0 0 0 0 0 0 0 0 0 0 0 0 0 0 0 0,16384 0 0 0 0 0 0 0 0 0 0 0 0 0 0 0 0
dynamic,193,717,2,0,0,16384,0,0,0.0,0.0,0 0 0 0 0 0 0 0 0 0 0 0 0 0 0 0,16384 0 0 0 0 0 0 0 0 0 0 0 0 0 0 0 0
dynamic,194,720,2,0,0,16384,0,0,0.0,0.0,0 0 0 0 0 0 0 0 0 0 0 0 0 0 0 0,16384 0 0 0 0 0 0 0 0 0 0 0 0 0 0 0 0
dynamic,195,723,2,0,0,16384,0,0,0.0,0.0,0 0 0 0 0 0 0 0 0 0 0 0 0 0 0 0,16384 0 0 0 0 0 0 0 0 0 0 0 0 0 0 0 0
dynamic,196,724,2,0,0,16384,0,0,0.0,0.0,0 0 0 0 0 0 0 0 0 0 0 0 0 0 0 0,16384 0 0 0 0 0 0 0 0 0 0 0 0 0 0 0 0
dynamic,197,725,2,0,0,16384,0,0,0.0,0.0,0 0 0 0 0 0 0 0 0 0 0 0 0 0 0 0,16384 0 0 0 0 0 0 0 0 0 0 0 0 0 0 0 0
dynamic,198,726,2,0,0,16384,0,0,0.0,0.0,0 0 0 0 0 0 0 0 0 0 0 0 0 0 0 0,16384 0 0 0 0 0 0 0 0 0 0 0 0 0 0 0 0
dynamic,199,727,2,0,0,16384,0,0,0.0,0.0,0 0 0 0 0 0 0 0 0 0 0 0 0 0 0 0,16384 0 0 0 0 0 0 0 0 0 0 0 0 0 0 0 0
dynamic,200,728,2,0,0,16384,0,0,0.0,0.0,0 0 0 0 0 0 0 0 0 0 0 0 0 0 0 0,16384 0 0 0 0 0 0 0 0 0 0 0 0 0 0 0 0
dynamic,201,729,2,0,0,16384,0,0,0.0,0.0,0 0 0 0 0 0 0 0 0 0 0 0 0 0 0 0,16384 0 0 0 0 0 0 0 0 0 0 0 0 0 0 0 0
dynamic,202,730,2,0,0,16384,0,0,0.0,0.0,0 0 0 0 0 0 0 0 0 0 0 0 0 0 0 0,16384 0 0 0 0 0 0 0 0 0 0 0 0 0 0 0 0
dynamic,203,731,2,0,0,16384,0,0,0.0,0.0,0 0 0 0 0 0 0 0 0 0 0 0 0 0 0 0,16384 0 0 0 0 0 0 0 0 0 0 0 0 0 0 0 0
dynamic,204,732,2,0,0,16384,0,0,0.0,0.0,0 0 0 0 0 0 0 0 0 0 0 0 0 0 0 0,16384 0 0 0 0 0 0 0 0 0 0 0 0 0 0 0 0
dynamic,205,733,2,0,0,16384,0,0,0.0,0.0,0 0 0 0 0 0 0 0 0 0 0 0 0 0 0 0,16384 0 0 0 0 0 0 0 0 0 0 0 0 0 0 0 0
dynamic,206,736,2,0,0,16384,0,0,0.0,0.0,0 0 0 0 0 0 0 0 0 0 0 0 0 0 0 0,16384 0 0 0 0 0 0 0 0 0 0 0 0 0 0 0 0
dynamic,207,737,2,0,0,16384,0,0,0.0,0.0,0 0 0 0 0 0 0 0 0 0 0 0 0 0 0 0,16384 0 0 0 0 0 0 0 0 0 0 0 0 0 0 0 0
dynamic,208,739,2,0,0,16384,0,0,0.0,0.0,0 0 0 0 0 0 0 0 0 0 0 0 0 0 0 0,16384 0 0 0 0 0 0 0 0 0 0 0 0 0 0 0 0
dynamic,209,740,2,0,0,16384,0,0,0.0,0.0,0 0 0 0 0 0 0 0 0 0 0 0 0 0 0 0,16384 0 0 0 0 0 0 0 0 0 0 0 0 0 0 0 0
dynamic,210,741,2,0,0,16384,0,0,0.0,0.0,0 0 0 0 0 0 0 0 0 0 0 0 0 0 0 0,16384 0 0 0 0 0 0 0 0 0 0 0 0 0 0 0 0
dynamic,211,742,2,0,0,16384,0,0,0.0,0.0,0 0 0 0 0 0 0 0 0 0 0 0 0 0 0 0,16384 0 0 0 0 0 0 0 0 0 0 0 0 0 0 0 0
dynamic,212,743,2,0,0,16384,0,0,0.0,0.0,0 0 0 0 0 0 0 0 0 0 0 0 0 0 0 0,16384 0 0 0 0 0 0 0 0 0 0 0 0 0 0 0 0
dynamic,213,744,2,0,0,16384,0,0,0.0,0.0,0 0 0 0 0 0 0 0 0 0 0 0 0 0 0 0,16384 0 0 0 0 0 0 0 0 0 0 0 0 0 0 0 0
dynamic,214,745,2,0,0,16384,0,0,0.0,0.0,0 0 0 0 0 0 0 0 0 0 0 0 0 0 0 0,16384 0 0 0 0 0 0 0 0 0 0 0 0 0 0 0 0
dynamic,215,746,2,0,0,16384,0,0,0.0,0.0,0 0 0 0 0 0 0 0 0 0 0 0 0 0 0 0,16384 0 0 0 0 0 0 0 0 0 0 0 0 0 0 0 0
dynamic,216,747,2,0,0,16384,0,0,0.0,0.0,0 0 0 0 0 0 0 0 0 0 0 0 0 0 0 0,16384 0 0 0 0 0 0 0 0 0 0 0 0 0 0 0 0
dynamic,217,748,2,0,0,16384,0,0,0.0,0.0,0 0 0 0 0 0 0 0 0 0 0 0 0 0 0 0,16384 0 0 0 0 0 0 0 0 0 0 0 0 0 0 0 0
dynamic,218,749,2,0,0,16384,0,0,0.0,0.0,0 0 0 0 0 0 0 0 0 0 0 0 0 0 0 0,16384 0 0 0 0 0 0 0 0 0 0 0 0 0 0 0 0
dynamic,219,752,2,0,0,16384,0,0,0.0,0.0,0 0 0 0 0 0 0 0 0 0 0 0 0 0 0 0,16384 0 0 0 0 0 0 0 0 0 0 0 0 0 0 0 0
dynamic,220,755,2,0,0,16384,0,0,0.0,0.0,0 0 0 0 0 0 0 0 0 0 0 0 0 0 0 0,16384 0 0 0 0 0 0 0 0 0 0 0 0 0 0 0 0
dynamic,221,756,2,0,0,16384,0,0,0.0,0.0,0 0 0 0 0 0 0 0 0 0 0 0 0 0 0 0,16384 0 0 0 0 0 0 0 0 0 0 0 0 0 0 0 0
dynamic,222,757,2,0,0,16384,0,0,0.0,0.0,0 0 0 0 0 0 0 0 0 0 0 0 0 0 0 0,16384 0 0 0 0 0 0 0 0 0 0 0 0 0 0 0 0
dynamic,223,758,2,0,0,16384,0,0,0.0,0.0,0 0 0 0 0 0 0 0 0 0 0 0 0 0 0 0,16384 0 0 0 0 0 0 0 0 0 0 0 0 0 0 0 0
dynamic,224,759,2,0,0,16384,0,0,0.0,0.0,0 0 0 0 0 0 0 0 0 0 0 0 0 0 0 0,16384 0 0 0 0 0 0 0 0 0 0 0 0 0 0 0 0
dynamic,225,760,2,0,0,16384,0,0,0.0,0.0,0 0 0 0 0 0 0 0 0 0 0 0 0 0 0 0,16384 0 0 0 0 0 0 0 0 0 0 0 0 0 0 0 0
dynamic,226,761,2,0,0,16384,0,0,0.0,0.0,0 0 0 0 0 0 0 0 0 0 0 0 0 0 0 0,16384 0 0 0 0 0 0 0 0 0 0 0 0 0 0 0 0
dynamic,227,762,2,0,0,16384,0,0,0.0,0.0,0 0 0 0 0 0 0 0 0 0 0 0 0 0 0 0,16384 0 0 0 0 0 0 0 0 0 0 0 0 0 0 0 0
dynamic,228,763,2,0,0,16384,0,0,0.0,0.0,0 0 0 0 0 0 0 0 0 0 0 0 0 0 0 0,16384 0 0 0 0 0 0 0 0 0 0 0 0 0 0 0 0
dynamic,229,764,2,0,0,16384,0,0,0.0,0.0,0 0 0 0 0 0 0 0 0 0 0 0 0 0 0 0,16384 0 0 0 0 0 0 0 0 0 0 0 0 0 0 0 0
dynamic,230,382,1,0,0,16384,0,0,0.0,0.0,0 0 0 0 0 0 0 0 0 0 0 0 0 0 0 0,16384 0 0 0 0 0 0 0 0 0 0 0 0 0 0 0 0
dynamic,231,383,1,0,0,16384,0,0,0.0,0.0,0 0 0 0 0 0 0 0 0 0 0 0 0 0 0 0,16384 0 0 0 0 0 0 0 0 0 0 0 0 0 0 0 0
dynamic,232,399,1,0,0,16384,0,0,0.0,0.0,0 0 0 0 0 0 0 0 0 0 0 0 0 0 0 0,16384 0 0 0 0 0 0 0 0 0 0 0 0 0 0 0 0
dynamic,233,400,1,0,0,16384,0,0,0.0,0.0,0 0 0 0 0 0 0 0 0 0 0 0 0 0 0 0,16384 0 0 0 0 0 0 0 0 0 0 0 0 0 0 0 0
dynamic,234,401,1,0,0,16384,0,0,0.0,0.0,0 0 0 0 0 0 0 0 0 0 0 0 0 0 0 0,16384 0 0 0 0 0 0 0 0 0 0 0 0 0 0 0 0
dynamic,235,415,1,0,0,16384,0,0,0.0,0.0,0 0 0 0 0 0 0 0 0 0 0 0 0 0 0 0,16384 0 0 0 0 0 0 0 0 0 0 0 0 0 0 0 0
dynamic,236,416,1,0,0,16384,0,0,0.0,0.0,0 0 0 0 0 0 0 0 0 0 0 0 0 0 0 0,16384 0 0 0 0 0 0 0 0 0 0 0 0 0 0 0 0
dynamic,237,417,1,0,0,16384,0,0,0.0,0.0,0 0 0 0 0 0 0 0 0 0 0 0 0 0 0 0,16384 0 0 0 0 0 0 0 0 0 0 0 0 0 0 0 0
dynamic,238,430,1,0,0,16384,0,0,0.0,0.0,0 0 0 0 0 0 0 0 0 0 0 0 0 0 0 0,16384 0 0 0 0 0 0 0 0 0 0 0 0 0 0 0 0
dynamic,239,431,1,0,0,16384,0,0,0.0,0.0,0 0 0 0 0 0 0 0 0 0 0 0 0 0 0 0,16384 0 0 0 0 0 0 0 0 0 0 0 0 0 0 0 0
dynamic,240,432,1,0,0,16384,0,0,0.0,0.0,0 0 0 0 0 0 0 0 0 0 0 0 0 0 0 0,16384 0 0 0 0 0 0 0 0 0 0 0 0 0 0 0 0
dynamic,241,433,1,0,0,16384,0,0,0.0,0.0,0 0 0 0 0 0 0 0 0 0 0 0 0 0 0 0,16384 0 0 0 0 0 0 0 0 0 0 0 0 0 0 0 0
dynamic,242,434,1,0,0,16384,0,0,0.0,0.0,0 0 0 0 0 0 0 0 0 0 0 0 0 0 0 0,16384 0 0 0 0 0 0 0 0 0 0 0 0 0 0 0 0
dynamic,243,435,1,0,0,16384,0,0,0.0,0.0,0 0 0 0 0 0 0 0 0 0 0 0 0 0 0 0,16384 0 0 0 0 0 0 0 0 0 0 0 0 0 0 0 0
dynamic,244,446,1,0,0,16384,0,0,0.0,0.0,0 0 0 0 0 0 0 0 0 0 0 0 0 0 0 0,16384 0 0 0 0 0 0 0 0 0 0 0 0 0 0 0 0
dynamic,245,447,1,0,0,16384,0,0,0.0,0.0,0 0 0 0 0 0 0 0 0 0 0 0 0 0 0 0,16384 0 0 0 0 0 0 0 0 0 0 0 0 0 0 0 0
dynamic,246,448,1,0,0,16384,0,0,0.0,0.0,0 0 0 0 0 0 0 0 0 0 0 0 0 0 0 0,16384 0 0 0 0 0 0 0 0 0 0 0 0 0 0 0 0
dynamic,247,449,1,0,0,16384,0,0,0.0,0.0,0 0 0 0 0 0 0 0 0 0 0 0 0 0 0 0,16384 0 0 0 0 0 0 0 0 0 0 0 0 0 0 0 0
dynamic,248,450,1,0,0,16384,0,0,0.0,0.0,0 0 0 0 0 0 0 0 0 0 0 0 0 0 0 0,16384 0 0 0 0 0 0 0 0 0 0 0 0 0 0 0 0
dynamic,249,451,1,0,0,16384,0,0,0.0,0.0,0 0 0 0 0 0 0 0 0 0 0 0 0 0 0 0,16384 0 0 0 0 0 0 0 0 0 0 0 0 0 0 0 0
dynamic,250,462,1,0,0,16384,0,0,0.0,0.0,0 0 0 0 0 0 0 0 0 0 0 0 0 0 0 0,16384 0 0 0 0 0 0 0 0 0 0 0 0 0 0 0 0
dynamic,251,463,1,0,0,16384,0,0,0.0,0.0,0 0 0 0 0 0 0 0 0 0 0 0 0 0 0 0,16384 0 0 0 0 0 0 0 0 0 0 0 0 0 0 0 0
dynamic,252,464,1,0,0,16384,0,0,0.0,0.0,0 0 0 0 0 0 0 0 0 0 0 0 0 0 0 0,16384 0 0 0 0 0 0 0 0 0 0 0 0 0 0 0 0
dynamic,253,465,1,0,0,16384,0,0,0.0,0.0,0 0 0 0 0 0 0 0 0 0 0 0 0 0 0 0,16384 0 0 0 0 0 0 0 0 0 0 0 0 0 0 0 0
dynamic,254,466,1,0,0,16384,0,0,0.0,0.0,0 0 0 0 0 0 0 0 0 0 0 0 0 0 0 0,16384 0 0 0 0 0 0 0 0 0 0 0 0 0 0 0 0
dynamic,255,467,1,0,0,16384,0,0,0.0,0.0,0 0 0 0 0 0 0 0 0 0 0 0 0 0 0 0,16384 0 0 0 0 0 0 0 0 0 0 0 0 0 0 0 0
